-- MySQL dump 10.13  Distrib 5.6.26, for Win64 (x86_64)
--
-- Host: 173.194.234.205    Database: spinnerDB
-- ------------------------------------------------------
-- Server version	5.6.30

/*!40101 SET @OLD_CHARACTER_SET_CLIENT=@@CHARACTER_SET_CLIENT */;
/*!40101 SET @OLD_CHARACTER_SET_RESULTS=@@CHARACTER_SET_RESULTS */;
/*!40101 SET @OLD_COLLATION_CONNECTION=@@COLLATION_CONNECTION */;
/*!40101 SET NAMES utf8 */;
/*!40103 SET @OLD_TIME_ZONE=@@TIME_ZONE */;
/*!40103 SET TIME_ZONE='+00:00' */;
/*!40014 SET @OLD_UNIQUE_CHECKS=@@UNIQUE_CHECKS, UNIQUE_CHECKS=0 */;
/*!40014 SET @OLD_FOREIGN_KEY_CHECKS=@@FOREIGN_KEY_CHECKS, FOREIGN_KEY_CHECKS=0 */;
/*!40101 SET @OLD_SQL_MODE=@@SQL_MODE, SQL_MODE='NO_AUTO_VALUE_ON_ZERO' */;
/*!40111 SET @OLD_SQL_NOTES=@@SQL_NOTES, SQL_NOTES=0 */;

--
-- Table structure for table `class`
--

DROP TABLE IF EXISTS `class`;
/*!40101 SET @saved_cs_client     = @@character_set_client */;
/*!40101 SET character_set_client = utf8 */;
CREATE TABLE `class` (
  `classId` int(11) NOT NULL AUTO_INCREMENT,
  `className` varchar(20) NOT NULL,
  `hyperLink` varchar(255) DEFAULT NULL,
  PRIMARY KEY (`classId`)
) ENGINE=InnoDB AUTO_INCREMENT=8 DEFAULT CHARSET=utf8;
/*!40101 SET character_set_client = @saved_cs_client */;

--
-- Dumping data for table `class`
--

LOCK TABLES `class` WRITE;
/*!40000 ALTER TABLE `class` DISABLE KEYS */;
INSERT INTO `class` VALUES (1,'KY SPINNERS',NULL),(2,'TRX In & Out','http://maayangilat.wix.com/trxoutdoor#!-/cbwn'),(3,'Test Class',NULL),(4,'Rotem Sapir',NULL),(5,'NATALI Studio',NULL),(6,'NATALI Private',NULL),(7,'KY BANDS',NULL);
/*!40000 ALTER TABLE `class` ENABLE KEYS */;
UNLOCK TABLES;

--
-- Table structure for table `events`
--

DROP TABLE IF EXISTS `events`;
/*!40101 SET @saved_cs_client     = @@character_set_client */;
/*!40101 SET character_set_client = utf8 */;
CREATE TABLE `events` (
  `eventId` int(11) NOT NULL AUTO_INCREMENT,
  `classId` int(11) NOT NULL,
  `eventName` varchar(20) NOT NULL,
  `fromDate` datetime NOT NULL,
  `toDate` datetime DEFAULT NULL,
  `openDate` datetime DEFAULT CURRENT_TIMESTAMP,
  `lockTime` int(11) DEFAULT '0',
  `maxCapacity` int(11) DEFAULT NULL,
  `instructorId` int(11) DEFAULT NULL,
  `address` varchar(255) DEFAULT NULL,
  `comments` varchar(255) DEFAULT NULL,
  `created` datetime DEFAULT CURRENT_TIMESTAMP,
  `lastUpdated` datetime DEFAULT CURRENT_TIMESTAMP ON UPDATE CURRENT_TIMESTAMP,
  `status` varchar(255) DEFAULT 'EVENT_OPEN',
  PRIMARY KEY (`eventId`,`classId`,`eventName`,`fromDate`),
  KEY `classId` (`classId`),
  KEY `instructorId` (`instructorId`),
  CONSTRAINT `events_ibfk_1` FOREIGN KEY (`classId`) REFERENCES `class` (`classId`),
  CONSTRAINT `events_ibfk_2` FOREIGN KEY (`instructorId`) REFERENCES `person` (`personId`)
) ENGINE=InnoDB AUTO_INCREMENT=1640 DEFAULT CHARSET=utf8;
/*!40101 SET character_set_client = @saved_cs_client */;

--
-- Dumping data for table `events`
--

LOCK TABLES `events` WRITE;
/*!40000 ALTER TABLE `events` DISABLE KEYS */;
INSERT INTO `events` VALUES (628,1,'Friday - AM1','2016-07-01 04:30:00','2016-07-01 05:30:00','2016-06-23 14:00:00',0,19,1079,'מתנס כוכב יאיר','שיעור ספינינג מתנס כוכב יאיר','2016-05-26 19:09:49','2016-07-01 04:59:11','EVENT_LOCKED'),(629,1,'Friday - AM2','2016-07-01 05:30:00','2016-07-01 06:30:00','2016-06-23 14:00:00',0,19,1079,'מתנס כוכב יאיר','שיעור ספינינג מתנס כוכב יאיר','2016-05-26 19:09:49','2016-07-01 05:47:33','EVENT_LOCKED'),(757,2,'TEEN OUT DOOR','2016-06-30 16:30:00','2016-06-30 17:20:00','2016-06-01 05:00:00',600,10,1201,'גן שעשועים כוכב יאיר','שיעור נערות לגילאי 14-18','2016-05-28 19:14:12','2016-06-30 16:56:34','EVENT_LOCKED'),(758,2,'TRX OUT DOOR - PM','2016-06-30 17:30:00','2016-06-30 18:20:00','2016-06-01 05:00:00',600,10,1201,'גן שעשועים כוכב יאיר','','2016-05-28 19:14:12','2016-06-30 17:36:22','EVENT_LOCKED'),(759,2,'TRH HIIT - AM','2016-07-01 05:30:00','2016-07-01 06:20:00','2016-06-01 05:00:00',600,12,1077,'סטודיו כוכב יאיר','','2016-05-28 19:14:12','2016-07-01 05:36:16','EVENT_LOCKED'),(761,2,'TRX 360 - AM','2016-07-02 07:00:00','2016-07-02 07:50:00','2016-06-01 05:00:00',600,12,-1,'סטודיו כוכב יאיר','אימון תחנות פונקציונאלי - סבב מדריכים','2016-05-28 19:14:12','2016-07-02 09:15:47','EVENT_LOCKED'),(1050,1,'Sunday - AM','2016-07-03 05:00:00','2016-07-03 06:00:00','2016-06-30 14:00:00',0,19,1076,'מתנס כוכב יאיר','שיעור ספינינג מתנס כוכב יאיר','2016-06-27 17:29:30','2016-07-03 05:00:32','EVENT_LOCKED'),(1051,1,'Sunday - PM','2016-07-03 16:15:00','2016-07-03 17:15:00','2016-06-30 14:00:00',0,19,1076,'מתנס כוכב יאיר','שיעור ספינינג מתנס כוכב יאיר','2016-06-27 17:29:31','2016-07-03 18:42:28','EVENT_LOCKED'),(1052,1,'Monday - PM2','2016-07-04 17:00:00','2016-07-04 18:00:00','2016-06-30 14:00:00',0,19,1078,'מתנס כוכב יאיר','שיעור ספינינג מתנס כוכב יאיר','2016-06-27 17:29:31','2016-07-04 17:00:49','EVENT_LOCKED'),(1053,1,'Tuesday - PM','2016-07-05 16:15:00','2016-07-05 17:15:00','2016-06-30 14:00:00',0,19,1076,'מתנס כוכב יאיר','שיעור ספינינג מתנס כוכב יאיר','2016-06-27 17:29:31','2016-07-05 16:33:08','EVENT_LOCKED'),(1054,1,'Wednesday - AM','2016-07-06 05:00:00','2016-07-06 06:00:00','2016-06-30 14:00:00',0,19,1077,'מתנס כוכב יאיר','שיעור ספינינג מתנס כוכב יאיר','2016-06-27 17:29:31','2016-07-06 05:00:41','EVENT_LOCKED'),(1055,1,'Wednesday -PM','2016-07-06 17:00:00','2016-07-06 18:00:00','2016-06-30 14:00:00',0,19,1077,'מתנס כוכב יאיר','שיעור ספינינג מתנס כוכב יאיר','2016-06-27 17:29:31','2016-07-06 17:28:12','EVENT_LOCKED'),(1056,1,'Friday - AM1','2016-07-08 04:30:00','2016-07-08 05:30:00','2016-06-30 14:00:00',0,19,1079,'מתנס כוכב יאיר','שיעור ספינינג מתנס כוכב יאיר','2016-06-27 17:29:31','2016-07-08 04:37:31','EVENT_LOCKED'),(1057,1,'Friday - AM2','2016-07-08 05:30:00','2016-07-08 06:30:00','2016-06-30 14:00:00',0,19,1079,'מתנס כוכב יאיר','שיעור ספינינג מתנס כוכב יאיר','2016-06-27 17:29:32','2016-07-08 06:34:55','EVENT_LOCKED'),(1058,1,'Sunday - AM','2016-07-10 05:00:00','2016-07-10 06:00:00','2016-07-07 14:00:00',0,19,1076,'מתנס כוכב יאיר','שיעור ספינינג מתנס כוכב יאיר','2016-06-27 17:29:32','2016-07-10 06:24:51','EVENT_LOCKED'),(1059,1,'Sunday - PM','2016-07-10 16:15:00','2016-07-10 17:15:00','2016-07-07 14:00:00',0,19,1076,'מתנס כוכב יאיר','שיעור ספינינג מתנס כוכב יאיר','2016-06-27 17:29:32','2016-07-10 17:38:01','EVENT_LOCKED'),(1060,1,'Monday - PM2','2016-07-11 17:00:00','2016-07-11 18:00:00','2016-07-07 14:00:00',0,19,1078,'מתנס כוכב יאיר','שיעור ספינינג מתנס כוכב יאיר','2016-06-27 17:29:32','2016-07-11 19:15:18','EVENT_LOCKED'),(1061,1,'Tuesday - PM','2016-07-12 16:15:00','2016-07-12 17:15:00','2016-07-07 14:00:00',0,19,1076,'מתנס כוכב יאיר','שיעור ספינינג מתנס כוכב יאיר','2016-06-27 17:29:32','2016-07-12 16:20:20','EVENT_LOCKED'),(1062,1,'Wednesday - AM','2016-07-13 05:00:00','2016-07-13 06:00:00','2016-07-07 14:00:00',0,19,1077,'מתנס כוכב יאיר','שיעור ספינינג מתנס כוכב יאיר','2016-06-27 17:29:32','2016-07-13 05:41:48','EVENT_LOCKED'),(1063,1,'Wednesday -PM','2016-07-13 17:00:00','2016-07-13 18:00:00','2016-07-07 14:00:00',0,19,1077,'מתנס כוכב יאיר','שיעור ספינינג מתנס כוכב יאיר','2016-06-27 17:29:33','2016-07-13 18:15:19','EVENT_LOCKED'),(1064,1,'Friday - AM1','2016-07-15 04:30:00','2016-07-15 05:30:00','2016-07-07 14:00:00',0,19,1079,'מתנס כוכב יאיר','שיעור ספינינג מתנס כוכב יאיר','2016-06-27 17:29:33','2016-07-15 04:34:25','EVENT_LOCKED'),(1065,1,'Friday - AM2','2016-07-15 05:30:00','2016-07-15 06:30:00','2016-07-07 14:00:00',0,19,1079,'מתנס כוכב יאיר','שיעור ספינינג מתנס כוכב יאיר','2016-06-27 17:29:33','2016-07-15 05:51:08','EVENT_LOCKED'),(1066,1,'Sunday - AM','2016-07-17 05:00:00','2016-07-17 06:00:00','2016-07-14 14:00:00',0,19,1076,'מתנס כוכב יאיר','שיעור ספינינג מתנס כוכב יאיר','2016-06-27 17:29:33','2016-07-17 05:59:01','EVENT_LOCKED'),(1067,1,'Sunday - PM','2016-07-17 16:15:00','2016-07-17 17:15:00','2016-07-14 14:00:00',0,19,1076,'מתנס כוכב יאיר','שיעור ספינינג מתנס כוכב יאיר','2016-06-27 17:29:33','2016-07-17 16:28:01','EVENT_LOCKED'),(1068,1,'Monday - PM2','2016-07-18 17:00:00','2016-07-18 18:00:00','2016-07-14 14:00:00',0,19,1078,'מתנס כוכב יאיר','שיעור ספינינג מתנס כוכב יאיר','2016-06-27 17:29:33','2016-07-18 21:25:59','EVENT_LOCKED'),(1069,1,'Tuesday - PM','2016-07-19 16:15:00','2016-07-19 17:15:00','2016-07-14 14:00:00',0,19,1076,'מתנס כוכב יאיר','שיעור ספינינג מתנס כוכב יאיר','2016-06-27 17:29:33','2016-07-19 16:17:19','EVENT_LOCKED'),(1070,1,'Wednesday - AM','2016-07-20 05:00:00','2016-07-20 06:00:00','2016-07-14 14:00:00',0,19,1077,'מתנס כוכב יאיר','שיעור ספינינג מתנס כוכב יאיר','2016-06-27 17:29:34','2016-07-20 05:34:52','EVENT_LOCKED'),(1071,1,'Wednesday -PM','2016-07-20 17:00:00','2016-07-20 18:00:00','2016-07-14 14:00:00',0,19,1077,'מתנס כוכב יאיר','שיעור ספינינג מתנס כוכב יאיר','2016-06-27 17:29:34','2016-07-20 20:39:03','EVENT_LOCKED'),(1072,1,'Friday - AM1','2016-07-22 04:30:00','2016-07-22 05:30:00','2016-07-14 14:00:00',0,19,1079,'מתנס כוכב יאיר','שיעור ספינינג מתנס כוכב יאיר','2016-06-27 17:29:34','2016-07-22 04:32:20','EVENT_LOCKED'),(1073,1,'Friday - AM2','2016-07-22 05:30:00','2016-07-22 06:30:00','2016-07-14 14:00:00',0,19,1079,'מתנס כוכב יאיר','שיעור ספינינג מתנס כוכב יאיר','2016-06-27 17:29:34','2016-07-22 06:09:37','EVENT_LOCKED'),(1074,1,'Sunday - AM','2016-07-24 05:00:00','2016-07-24 06:00:00','2016-07-21 14:00:00',0,19,1076,'מתנס כוכב יאיר','שיעור ספינינג מתנס כוכב יאיר','2016-06-27 17:29:34','2016-07-24 05:00:14','EVENT_LOCKED'),(1075,1,'Sunday - PM','2016-07-24 16:15:00','2016-07-24 17:15:00','2016-07-21 14:00:00',0,19,1076,'מתנס כוכב יאיר','שיעור ספינינג מתנס כוכב יאיר','2016-06-27 17:29:35','2016-07-24 17:04:43','EVENT_LOCKED'),(1076,1,'Monday - PM2','2016-07-25 17:00:00','2016-07-25 18:00:00','2016-07-21 14:00:00',0,19,1078,'מתנס כוכב יאיר','שיעור ספינינג מתנס כוכב יאיר','2016-06-27 17:29:35','2016-07-25 18:07:50','EVENT_LOCKED'),(1077,1,'Tuesday - PM','2016-07-26 16:15:00','2016-07-26 17:15:00','2016-07-21 14:00:00',0,19,1076,'מתנס כוכב יאיר','שיעור ספינינג מתנס כוכב יאיר','2016-06-27 17:29:35','2016-07-26 16:19:58','EVENT_LOCKED'),(1078,1,'Wednesday - AM','2016-07-27 05:00:00','2016-07-27 06:00:00','2016-07-21 14:00:00',0,19,1077,'מתנס כוכב יאיר','שיעור ספינינג מתנס כוכב יאיר','2016-06-27 17:29:35','2016-07-27 05:14:55','EVENT_LOCKED'),(1079,1,'Wednesday -PM','2016-07-27 17:00:00','2016-07-27 18:00:00','2016-07-21 14:00:00',0,19,1077,'מתנס כוכב יאיר','שיעור ספינינג מתנס כוכב יאיר','2016-06-27 17:29:35','2016-07-28 04:00:03','EVENT_LOCKED'),(1080,1,'Friday - AM1','2016-07-29 04:30:00','2016-07-29 05:30:00','2016-07-21 14:00:00',0,19,1079,'מתנס כוכב יאיר','שיעור ספינינג מתנס כוכב יאיר','2016-06-27 17:29:35','2016-07-29 05:41:46','EVENT_LOCKED'),(1081,1,'Friday - AM2','2016-07-29 05:30:00','2016-07-29 06:30:00','2016-07-21 14:00:00',0,19,1079,'מתנס כוכב יאיר','שיעור ספינינג מתנס כוכב יאיר','2016-06-27 17:29:36','2016-07-29 05:41:46','EVENT_LOCKED'),(1082,1,'Sunday - AM','2016-07-31 05:00:00','2016-07-31 06:00:00','2016-07-28 14:00:00',0,19,1076,'מתנס כוכב יאיר','שיעור ספינינג מתנס כוכב יאיר','2016-06-27 17:29:36','2016-07-31 05:51:32','EVENT_LOCKED'),(1083,1,'Sunday - PM','2016-07-31 16:15:00','2016-07-31 17:15:00','2016-07-28 14:00:00',0,19,1076,'מתנס כוכב יאיר','שיעור ספינינג מתנס כוכב יאיר','2016-06-27 17:29:36','2016-07-31 16:16:12','EVENT_LOCKED'),(1084,1,'Monday - PM2','2016-08-01 17:00:00','2016-08-01 18:00:00','2016-07-28 14:00:00',0,19,1078,'מתנס כוכב יאיר','שיעור ספינינג מתנס כוכב יאיר','2016-06-27 17:29:36','2016-08-01 19:43:36','EVENT_LOCKED'),(1085,1,'Tuesday - PM','2016-08-02 16:15:00','2016-08-02 17:15:00','2016-07-28 14:00:00',0,19,1076,'מתנס כוכב יאיר','שיעור ספינינג מתנס כוכב יאיר','2016-06-27 17:29:36','2016-08-02 16:32:01','EVENT_LOCKED'),(1086,1,'Wednesday - AM','2016-08-03 05:00:00','2016-08-03 06:00:00','2016-07-28 14:00:00',0,19,1077,'מתנס כוכב יאיר','שיעור ספינינג מתנס כוכב יאיר','2016-06-27 17:29:36','2016-08-03 09:40:22','EVENT_LOCKED'),(1087,1,'Wednesday -PM','2016-08-03 17:00:00','2016-08-03 18:00:00','2016-07-28 14:00:00',0,19,1077,'מתנס כוכב יאיר','שיעור ספינינג מתנס כוכב יאיר','2016-06-27 17:29:37','2016-08-03 17:40:02','EVENT_LOCKED'),(1088,1,'Friday - AM1','2016-08-05 04:30:00','2016-08-05 05:30:00','2016-07-28 14:00:00',0,19,1079,'מתנס כוכב יאיר','שיעור ספינינג מתנס כוכב יאיר','2016-06-27 17:29:37','2016-08-05 04:49:26','EVENT_LOCKED'),(1089,1,'Friday - AM2','2016-08-05 05:30:00','2016-08-05 06:30:00','2016-07-28 14:00:00',0,19,1079,'מתנס כוכב יאיר','שיעור ספינינג מתנס כוכב יאיר','2016-06-27 17:29:37','2016-08-05 05:41:54','EVENT_LOCKED'),(1170,2,'TEEN TRX - AM','2016-07-03 07:00:00','2016-07-03 07:50:00','2016-07-01 05:00:00',600,12,1201,'סטודיו כוכב יאיר','שיעור נערות לגילאי 14-18','2016-06-30 17:41:41','2016-07-03 07:29:20','EVENT_LOCKED'),(1171,2,'TEEN TRX - PM','2016-07-03 15:00:00','2016-07-03 15:50:00','2016-07-01 05:00:00',600,12,1201,'סטודיו כוכב יאיר','שיעור נערות לגילאי 14-18','2016-06-30 17:41:41','2016-07-03 15:05:43','EVENT_LOCKED'),(1172,2,'TRX FLOW - PM','2016-07-03 16:00:00','2016-07-03 16:50:00','2016-07-01 05:00:00',600,12,1201,'סטודיו כוכב יאיר','שיעור המשלב אלמנטים מעולם היוגה והפילאטיס. עבודה על חיזוק, בניית עצם והארכת שרירים','2016-06-30 17:41:41','2016-07-03 16:01:09','EVENT_LOCKED'),(1173,2,'PURE TRX - PM1','2016-07-03 17:00:00','2016-07-03 17:50:00','2016-07-01 05:00:00',600,12,1077,'סטודיו כוכב יאיר','','2016-06-30 17:41:41','2016-07-03 17:00:35','EVENT_LOCKED'),(1174,2,'PURE TRX - PM2','2016-07-03 18:00:00','2016-07-03 18:50:00','2016-07-01 05:00:00',600,12,1077,'סטודיו כוכב יאיר','','2016-06-30 17:41:42','2016-07-03 18:07:23','EVENT_LOCKED'),(1175,2,'FIT-TRX - AM','2016-07-04 05:30:00','2016-07-04 06:20:00','2016-07-01 05:00:00',600,12,1077,'סטודיו כוכב יאיר','שיעור עיצוב וחיטוב','2016-06-30 17:41:42','2016-07-04 07:13:23','EVENT_LOCKED'),(1176,2,'TRX FLOW - PM1','2016-07-05 16:00:00','2016-07-05 16:50:00','2016-07-01 05:00:00',600,12,1335,'סטודיו כוכב יאיר','שיעור המשלב אלמנטים מעולם היוגה והפילאטיס. עבודה על חיזוק, בניית עצם והארכת שרירים','2016-06-30 17:41:42','2016-07-05 16:01:09','EVENT_LOCKED'),(1177,2,'TRX HIIT - PM','2016-07-05 17:00:00','2016-07-05 17:50:00','2016-07-01 05:00:00',600,12,1335,'סטודיו כוכב יאיר','אימון בעצימות גבוהה לשריפת שומן מוגברת','2016-06-30 17:41:42','2016-07-05 17:10:47','EVENT_LOCKED'),(1178,2,'TRX FLOW - PM2','2016-07-05 18:00:00','2016-07-05 18:50:00','2016-07-01 05:00:00',600,12,1335,'סטודיו כוכב יאיר','שיעור המשלב אלמנטים מעולם היוגה והפילאטיס. עבודה על חיזוק, בניית עצם והארכת שרירים','2016-06-30 17:41:42','2016-07-05 18:02:07','EVENT_LOCKED'),(1179,2,'TRX FLOW - AM','2016-07-06 05:30:00','2016-07-06 06:20:00','2016-07-01 05:00:00',600,12,1201,'סטודיו כוכב יאיר','שיעור המשלב אלמנטים מעולם היוגה והפילאטיס. עבודה על חיזוק, בניית עצם והארכת שרירים','2016-06-30 17:41:42','2016-07-06 05:48:10','EVENT_LOCKED'),(1180,2,'TEEN TRX - PM','2016-07-06 16:00:00','2016-07-06 16:50:00','2016-07-01 05:00:00',600,12,1333,'סטודיו כוכב יאיר','שיעור נערות לגילאי 14-18','2016-06-30 17:41:42','2016-07-06 16:31:48','EVENT_LOCKED'),(1181,2,'TRX HIIT - PM1','2016-07-06 17:00:00','2016-07-06 17:50:00','2016-07-01 05:00:00',600,12,1201,'סטודיו כוכב יאיר','אימון בעצימות גבוהה לשריפת שומן מוגברת','2016-06-30 17:41:43','2016-07-06 17:13:19','EVENT_LOCKED'),(1182,2,'TRX HIIT - PM2','2016-07-06 18:00:00','2016-07-06 18:50:00','2016-07-01 05:00:00',600,12,1201,'סטודיו כוכב יאיר','אימון בעצימות גבוהה לשריפת שומן מוגברת','2016-06-30 17:41:43','2016-07-06 18:14:05','EVENT_LOCKED'),(1183,2,'TRX OUT DOOR - PM','2016-07-07 17:30:00','2016-07-07 18:20:00','2016-07-01 05:00:00',600,10,1201,'גן שעשועים כוכב יאיר','','2016-06-30 17:41:43','2016-07-07 18:21:33','EVENT_LOCKED'),(1185,2,'TRX 360 - AM','2016-07-09 07:00:00','2016-07-09 07:50:00','2016-07-01 05:00:00',600,12,-1,'סטודיו כוכב יאיר','אימון תחנות פונקציונאלי - סבב מדריכים','2016-06-30 17:41:43','2016-07-09 07:17:59','EVENT_LOCKED'),(1186,2,'TEEN TRX - AM','2016-07-10 07:00:00','2016-07-10 07:50:00','2016-07-01 05:00:00',600,12,1201,'סטודיו כוכב יאיר','שיעור נערות לגילאי 14-18','2016-06-30 17:41:44','2016-07-10 07:30:00','EVENT_LOCKED'),(1187,2,'TEEN TRX - PM','2016-07-10 15:00:00','2016-07-10 15:50:00','2016-07-01 05:00:00',600,12,1201,'סטודיו כוכב יאיר','שיעור נערות לגילאי 14-18','2016-06-30 17:41:44','2016-07-10 15:35:12','EVENT_LOCKED'),(1188,2,'TRX FLOW - PM','2016-07-10 16:00:00','2016-07-10 16:50:00','2016-07-01 05:00:00',600,12,1201,'סטודיו כוכב יאיר','שיעור המשלב אלמנטים מעולם היוגה והפילאטיס. עבודה על חיזוק, בניית עצם והארכת שרירים','2016-06-30 17:41:44','2016-07-10 16:10:49','EVENT_LOCKED'),(1189,2,'PURE TRX - PM1','2016-07-10 17:00:00','2016-07-10 17:50:00','2016-07-01 05:00:00',600,12,1077,'סטודיו כוכב יאיר','','2016-06-30 17:41:44','2016-07-10 17:01:49','EVENT_LOCKED'),(1190,2,'PURE TRX - PM2','2016-07-10 18:00:00','2016-07-10 18:50:00','2016-07-01 05:00:00',600,12,1077,'סטודיו כוכב יאיר','','2016-06-30 17:41:44','2016-07-10 19:04:49','EVENT_LOCKED'),(1191,2,'FIT-TRX - AM','2016-07-11 05:30:00','2016-07-11 06:20:00','2016-07-01 05:00:00',600,12,1077,'סטודיו כוכב יאיר','שיעור עיצוב וחיטוב','2016-06-30 17:41:45','2016-07-11 06:39:41','EVENT_LOCKED'),(1192,2,'TRX FLOW - PM1','2016-07-12 16:00:00','2016-07-12 16:50:00','2016-07-01 05:00:00',600,12,1335,'סטודיו כוכב יאיר','שיעור המשלב אלמנטים מעולם היוגה והפילאטיס. עבודה על חיזוק, בניית עצם והארכת שרירים','2016-06-30 17:41:45','2016-07-12 16:07:22','EVENT_LOCKED'),(1193,2,'TRX HIIT - PM','2016-07-12 17:00:00','2016-07-12 17:50:00','2016-07-01 05:00:00',600,12,1335,'סטודיו כוכב יאיר','אימון בעצימות גבוהה לשריפת שומן מוגברת','2016-06-30 17:41:45','2016-07-12 17:48:44','EVENT_LOCKED'),(1194,2,'TRX FLOW - PM2','2016-07-12 18:00:00','2016-07-12 18:50:00','2016-07-01 05:00:00',600,12,1335,'סטודיו כוכב יאיר','שיעור המשלב אלמנטים מעולם היוגה והפילאטיס. עבודה על חיזוק, בניית עצם והארכת שרירים','2016-06-30 17:41:45','2016-07-12 18:00:40','EVENT_LOCKED'),(1195,2,'TRX FLOW - AM','2016-07-13 05:30:00','2016-07-13 06:20:00','2016-07-01 05:00:00',600,12,1201,'סטודיו כוכב יאיר','שיעור המשלב אלמנטים מעולם היוגה והפילאטיס. עבודה על חיזוק, בניית עצם והארכת שרירים','2016-06-30 17:41:45','2016-07-13 05:46:26','EVENT_LOCKED'),(1196,2,'TEEN TRX - PM','2016-07-13 16:00:00','2016-07-13 16:50:00','2016-07-01 05:00:00',600,12,1333,'סטודיו כוכב יאיר','שיעור נערות לגילאי 14-18','2016-06-30 17:41:45','2016-07-13 16:32:53','EVENT_LOCKED'),(1197,2,'TRX HIIT - PM1','2016-07-13 17:00:00','2016-07-13 17:50:00','2016-07-01 05:00:00',600,12,1201,'סטודיו כוכב יאיר','אימון בעצימות גבוהה לשריפת שומן מוגברת','2016-06-30 17:41:45','2016-07-13 17:21:36','EVENT_LOCKED'),(1198,2,'TRX HIIT - PM2','2016-07-13 18:00:00','2016-07-13 18:50:00','2016-07-01 05:00:00',600,12,1201,'סטודיו כוכב יאיר','אימון בעצימות גבוהה לשריפת שומן מוגברת','2016-06-30 17:41:46','2016-07-13 18:00:50','EVENT_LOCKED'),(1199,2,'TRX OUT DOOR - PM','2016-07-14 17:30:00','2016-07-14 18:20:00','2016-07-01 05:00:00',600,10,1201,'גן שעשועים כוכב יאיר','','2016-06-30 17:41:46','2016-07-14 18:13:14','EVENT_LOCKED'),(1200,2,'TRX HIIT - AM','2016-07-15 05:30:00','2016-07-15 06:20:00','2016-07-01 05:00:00',600,12,1077,'סטודיו כוכב יאיר','','2016-06-30 17:41:46','2016-07-15 05:37:24','EVENT_LOCKED'),(1201,2,'TRX 360 - AM','2016-07-16 07:00:00','2016-07-16 07:50:00','2016-07-01 05:00:00',600,12,-1,'סטודיו כוכב יאיר','אימון תחנות פונקציונאלי - סבב מדריכים','2016-06-30 17:41:46','2016-07-16 09:39:06','EVENT_LOCKED'),(1202,2,'TEEN TRX - AM','2016-07-17 07:00:00','2016-07-17 07:50:00','2016-07-01 05:00:00',600,12,1201,'סטודיו כוכב יאיר','שיעור נערות לגילאי 14-18','2016-06-30 17:41:46','2016-07-17 07:04:54','EVENT_LOCKED'),(1203,2,'TEEN TRX - PM','2016-07-17 15:00:00','2016-07-17 15:50:00','2016-07-01 05:00:00',600,12,1201,'סטודיו כוכב יאיר','שיעור נערות לגילאי 14-18','2016-06-30 17:41:46','2016-07-17 15:04:00','EVENT_LOCKED'),(1204,2,'TRX FLOW - PM','2016-07-17 16:00:00','2016-07-17 16:50:00','2016-07-01 05:00:00',600,12,1201,'סטודיו כוכב יאיר','שיעור המשלב אלמנטים מעולם היוגה והפילאטיס. עבודה על חיזוק, בניית עצם והארכת שרירים','2016-06-30 17:41:47','2016-07-17 16:01:52','EVENT_LOCKED'),(1205,2,'PURE TRX - PM1','2016-07-17 17:00:00','2016-07-17 17:50:00','2016-07-01 05:00:00',600,12,1077,'סטודיו כוכב יאיר','','2016-06-30 17:41:47','2016-07-17 17:04:26','EVENT_LOCKED'),(1206,2,'PURE TRX - PM2','2016-07-17 18:00:00','2016-07-17 18:50:00','2016-07-01 05:00:00',600,12,1077,'סטודיו כוכב יאיר','','2016-06-30 17:41:47','2016-07-17 18:00:29','EVENT_LOCKED'),(1207,2,'FIT-TRX - AM','2016-07-18 05:30:00','2016-07-18 06:20:00','2016-07-01 05:00:00',600,12,1077,'סטודיו כוכב יאיר','שיעור עיצוב וחיטוב','2016-06-30 17:41:47','2016-07-18 05:51:05','EVENT_LOCKED'),(1208,2,'TRX FLOW - PM1','2016-07-19 16:00:00','2016-07-19 16:50:00','2016-07-01 05:00:00',600,12,1335,'סטודיו כוכב יאיר','שיעור המשלב אלמנטים מעולם היוגה והפילאטיס. עבודה על חיזוק, בניית עצם והארכת שרירים','2016-06-30 17:41:47','2016-07-19 16:00:41','EVENT_LOCKED'),(1209,2,'TRX HIIT - PM','2016-07-19 17:00:00','2016-07-19 17:50:00','2016-07-01 05:00:00',600,12,1335,'סטודיו כוכב יאיר','אימון בעצימות גבוהה לשריפת שומן מוגברת','2016-06-30 17:41:47','2016-07-19 17:43:22','EVENT_LOCKED'),(1210,2,'TRX FLOW - PM2','2016-07-19 18:00:00','2016-07-19 18:50:00','2016-07-01 05:00:00',600,12,1335,'סטודיו כוכב יאיר','שיעור המשלב אלמנטים מעולם היוגה והפילאטיס. עבודה על חיזוק, בניית עצם והארכת שרירים','2016-06-30 17:41:47','2016-07-19 18:01:14','EVENT_LOCKED'),(1211,2,'TRX FLOW - AM','2016-07-20 05:30:00','2016-07-20 06:20:00','2016-07-01 05:00:00',600,12,1201,'סטודיו כוכב יאיר','שיעור המשלב אלמנטים מעולם היוגה והפילאטיס. עבודה על חיזוק, בניית עצם והארכת שרירים','2016-06-30 17:41:48','2016-07-20 06:36:15','EVENT_LOCKED'),(1212,2,'TEEN TRX - PM','2016-07-20 16:00:00','2016-07-20 16:50:00','2016-07-01 05:00:00',600,12,1333,'סטודיו כוכב יאיר','שיעור נערות לגילאי 14-18','2016-06-30 17:41:48','2016-07-20 16:07:51','EVENT_LOCKED'),(1213,2,'TRX HIIT - PM1','2016-07-20 17:00:00','2016-07-20 17:50:00','2016-07-01 05:00:00',600,12,1201,'סטודיו כוכב יאיר','אימון בעצימות גבוהה לשריפת שומן מוגברת','2016-06-30 17:41:48','2016-07-20 17:12:10','EVENT_LOCKED'),(1214,2,'TRX HIIT - PM2','2016-07-20 18:00:00','2016-07-20 18:50:00','2016-07-01 05:00:00',600,12,1201,'סטודיו כוכב יאיר','אימון בעצימות גבוהה לשריפת שומן מוגברת','2016-06-30 17:41:48','2016-07-20 18:00:00','EVENT_LOCKED'),(1215,2,'TRX OUT DOOR - PM','2016-07-21 17:30:00','2016-07-21 18:20:00','2016-07-01 05:00:00',600,10,1201,'גן שעשועים כוכב יאיר','','2016-06-30 17:41:48','2016-07-21 17:32:21','EVENT_LOCKED'),(1216,2,'TRX HIIT - AM','2016-07-22 05:30:00','2016-07-22 06:20:00','2016-07-01 05:00:00',600,12,1077,'סטודיו כוכב יאיר','','2016-06-30 17:41:48','2016-07-22 06:04:36','EVENT_LOCKED'),(1217,2,'TRX 360 - AM','2016-07-23 07:00:00','2016-07-23 07:50:00','2016-07-01 05:00:00',600,12,-1,'סטודיו כוכב יאיר','אימון תחנות פונקציונאלי - סבב מדריכים','2016-06-30 17:41:48','2016-07-23 07:00:02','EVENT_LOCKED'),(1218,2,'TEEN TRX - AM','2016-07-24 07:00:00','2016-07-24 07:50:00','2016-07-01 05:00:00',600,12,1201,'סטודיו כוכב יאיר','שיעור נערות לגילאי 14-18','2016-06-30 17:41:48','2016-07-24 07:14:37','EVENT_LOCKED'),(1219,2,'TEEN TRX - PM','2016-07-24 15:00:00','2016-07-24 15:50:00','2016-07-01 05:00:00',600,12,1201,'סטודיו כוכב יאיר','שיעור נערות לגילאי 14-18','2016-06-30 17:41:49','2016-07-24 15:07:13','EVENT_LOCKED'),(1220,2,'TRX FLOW - PM','2016-07-24 16:00:00','2016-07-24 16:50:00','2016-07-01 05:00:00',600,12,1201,'סטודיו כוכב יאיר','שיעור המשלב אלמנטים מעולם היוגה והפילאטיס. עבודה על חיזוק, בניית עצם והארכת שרירים','2016-06-30 17:41:49','2016-07-24 16:06:14','EVENT_LOCKED'),(1221,2,'PURE TRX - PM1','2016-07-24 17:00:00','2016-07-24 17:50:00','2016-07-01 05:00:00',600,12,1077,'סטודיו כוכב יאיר','','2016-06-30 17:41:49','2016-07-24 17:20:42','EVENT_LOCKED'),(1222,2,'PURE TRX - PM2','2016-07-24 18:00:00','2016-07-24 18:50:00','2016-07-01 05:00:00',600,12,1077,'סטודיו כוכב יאיר','','2016-06-30 17:41:49','2016-07-24 18:07:44','EVENT_LOCKED'),(1223,2,'FIT-TRX - AM','2016-07-25 05:30:00','2016-07-25 06:20:00','2016-07-01 05:00:00',600,12,1077,'סטודיו כוכב יאיר','שיעור עיצוב וחיטוב','2016-06-30 17:41:49','2016-07-25 05:34:12','EVENT_LOCKED'),(1224,2,'TRX FLOW - PM1','2016-07-26 16:00:00','2016-07-26 16:50:00','2016-07-01 05:00:00',600,12,1335,'סטודיו כוכב יאיר','שיעור המשלב אלמנטים מעולם היוגה והפילאטיס. עבודה על חיזוק, בניית עצם והארכת שרירים','2016-06-30 17:41:49','2016-07-26 16:01:15','EVENT_LOCKED'),(1225,2,'TRX HIIT - PM','2016-07-26 17:00:00','2016-07-26 17:50:00','2016-07-01 05:00:00',600,12,1335,'סטודיו כוכב יאיר','אימון בעצימות גבוהה לשריפת שומן מוגברת','2016-06-30 17:41:50','2016-07-26 17:00:05','EVENT_LOCKED'),(1226,2,'TRX FLOW - PM2','2016-07-26 18:00:00','2016-07-26 18:50:00','2016-07-01 05:00:00',600,12,1335,'סטודיו כוכב יאיר','שיעור המשלב אלמנטים מעולם היוגה והפילאטיס. עבודה על חיזוק, בניית עצם והארכת שרירים','2016-06-30 17:41:50','2016-07-26 19:04:34','EVENT_LOCKED'),(1227,2,'TRX FLOW - AM','2016-07-27 05:30:00','2016-07-27 06:20:00','2016-07-01 05:00:00',600,12,1201,'סטודיו כוכב יאיר','שיעור המשלב אלמנטים מעולם היוגה והפילאטיס. עבודה על חיזוק, בניית עצם והארכת שרירים','2016-06-30 17:41:50','2016-07-27 06:00:06','EVENT_LOCKED'),(1228,2,'TEEN TRX - PM','2016-07-27 16:00:00','2016-07-27 16:50:00','2016-07-01 05:00:00',600,12,1333,'סטודיו כוכב יאיר','שיעור נערות לגילאי 14-18','2016-06-30 17:41:50','2016-07-27 16:01:02','EVENT_LOCKED'),(1229,2,'TRX HIIT - PM1','2016-07-27 17:00:00','2016-07-27 17:50:00','2016-07-01 05:00:00',600,12,1201,'סטודיו כוכב יאיר','אימון בעצימות גבוהה לשריפת שומן מוגברת','2016-06-30 17:41:50','2016-07-27 17:12:01','EVENT_LOCKED'),(1230,2,'TRX HIIT - PM2','2016-07-27 18:00:00','2016-07-27 18:50:00','2016-07-01 05:00:00',600,12,1201,'סטודיו כוכב יאיר','אימון בעצימות גבוהה לשריפת שומן מוגברת','2016-06-30 17:41:51','2016-07-27 18:03:16','EVENT_LOCKED'),(1231,2,'TRX OUT DOOR - PM','2016-07-28 17:30:00','2016-07-28 18:20:00','2016-07-01 05:00:00',600,10,1201,'גן שעשועים כוכב יאיר','','2016-06-30 17:41:51','2016-07-28 18:24:22','EVENT_LOCKED'),(1232,2,'TRX HIIT - AM','2016-07-29 05:30:00','2016-07-29 06:20:00','2016-07-01 05:00:00',600,12,1077,'סטודיו כוכב יאיר','','2016-06-30 17:41:51','2016-07-29 05:32:54','EVENT_LOCKED'),(1233,2,'TRX 360 - AM','2016-07-30 07:00:00','2016-07-30 07:50:00','2016-07-01 05:00:00',600,12,-1,'סטודיו כוכב יאיר','אימון תחנות פונקציונאלי - סבב מדריכים','2016-06-30 17:41:51','2016-07-30 08:41:36','EVENT_LOCKED'),(1234,2,'TEEN TRX - AM','2016-07-31 07:00:00','2016-07-31 07:50:00','2016-07-01 05:00:00',600,12,1201,'סטודיו כוכב יאיר','שיעור נערות לגילאי 14-18','2016-06-30 17:41:51','2016-07-31 07:26:10','EVENT_LOCKED'),(1235,2,'TEEN TRX - PM','2016-07-31 15:00:00','2016-07-31 15:50:00','2016-07-01 05:00:00',600,12,1201,'סטודיו כוכב יאיר','שיעור נערות לגילאי 14-18','2016-06-30 17:41:51','2016-07-31 15:06:31','EVENT_LOCKED'),(1236,2,'TRX FLOW - PM','2016-07-31 16:00:00','2016-07-31 16:50:00','2016-07-01 05:00:00',600,12,1201,'סטודיו כוכב יאיר','שיעור המשלב אלמנטים מעולם היוגה והפילאטיס. עבודה על חיזוק, בניית עצם והארכת שרירים','2016-06-30 17:41:51','2016-07-31 16:08:20','EVENT_LOCKED'),(1237,2,'PURE TRX - PM1','2016-07-31 17:00:00','2016-07-31 17:50:00','2016-07-01 05:00:00',600,12,1077,'סטודיו כוכב יאיר','','2016-06-30 17:41:52','2016-07-31 17:10:27','EVENT_LOCKED'),(1238,2,'PURE TRX - PM2','2016-07-31 18:00:00','2016-07-31 18:50:00','2016-07-01 05:00:00',600,12,1077,'סטודיו כוכב יאיר','','2016-06-30 17:41:52','2016-07-31 18:54:24','EVENT_LOCKED'),(1239,2,'FIT-TRX - AM','2016-08-01 05:30:00','2016-08-01 06:20:00','2016-07-01 05:00:00',600,12,1077,'סטודיו כוכב יאיר','שיעור עיצוב וחיטוב','2016-06-30 17:41:52','2016-08-01 05:33:23','EVENT_LOCKED'),(1240,2,'TRX FLOW - PM1','2016-08-02 16:00:00','2016-08-02 16:50:00','2016-07-01 05:00:00',600,12,1335,'סטודיו כוכב יאיר','שיעור המשלב אלמנטים מעולם היוגה והפילאטיס. עבודה על חיזוק, בניית עצם והארכת שרירים','2016-06-30 17:41:52','2016-08-02 16:17:52','EVENT_LOCKED'),(1241,2,'TRX HIIT - PM','2016-08-02 17:00:00','2016-08-02 17:50:00','2016-07-01 05:00:00',600,12,1335,'סטודיו כוכב יאיר','אימון בעצימות גבוהה לשריפת שומן מוגברת','2016-06-30 17:41:52','2016-08-02 17:01:33','EVENT_LOCKED'),(1242,2,'TRX FLOW - PM2','2016-08-02 18:00:00','2016-08-02 18:50:00','2016-07-01 05:00:00',600,12,1335,'סטודיו כוכב יאיר','שיעור המשלב אלמנטים מעולם היוגה והפילאטיס. עבודה על חיזוק, בניית עצם והארכת שרירים','2016-06-30 17:41:52','2016-08-02 18:04:04','EVENT_LOCKED'),(1243,2,'TRX FLOW - AM','2016-08-03 05:30:00','2016-08-03 06:20:00','2016-07-01 05:00:00',600,12,1201,'סטודיו כוכב יאיר','שיעור המשלב אלמנטים מעולם היוגה והפילאטיס. עבודה על חיזוק, בניית עצם והארכת שרירים','2016-06-30 17:41:52','2016-08-03 05:36:30','EVENT_LOCKED'),(1244,2,'TEEN TRX - PM','2016-08-03 16:00:00','2016-08-03 16:50:00','2016-07-01 05:00:00',600,12,1333,'סטודיו כוכב יאיר','שיעור נערות לגילאי 14-18','2016-06-30 17:41:53','2016-08-03 16:07:44','EVENT_LOCKED'),(1245,2,'TRX HIIT - PM1','2016-08-03 17:00:00','2016-08-03 17:50:00','2016-07-01 05:00:00',600,12,1201,'סטודיו כוכב יאיר','אימון בעצימות גבוהה לשריפת שומן מוגברת','2016-06-30 17:41:53','2016-08-03 17:01:16','EVENT_LOCKED'),(1246,2,'TRX HIIT - PM2','2016-08-03 18:00:00','2016-08-03 18:50:00','2016-07-01 05:00:00',600,12,1201,'סטודיו כוכב יאיר','אימון בעצימות גבוהה לשריפת שומן מוגברת','2016-06-30 17:41:53','2016-08-03 18:01:21','EVENT_LOCKED'),(1247,2,'TRX OUT DOOR - PM','2016-08-04 17:30:00','2016-08-04 18:20:00','2016-07-01 05:00:00',600,10,1201,'גן שעשועים כוכב יאיר','','2016-06-30 17:41:53','2016-08-04 18:13:04','EVENT_LOCKED'),(1248,2,'TRX HIIT - AM','2016-08-05 05:30:00','2016-08-05 06:20:00','2016-07-01 05:00:00',600,12,1077,'סטודיו כוכב יאיר','','2016-06-30 17:41:54','2016-08-05 05:30:20','EVENT_LOCKED'),(1249,2,'TRX 360 - AM','2016-08-06 07:00:00','2016-08-06 07:50:00','2016-07-01 05:00:00',600,12,-1,'סטודיו כוכב יאיר','אימון תחנות פונקציונאלי - סבב מדריכים','2016-06-30 17:41:54','2016-08-06 10:30:05','EVENT_LOCKED'),(1382,1,'Sunday - AM','2016-08-07 05:00:00','2016-08-07 06:00:00','2016-08-04 14:00:00',0,19,1076,'מתנס כוכב יאיר','שיעור ספינינג מתנס כוכב יאיר','2016-08-02 16:30:55','2016-08-07 05:29:27','EVENT_LOCKED'),(1383,1,'Sunday - PM','2016-08-07 16:15:00','2016-08-07 17:15:00','2016-08-04 14:00:00',0,19,1076,'מתנס כוכב יאיר','שיעור ספינינג מתנס כוכב יאיר','2016-08-02 16:30:55','2016-08-08 03:52:56','EVENT_LOCKED'),(1384,1,'Monday - PM2','2016-08-08 17:00:00','2016-08-08 18:00:00','2016-08-04 14:00:00',0,19,1078,'מתנס כוכב יאיר','שיעור ספינינג מתנס כוכב יאיר','2016-08-02 16:30:55','2016-08-08 18:47:20','EVENT_LOCKED'),(1385,1,'Tuesday - PM','2016-08-09 16:15:00','2016-08-09 17:15:00','2016-08-04 14:00:00',0,19,1076,'מתנס כוכב יאיר','שיעור ספינינג מתנס כוכב יאיר','2016-08-02 16:30:56','2016-08-09 18:36:09','EVENT_LOCKED'),(1386,1,'Wednesday - AM','2016-08-10 05:00:00','2016-08-10 06:00:00','2016-08-04 14:00:00',0,19,1077,'מתנס כוכב יאיר','שיעור ספינינג מתנס כוכב יאיר','2016-08-02 16:30:56','2016-08-10 06:39:32','EVENT_LOCKED'),(1387,1,'Wednesday -PM','2016-08-10 17:00:00','2016-08-10 18:00:00','2016-08-04 14:00:00',0,19,1077,'מתנס כוכב יאיר','שיעור ספינינג מתנס כוכב יאיר','2016-08-02 16:30:56','2016-08-10 18:19:28','EVENT_LOCKED'),(1388,1,'Friday - AM1','2016-08-12 04:30:00','2016-08-12 05:30:00','2016-08-04 14:00:00',0,19,1079,'מתנס כוכב יאיר','שיעור ספינינג מתנס כוכב יאיר','2016-08-02 16:30:56','2016-08-04 14:00:14','EVENT_OPEN'),(1389,1,'Friday - AM2','2016-08-12 05:30:00','2016-08-12 06:30:00','2016-08-04 14:00:00',0,19,1079,'מתנס כוכב יאיר','שיעור ספינינג מתנס כוכב יאיר','2016-08-02 16:30:56','2016-08-04 14:00:15','EVENT_OPEN'),(1390,1,'Monday - PM2','2016-08-15 17:00:00','2016-08-15 18:00:00','2016-08-11 14:00:00',0,19,1078,'מתנס כוכב יאיר','שיעור ספינינג מתנס כוכב יאיר','2016-08-02 16:30:56','2016-08-11 14:04:46','EVENT_OPEN'),(1391,1,'Tuesday - PM','2016-08-16 16:15:00','2016-08-16 17:15:00','2016-08-11 14:00:00',0,19,1076,'מתנס כוכב יאיר','שיעור ספינינג מתנס כוכב יאיר','2016-08-02 16:30:57','2016-08-11 14:04:46','EVENT_OPEN'),(1392,1,'Wednesday - AM','2016-08-17 05:00:00','2016-08-17 06:00:00','2016-08-11 14:00:00',0,19,1077,'מתנס כוכב יאיר','שיעור ספינינג מתנס כוכב יאיר','2016-08-02 16:30:57','2016-08-11 14:04:46','EVENT_OPEN'),(1393,1,'Wednesday -PM','2016-08-17 17:00:00','2016-08-17 18:00:00','2016-08-11 14:00:00',0,19,1077,'מתנס כוכב יאיר','שיעור ספינינג מתנס כוכב יאיר','2016-08-02 16:30:57','2016-08-11 14:04:47','EVENT_OPEN'),(1394,1,'Friday - AM1','2016-08-19 04:30:00','2016-08-19 05:30:00','2016-08-11 14:00:00',0,19,1079,'מתנס כוכב יאיר','שיעור ספינינג מתנס כוכב יאיר','2016-08-02 16:30:57','2016-08-11 14:04:47','EVENT_OPEN'),(1395,1,'Friday - AM2','2016-08-19 05:30:00','2016-08-19 06:30:00','2016-08-11 14:00:00',0,19,1079,'מתנס כוכב יאיר','שיעור ספינינג מתנס כוכב יאיר','2016-08-02 16:30:57','2016-08-11 14:04:47','EVENT_OPEN'),(1396,1,'Sunday - AM','2016-08-21 05:00:00','2016-08-21 06:00:00','2016-08-18 14:00:00',0,19,1076,'מתנס כוכב יאיר','שיעור ספינינג מתנס כוכב יאיר','2016-08-02 16:30:57','2016-08-02 16:30:57','EVENT_LOCKED'),(1397,1,'Sunday - PM','2016-08-21 16:15:00','2016-08-21 17:15:00','2016-08-18 14:00:00',0,19,1076,'מתנס כוכב יאיר','שיעור ספינינג מתנס כוכב יאיר','2016-08-02 16:30:57','2016-08-02 16:30:57','EVENT_LOCKED'),(1398,1,'Monday - PM2','2016-08-22 17:00:00','2016-08-22 18:00:00','2016-08-18 14:00:00',0,19,1078,'מתנס כוכב יאיר','שיעור ספינינג מתנס כוכב יאיר','2016-08-02 16:30:58','2016-08-02 16:30:58','EVENT_LOCKED'),(1399,1,'Tuesday - PM','2016-08-23 16:15:00','2016-08-23 17:15:00','2016-08-18 14:00:00',0,19,1076,'מתנס כוכב יאיר','שיעור ספינינג מתנס כוכב יאיר','2016-08-02 16:30:58','2016-08-02 16:30:58','EVENT_LOCKED'),(1400,1,'Wednesday - AM','2016-08-24 05:00:00','2016-08-24 06:00:00','2016-08-18 14:00:00',0,19,1077,'מתנס כוכב יאיר','שיעור ספינינג מתנס כוכב יאיר','2016-08-02 16:30:58','2016-08-02 16:30:58','EVENT_LOCKED'),(1401,1,'Wednesday -PM','2016-08-24 17:00:00','2016-08-24 18:00:00','2016-08-18 14:00:00',0,19,1077,'מתנס כוכב יאיר','שיעור ספינינג מתנס כוכב יאיר','2016-08-02 16:30:58','2016-08-02 16:30:58','EVENT_LOCKED'),(1402,1,'Friday - AM1','2016-08-26 04:30:00','2016-08-26 05:30:00','2016-08-18 14:00:00',0,19,1079,'מתנס כוכב יאיר','שיעור ספינינג מתנס כוכב יאיר','2016-08-02 16:30:58','2016-08-02 16:30:58','EVENT_LOCKED'),(1403,1,'Friday - AM2','2016-08-26 05:30:00','2016-08-26 06:30:00','2016-08-18 14:00:00',0,19,1079,'מתנס כוכב יאיר','שיעור ספינינג מתנס כוכב יאיר','2016-08-02 16:30:59','2016-08-02 16:30:59','EVENT_LOCKED'),(1404,1,'Sunday - AM','2016-08-28 05:00:00','2016-08-28 06:00:00','2016-08-25 14:00:00',0,19,1862,'מתנס כוכב יאיר','שיעור ספינינג מתנס כוכב יאיר','2016-08-02 16:30:59','2016-08-02 16:30:59','EVENT_LOCKED'),(1405,1,'Sunday - PM','2016-08-28 16:15:00','2016-08-28 17:15:00','2016-08-25 14:00:00',0,19,1078,'מתנס כוכב יאיר','שיעור ספינינג מתנס כוכב יאיר','2016-08-02 16:31:00','2016-08-02 16:31:00','EVENT_LOCKED'),(1406,1,'Monday - PM2','2016-08-29 17:00:00','2016-08-29 18:00:00','2016-08-25 14:00:00',0,19,1078,'מתנס כוכב יאיר','שיעור ספינינג מתנס כוכב יאיר','2016-08-02 16:31:00','2016-08-02 16:31:00','EVENT_LOCKED'),(1407,1,'Tuesday - PM','2016-08-30 16:15:00','2016-08-30 17:15:00','2016-08-25 14:00:00',0,19,1078,'מתנס כוכב יאיר','שיעור ספינינג מתנס כוכב יאיר','2016-08-02 16:31:00','2016-08-02 16:31:00','EVENT_LOCKED'),(1408,1,'Wednesday - AM','2016-08-31 05:00:00','2016-08-31 06:00:00','2016-08-25 14:00:00',0,19,1077,'מתנס כוכב יאיר','שיעור ספינינג מתנס כוכב יאיר','2016-08-02 16:31:01','2016-08-02 16:31:01','EVENT_LOCKED'),(1409,1,'Wednesday -PM','2016-08-31 17:00:00','2016-08-31 18:00:00','2016-08-25 14:00:00',0,19,1077,'מתנס כוכב יאיר','שיעור ספינינג מתנס כוכב יאיר','2016-08-02 16:31:01','2016-08-02 16:31:01','EVENT_LOCKED'),(1410,1,'Friday - AM1','2016-09-02 04:30:00','2016-09-02 05:30:00','2016-08-25 14:00:00',0,19,1079,'מתנס כוכב יאיר','שיעור ספינינג מתנס כוכב יאיר','2016-08-02 16:31:02','2016-08-02 16:31:02','EVENT_LOCKED'),(1411,1,'Friday - AM2','2016-09-02 05:30:00','2016-09-02 06:30:00','2016-08-25 14:00:00',0,19,1079,'מתנס כוכב יאיר','שיעור ספינינג מתנס כוכב יאיר','2016-08-02 16:31:02','2016-08-02 16:31:02','EVENT_LOCKED'),(1412,1,'Sunday - AM','2016-09-04 05:00:00','2016-09-04 06:00:00','2016-09-01 14:00:00',0,19,1862,'מתנס כוכב יאיר','שיעור ספינינג מתנס כוכב יאיר','2016-08-02 16:31:02','2016-08-02 16:31:02','EVENT_LOCKED'),(1413,1,'Sunday - PM','2016-09-04 16:15:00','2016-09-04 17:15:00','2016-09-01 14:00:00',0,19,1078,'מתנס כוכב יאיר','שיעור ספינינג מתנס כוכב יאיר','2016-08-02 16:31:03','2016-08-02 16:31:03','EVENT_LOCKED'),(1414,1,'Monday - PM2','2016-09-05 17:00:00','2016-09-05 18:00:00','2016-09-01 14:00:00',0,19,1078,'מתנס כוכב יאיר','שיעור ספינינג מתנס כוכב יאיר','2016-08-02 16:31:03','2016-08-02 16:31:03','EVENT_LOCKED'),(1415,1,'Tuesday - PM','2016-09-06 16:15:00','2016-09-06 17:15:00','2016-09-01 14:00:00',0,19,1079,'מתנס כוכב יאיר','שיעור ספינינג מתנס כוכב יאיר','2016-08-02 16:31:04','2016-08-02 16:31:04','EVENT_LOCKED'),(1416,1,'Wednesday - AM','2016-09-07 05:00:00','2016-09-07 06:00:00','2016-09-01 14:00:00',0,19,1077,'מתנס כוכב יאיר','שיעור ספינינג מתנס כוכב יאיר','2016-08-02 16:31:04','2016-08-02 16:31:04','EVENT_LOCKED'),(1417,1,'Wednesday -PM','2016-09-07 17:00:00','2016-09-07 18:00:00','2016-09-01 14:00:00',0,19,1077,'מתנס כוכב יאיר','שיעור ספינינג מתנס כוכב יאיר','2016-08-02 16:31:05','2016-08-02 16:31:05','EVENT_LOCKED'),(1418,1,'Friday - AM1','2016-09-09 04:30:00','2016-09-09 05:30:00','2016-09-01 14:00:00',0,19,1079,'מתנס כוכב יאיר','שיעור ספינינג מתנס כוכב יאיר','2016-08-02 16:31:05','2016-08-02 16:31:05','EVENT_LOCKED'),(1419,1,'Friday - AM2','2016-09-09 05:30:00','2016-09-09 06:30:00','2016-09-01 14:00:00',0,19,1079,'מתנס כוכב יאיר','שיעור ספינינג מתנס כוכב יאיר','2016-08-02 16:31:06','2016-08-02 16:31:06','EVENT_LOCKED'),(1420,1,'Sunday - AM','2016-09-11 05:00:00','2016-09-11 06:00:00','2016-09-08 14:00:00',0,19,1862,'מתנס כוכב יאיר','שיעור ספינינג מתנס כוכב יאיר','2016-08-02 16:31:06','2016-08-02 16:31:06','EVENT_LOCKED'),(1421,1,'Sunday - PM','2016-09-11 16:15:00','2016-09-11 17:15:00','2016-09-08 14:00:00',0,19,1078,'מתנס כוכב יאיר','שיעור ספינינג מתנס כוכב יאיר','2016-08-02 16:31:07','2016-08-02 16:31:07','EVENT_LOCKED'),(1422,1,'Monday - PM2','2016-09-12 17:00:00','2016-09-12 18:00:00','2016-09-08 14:00:00',0,19,-1,'מתנס כוכב יאיר','שיעור ספינינג מתנס כוכב יאיר','2016-08-02 16:31:07','2016-08-02 16:31:07','EVENT_LOCKED'),(1423,1,'Tuesday - PM','2016-09-13 16:15:00','2016-09-13 17:15:00','2016-09-08 14:00:00',0,19,1079,'מתנס כוכב יאיר','שיעור ספינינג מתנס כוכב יאיר','2016-08-02 16:31:07','2016-08-02 16:31:07','EVENT_LOCKED'),(1424,1,'Wednesday - AM','2016-09-14 05:00:00','2016-09-14 06:00:00','2016-09-08 14:00:00',0,19,1077,'מתנס כוכב יאיר','שיעור ספינינג מתנס כוכב יאיר','2016-08-02 16:31:08','2016-08-02 16:31:08','EVENT_LOCKED'),(1425,1,'Wednesday -PM','2016-09-14 17:00:00','2016-09-14 18:00:00','2016-09-08 14:00:00',0,19,1077,'מתנס כוכב יאיר','שיעור ספינינג מתנס כוכב יאיר','2016-08-02 16:31:08','2016-08-02 16:31:08','EVENT_LOCKED'),(1426,1,'Friday - AM1','2016-09-16 04:30:00','2016-09-16 05:30:00','2016-09-08 14:00:00',0,19,1079,'מתנס כוכב יאיר','שיעור ספינינג מתנס כוכב יאיר','2016-08-02 16:31:09','2016-08-02 16:31:09','EVENT_LOCKED'),(1427,1,'Friday - AM2','2016-09-16 05:30:00','2016-09-16 06:30:00','2016-09-08 14:00:00',0,19,1079,'מתנס כוכב יאיר','שיעור ספינינג מתנס כוכב יאיר','2016-08-02 16:31:09','2016-08-02 16:31:09','EVENT_LOCKED'),(1428,1,'Sunday - AM','2016-09-18 05:00:00','2016-09-18 06:00:00','2016-09-15 14:00:00',0,19,1076,'מתנס כוכב יאיר','שיעור ספינינג מתנס כוכב יאיר','2016-08-02 16:31:09','2016-08-02 16:31:09','EVENT_LOCKED'),(1429,1,'Sunday - PM','2016-09-18 16:15:00','2016-09-18 17:15:00','2016-09-15 14:00:00',0,19,1076,'מתנס כוכב יאיר','שיעור ספינינג מתנס כוכב יאיר','2016-08-02 16:31:10','2016-08-02 16:31:10','EVENT_LOCKED'),(1430,1,'Monday - PM2','2016-09-19 17:00:00','2016-09-19 18:00:00','2016-09-15 14:00:00',0,19,1078,'מתנס כוכב יאיר','שיעור ספינינג מתנס כוכב יאיר','2016-08-02 16:31:10','2016-08-02 16:31:10','EVENT_LOCKED'),(1431,1,'Tuesday - PM','2016-09-20 16:15:00','2016-09-20 17:15:00','2016-09-15 14:00:00',0,19,1076,'מתנס כוכב יאיר','שיעור ספינינג מתנס כוכב יאיר','2016-08-02 16:31:10','2016-08-02 16:31:10','EVENT_LOCKED'),(1432,1,'Wednesday - AM','2016-09-21 05:00:00','2016-09-21 06:00:00','2016-09-15 14:00:00',0,19,1077,'מתנס כוכב יאיר','שיעור ספינינג מתנס כוכב יאיר','2016-08-02 16:31:10','2016-08-02 16:31:10','EVENT_LOCKED'),(1433,1,'Wednesday -PM','2016-09-21 17:00:00','2016-09-21 18:00:00','2016-09-15 14:00:00',0,19,1077,'מתנס כוכב יאיר','שיעור ספינינג מתנס כוכב יאיר','2016-08-02 16:31:11','2016-08-02 16:31:11','EVENT_LOCKED'),(1434,1,'Friday - AM1','2016-09-23 04:30:00','2016-09-23 05:30:00','2016-09-15 14:00:00',0,19,1079,'מתנס כוכב יאיר','שיעור ספינינג מתנס כוכב יאיר','2016-08-02 16:31:11','2016-08-02 16:31:11','EVENT_LOCKED'),(1435,1,'Friday - AM2','2016-09-23 05:30:00','2016-09-23 06:30:00','2016-09-15 14:00:00',0,19,1079,'מתנס כוכב יאיר','שיעור ספינינג מתנס כוכב יאיר','2016-08-02 16:31:11','2016-08-02 16:31:11','EVENT_LOCKED'),(1436,1,'Sunday - AM','2016-09-25 05:00:00','2016-09-25 06:00:00','2016-09-22 14:00:00',0,19,1076,'מתנס כוכב יאיר','שיעור ספינינג מתנס כוכב יאיר','2016-08-02 16:31:11','2016-08-02 16:31:11','EVENT_LOCKED'),(1437,1,'Sunday - PM','2016-09-25 16:15:00','2016-09-25 17:15:00','2016-09-22 14:00:00',0,19,1076,'מתנס כוכב יאיר','שיעור ספינינג מתנס כוכב יאיר','2016-08-02 16:31:11','2016-08-02 16:31:11','EVENT_LOCKED'),(1438,1,'Monday - PM2','2016-09-26 17:00:00','2016-09-26 18:00:00','2016-09-22 14:00:00',0,19,1078,'מתנס כוכב יאיר','שיעור ספינינג מתנס כוכב יאיר','2016-08-02 16:31:11','2016-08-02 16:31:11','EVENT_LOCKED'),(1439,1,'Tuesday - PM','2016-09-27 16:15:00','2016-09-27 17:15:00','2016-09-22 14:00:00',0,19,1076,'מתנס כוכב יאיר','שיעור ספינינג מתנס כוכב יאיר','2016-08-02 16:31:12','2016-08-02 16:31:12','EVENT_LOCKED'),(1440,1,'Wednesday - AM','2016-09-28 05:00:00','2016-09-28 06:00:00','2016-09-22 14:00:00',0,19,1077,'מתנס כוכב יאיר','שיעור ספינינג מתנס כוכב יאיר','2016-08-02 16:31:12','2016-08-02 16:31:12','EVENT_LOCKED'),(1441,1,'Wednesday -PM','2016-09-28 17:00:00','2016-09-28 18:00:00','2016-09-22 14:00:00',0,19,1077,'מתנס כוכב יאיר','שיעור ספינינג מתנס כוכב יאיר','2016-08-02 16:31:12','2016-08-02 16:31:12','EVENT_LOCKED'),(1442,1,'Friday - AM1','2016-09-30 04:30:00','2016-09-30 05:30:00','2016-09-22 14:00:00',0,19,1079,'מתנס כוכב יאיר','שיעור ספינינג מתנס כוכב יאיר','2016-08-02 16:31:12','2016-08-02 16:31:12','EVENT_LOCKED'),(1443,1,'Friday - AM2','2016-09-30 05:30:00','2016-09-30 06:30:00','2016-09-22 14:00:00',0,19,1079,'מתנס כוכב יאיר','שיעור ספינינג מתנס כוכב יאיר','2016-08-02 16:31:12','2016-08-02 16:31:12','EVENT_LOCKED'),(1444,1,'Sunday - AM','2016-10-02 05:00:00','2016-10-02 06:00:00','2016-09-29 14:00:00',0,19,1076,'מתנס כוכב יאיר','שיעור ספינינג מתנס כוכב יאיר','2016-08-02 16:31:12','2016-08-02 16:31:12','EVENT_LOCKED'),(1445,1,'Wednesday - AM','2016-10-05 05:00:00','2016-10-05 06:00:00','2016-09-29 14:00:00',0,19,1077,'מתנס כוכב יאיר','שיעור ספינינג מתנס כוכב יאיר','2016-08-02 16:31:12','2016-08-02 16:31:12','EVENT_LOCKED'),(1446,1,'Wednesday -PM','2016-10-05 17:00:00','2016-10-05 18:00:00','2016-09-29 14:00:00',0,19,1077,'מתנס כוכב יאיר','שיעור ספינינג מתנס כוכב יאיר','2016-08-02 16:31:13','2016-08-02 16:31:13','EVENT_LOCKED'),(1447,1,'Friday - AM1','2016-10-07 04:30:00','2016-10-07 05:30:00','2016-09-29 14:00:00',0,19,1079,'מתנס כוכב יאיר','שיעור ספינינג מתנס כוכב יאיר','2016-08-02 16:31:13','2016-08-02 16:31:13','EVENT_LOCKED'),(1448,1,'Friday - AM2','2016-10-07 05:30:00','2016-10-07 06:30:00','2016-09-29 14:00:00',0,19,1079,'מתנס כוכב יאיר','שיעור ספינינג מתנס כוכב יאיר','2016-08-02 16:31:13','2016-08-02 16:31:13','EVENT_LOCKED'),(1449,1,'Sunday - AM','2016-10-09 05:00:00','2016-10-09 06:00:00','2016-10-06 14:00:00',0,19,1076,'מתנס כוכב יאיר','שיעור ספינינג מתנס כוכב יאיר','2016-08-02 16:31:13','2016-08-02 16:31:13','EVENT_LOCKED'),(1450,1,'Sunday - PM','2016-10-09 16:15:00','2016-10-09 17:15:00','2016-10-06 14:00:00',0,19,1076,'מתנס כוכב יאיר','שיעור ספינינג מתנס כוכב יאיר','2016-08-02 16:31:13','2016-08-02 16:31:13','EVENT_LOCKED'),(1451,1,'Monday - PM2','2016-10-10 17:00:00','2016-10-10 18:00:00','2016-10-06 14:00:00',0,19,1078,'מתנס כוכב יאיר','שיעור ספינינג מתנס כוכב יאיר','2016-08-02 16:31:13','2016-08-02 16:31:13','EVENT_LOCKED'),(1452,1,'Friday - AM1','2016-10-14 04:30:00','2016-10-14 05:30:00','2016-10-06 14:00:00',0,19,1079,'מתנס כוכב יאיר','שיעור ספינינג מתנס כוכב יאיר','2016-08-02 16:31:14','2016-08-02 16:31:14','EVENT_LOCKED'),(1453,1,'Friday - AM2','2016-10-14 05:30:00','2016-10-14 06:30:00','2016-10-06 14:00:00',0,19,1079,'מתנס כוכב יאיר','שיעור ספינינג מתנס כוכב יאיר','2016-08-02 16:31:14','2016-08-02 16:31:14','EVENT_LOCKED'),(1454,2,'TEEN TRX - AM','2016-08-07 07:00:00','2016-08-07 07:50:00','2016-08-03 05:00:00',600,12,1201,'סטודיו כוכב יאיר','שיעור נערות לגילאי 14-18','2016-08-02 16:53:06','2016-08-07 08:34:23','EVENT_LOCKED'),(1455,2,'TEEN TRX - PM','2016-08-07 15:00:00','2016-08-07 15:50:00','2016-08-03 05:00:00',600,12,1201,'סטודיו כוכב יאיר','שיעור נערות לגילאי 14-18','2016-08-02 16:53:06','2016-08-07 15:05:29','EVENT_LOCKED'),(1456,2,'TRX FLOW - PM','2016-08-07 16:00:00','2016-08-07 16:50:00','2016-08-03 05:00:00',600,12,1201,'סטודיו כוכב יאיר','שיעור המשלב אלמנטים מעולם היוגה והפילאטיס. עבודה על חיזוק, בניית עצם והארכת שרירים','2016-08-02 16:53:06','2016-08-07 16:06:51','EVENT_LOCKED'),(1457,2,'PURE TRX - PM1','2016-08-07 17:00:00','2016-08-07 17:50:00','2016-08-03 05:00:00',600,12,1077,'סטודיו כוכב יאיר','','2016-08-02 16:53:06','2016-08-07 17:00:03','EVENT_LOCKED'),(1458,2,'PURE TRX - PM2','2016-08-07 18:00:00','2016-08-07 18:50:00','2016-08-03 05:00:00',600,12,1077,'סטודיו כוכב יאיר','','2016-08-02 16:53:07','2016-08-07 18:00:02','EVENT_LOCKED'),(1459,2,'TRX FLOW - PM1','2016-08-09 16:00:00','2016-08-09 16:50:00','2016-08-03 05:00:00',600,12,1335,'סטודיו כוכב יאיר','שיעור המשלב אלמנטים מעולם היוגה והפילאטיס. עבודה על חיזוק, בניית עצם והארכת שרירים','2016-08-02 16:53:07','2016-08-09 16:12:57','EVENT_LOCKED'),(1460,2,'TRX HIIT - PM','2016-08-09 17:00:00','2016-08-09 17:50:00','2016-08-03 05:00:00',600,12,1335,'סטודיו כוכב יאיר','אימון בעצימות גבוהה לשריפת שומן מוגברת','2016-08-02 16:53:07','2016-08-09 17:43:49','EVENT_LOCKED'),(1461,2,'TRX FLOW - PM2','2016-08-09 18:00:00','2016-08-09 18:50:00','2016-08-03 05:00:00',600,12,1335,'סטודיו כוכב יאיר','שיעור המשלב אלמנטים מעולם היוגה והפילאטיס. עבודה על חיזוק, בניית עצם והארכת שרירים','2016-08-02 16:53:07','2016-08-09 18:58:34','EVENT_LOCKED'),(1462,2,'TEEN TRX - PM','2016-08-10 16:00:00','2016-08-10 16:50:00','2016-08-03 05:00:00',600,12,1333,'סטודיו כוכב יאיר','שיעור נערות לגילאי 14-18','2016-08-02 16:53:07','2016-08-10 16:12:43','EVENT_LOCKED'),(1463,2,'TRX HIIT - PM1','2016-08-10 17:00:00','2016-08-10 17:50:00','2016-08-03 05:00:00',600,12,1201,'סטודיו כוכב יאיר','אימון בעצימות גבוהה לשריפת שומן מוגברת','2016-08-02 16:53:07','2016-08-10 17:27:23','EVENT_LOCKED'),(1464,2,'TRX HIIT - PM2','2016-08-10 18:00:00','2016-08-10 18:50:00','2016-08-03 05:00:00',600,12,1201,'סטודיו כוכב יאיר','אימון בעצימות גבוהה לשריפת שומן מוגברת','2016-08-02 16:53:07','2016-08-10 21:00:33','EVENT_LOCKED'),(1465,2,'TRX OUT DOOR - PM','2016-08-11 17:30:00','2016-08-11 18:20:00','2016-08-03 05:00:00',600,10,1201,'גן שעשועים כוכב יאיר','','2016-08-02 16:53:08','2016-08-11 09:42:18','EVENT_LOCKED_FOR_UNREGISTRATION'),(1466,2,'TRX HIIT - AM','2016-08-12 05:30:00','2016-08-12 06:20:00','2016-08-03 05:00:00',600,12,1077,'סטודיו כוכב יאיר','','2016-08-02 16:53:08','2016-08-03 05:05:37','EVENT_OPEN'),(1472,2,'TRX FLOW - PM1','2016-08-16 16:00:00','2016-08-16 16:50:00','2016-08-03 05:00:00',600,12,1335,'סטודיו כוכב יאיר','שיעור המשלב אלמנטים מעולם היוגה והפילאטיס. עבודה על חיזוק, בניית עצם והארכת שרירים','2016-08-02 16:53:09','2016-08-03 05:05:36','EVENT_OPEN'),(1473,2,'TRX HIIT - PM','2016-08-16 17:00:00','2016-08-16 17:50:00','2016-08-03 05:00:00',600,12,1335,'סטודיו כוכב יאיר','אימון בעצימות גבוהה לשריפת שומן מוגברת','2016-08-02 16:53:09','2016-08-03 05:05:36','EVENT_OPEN'),(1474,2,'TRX FLOW - PM2','2016-08-16 18:00:00','2016-08-16 18:50:00','2016-08-03 05:00:00',600,12,1335,'סטודיו כוכב יאיר','שיעור המשלב אלמנטים מעולם היוגה והפילאטיס. עבודה על חיזוק, בניית עצם והארכת שרירים','2016-08-02 16:53:09','2016-08-03 05:05:36','EVENT_OPEN'),(1475,2,'TEEN TRX - PM','2016-08-17 16:00:00','2016-08-17 16:50:00','2016-08-03 05:00:00',600,12,1333,'סטודיו כוכב יאיר','שיעור נערות לגילאי 14-18','2016-08-02 16:53:09','2016-08-03 05:05:36','EVENT_OPEN'),(1476,2,'TRX HIIT - PM1','2016-08-17 17:00:00','2016-08-17 17:50:00','2016-08-03 05:00:00',600,12,1201,'סטודיו כוכב יאיר','אימון בעצימות גבוהה לשריפת שומן מוגברת','2016-08-02 16:53:09','2016-08-03 05:05:36','EVENT_OPEN'),(1477,2,'TRX HIIT - PM2','2016-08-17 18:00:00','2016-08-17 18:50:00','2016-08-03 05:00:00',600,12,1201,'סטודיו כוכב יאיר','אימון בעצימות גבוהה לשריפת שומן מוגברת','2016-08-02 16:53:09','2016-08-03 05:05:35','EVENT_OPEN'),(1478,2,'TRX OUT DOOR - PM','2016-08-18 17:30:00','2016-08-18 18:20:00','2016-08-03 05:00:00',600,10,1201,'גן שעשועים כוכב יאיר','','2016-08-02 16:53:10','2016-08-03 05:05:35','EVENT_OPEN'),(1479,2,'TRX HIIT - AM','2016-08-19 05:30:00','2016-08-19 06:20:00','2016-08-03 05:00:00',600,12,1077,'סטודיו כוכב יאיר','','2016-08-02 16:53:10','2016-08-03 05:05:35','EVENT_OPEN'),(1480,2,'TEEN TRX - AM','2016-08-21 07:00:00','2016-08-21 07:50:00','2016-08-03 05:00:00',600,12,1201,'סטודיו כוכב יאיר','שיעור נערות לגילאי 14-18','2016-08-02 16:53:10','2016-08-03 05:05:36','EVENT_OPEN'),(1481,2,'TEEN TRX - PM','2016-08-21 15:00:00','2016-08-21 15:50:00','2016-08-03 05:00:00',600,12,1201,'סטודיו כוכב יאיר','שיעור נערות לגילאי 14-18','2016-08-02 16:53:10','2016-08-03 05:05:36','EVENT_OPEN'),(1482,2,'TRX FLOW - PM','2016-08-21 16:00:00','2016-08-21 16:50:00','2016-08-03 05:00:00',600,12,1201,'סטודיו כוכב יאיר','שיעור המשלב אלמנטים מעולם היוגה והפילאטיס. עבודה על חיזוק, בניית עצם והארכת שרירים','2016-08-02 16:53:10','2016-08-03 05:05:36','EVENT_OPEN'),(1483,2,'PURE TRX - PM1','2016-08-21 17:00:00','2016-08-21 17:50:00','2016-08-03 05:00:00',600,12,1077,'סטודיו כוכב יאיר','','2016-08-02 16:53:10','2016-08-03 05:05:36','EVENT_OPEN'),(1484,2,'PURE TRX - PM2','2016-08-21 18:00:00','2016-08-21 18:50:00','2016-08-03 05:00:00',600,12,1077,'סטודיו כוכב יאיר','','2016-08-02 16:53:10','2016-08-03 05:05:36','EVENT_OPEN'),(1485,2,'TRX FLOW - PM1','2016-08-23 16:00:00','2016-08-23 16:50:00','2016-08-03 05:00:00',600,12,1335,'סטודיו כוכב יאיר','שיעור המשלב אלמנטים מעולם היוגה והפילאטיס. עבודה על חיזוק, בניית עצם והארכת שרירים','2016-08-02 16:53:11','2016-08-03 05:05:36','EVENT_OPEN'),(1486,2,'TRX HIIT - PM','2016-08-23 17:00:00','2016-08-23 17:50:00','2016-08-03 05:00:00',600,12,1335,'סטודיו כוכב יאיר','אימון בעצימות גבוהה לשריפת שומן מוגברת','2016-08-02 16:53:11','2016-08-03 05:05:36','EVENT_OPEN'),(1487,2,'TRX FLOW - PM2','2016-08-23 18:00:00','2016-08-23 18:50:00','2016-08-03 05:00:00',600,12,1335,'סטודיו כוכב יאיר','שיעור המשלב אלמנטים מעולם היוגה והפילאטיס. עבודה על חיזוק, בניית עצם והארכת שרירים','2016-08-02 16:53:11','2016-08-03 05:05:36','EVENT_OPEN'),(1488,2,'TEEN TRX - PM','2016-08-24 16:00:00','2016-08-24 16:50:00','2016-08-03 05:00:00',600,12,1333,'סטודיו כוכב יאיר','שיעור נערות לגילאי 14-18','2016-08-02 16:53:11','2016-08-03 05:05:35','EVENT_OPEN'),(1489,2,'TRX HIIT - PM1','2016-08-24 17:00:00','2016-08-24 17:50:00','2016-08-03 05:00:00',600,12,1201,'סטודיו כוכב יאיר','אימון בעצימות גבוהה לשריפת שומן מוגברת','2016-08-02 16:53:11','2016-08-03 05:05:35','EVENT_OPEN'),(1490,2,'TRX HIIT - PM2','2016-08-24 18:00:00','2016-08-24 18:50:00','2016-08-03 05:00:00',600,12,1201,'סטודיו כוכב יאיר','אימון בעצימות גבוהה לשריפת שומן מוגברת','2016-08-02 16:53:11','2016-08-03 05:05:35','EVENT_OPEN'),(1491,2,'TRX OUT DOOR - PM','2016-08-25 17:30:00','2016-08-25 18:20:00','2016-08-03 05:00:00',600,10,1201,'גן שעשועים כוכב יאיר','','2016-08-02 16:53:11','2016-08-03 05:05:35','EVENT_OPEN'),(1492,2,'TRX HIIT - AM','2016-08-26 05:30:00','2016-08-26 06:20:00','2016-08-03 05:00:00',600,12,1077,'סטודיו כוכב יאיר','','2016-08-02 16:53:12','2016-08-03 05:05:34','EVENT_OPEN'),(1493,2,'TEEN TRX - AM','2016-08-28 07:00:00','2016-08-28 07:50:00','2016-08-03 05:00:00',600,12,1201,'סטודיו כוכב יאיר','שיעור נערות לגילאי 14-18','2016-08-02 16:53:12','2016-08-03 05:05:34','EVENT_OPEN'),(1494,2,'TEEN TRX - PM','2016-08-28 15:00:00','2016-08-28 15:50:00','2016-08-03 05:00:00',600,12,1201,'סטודיו כוכב יאיר','שיעור נערות לגילאי 14-18','2016-08-02 16:53:12','2016-08-03 05:05:34','EVENT_OPEN'),(1495,2,'TRX FLOW - PM','2016-08-28 16:00:00','2016-08-28 16:50:00','2016-08-03 05:00:00',600,12,1201,'סטודיו כוכב יאיר','שיעור המשלב אלמנטים מעולם היוגה והפילאטיס. עבודה על חיזוק, בניית עצם והארכת שרירים','2016-08-02 16:53:12','2016-08-03 05:05:34','EVENT_OPEN'),(1496,2,'PURE TRX - PM1','2016-08-28 17:00:00','2016-08-28 17:50:00','2016-08-03 05:00:00',600,12,1077,'סטודיו כוכב יאיר','','2016-08-02 16:53:12','2016-08-03 05:05:35','EVENT_OPEN'),(1497,2,'PURE TRX - PM2','2016-08-28 18:00:00','2016-08-28 18:50:00','2016-08-03 05:00:00',600,12,1077,'סטודיו כוכב יאיר','','2016-08-02 16:53:12','2016-08-03 05:05:35','EVENT_OPEN'),(1498,2,'TRX FLOW - PM1','2016-08-30 16:00:00','2016-08-30 16:50:00','2016-08-03 05:00:00',600,12,1335,'סטודיו כוכב יאיר','שיעור המשלב אלמנטים מעולם היוגה והפילאטיס. עבודה על חיזוק, בניית עצם והארכת שרירים','2016-08-02 16:53:12','2016-08-03 05:05:35','EVENT_OPEN'),(1499,2,'TRX HIIT - PM','2016-08-30 17:00:00','2016-08-30 17:50:00','2016-08-03 05:00:00',600,12,1335,'סטודיו כוכב יאיר','אימון בעצימות גבוהה לשריפת שומן מוגברת','2016-08-02 16:53:13','2016-08-03 05:05:35','EVENT_OPEN'),(1500,2,'TRX FLOW - PM2','2016-08-30 18:00:00','2016-08-30 18:50:00','2016-08-03 05:00:00',600,12,1335,'סטודיו כוכב יאיר','שיעור המשלב אלמנטים מעולם היוגה והפילאטיס. עבודה על חיזוק, בניית עצם והארכת שרירים','2016-08-02 16:53:13','2016-08-03 05:05:35','EVENT_OPEN'),(1501,2,'TEEN TRX - PM','2016-08-31 16:00:00','2016-08-31 16:50:00','2016-08-03 05:00:00',600,12,1333,'סטודיו כוכב יאיר','שיעור נערות לגילאי 14-18','2016-08-02 16:53:13','2016-08-03 05:05:35','EVENT_OPEN'),(1502,2,'TRX HIIT - PM1','2016-08-31 17:00:00','2016-08-31 17:50:00','2016-08-03 05:00:00',600,12,1201,'סטודיו כוכב יאיר','אימון בעצימות גבוהה לשריפת שומן מוגברת','2016-08-02 16:53:13','2016-08-03 05:05:35','EVENT_OPEN'),(1503,2,'TRX HIIT - PM2','2016-08-31 18:00:00','2016-08-31 18:50:00','2016-08-03 05:00:00',600,12,1201,'סטודיו כוכב יאיר','אימון בעצימות גבוהה לשריפת שומן מוגברת','2016-08-02 16:53:13','2016-08-03 05:05:35','EVENT_OPEN'),(1504,2,'TRX OUT DOOR - PM','2016-09-01 17:30:00','2016-09-01 18:20:00','2016-08-03 05:00:00',600,10,1201,'גן שעשועים כוכב יאיר','','2016-08-02 16:53:13','2016-08-03 05:05:36','EVENT_OPEN'),(1505,2,'TRX HIIT - AM','2016-09-02 05:30:00','2016-09-02 06:20:00','2016-08-03 05:00:00',600,12,1077,'סטודיו כוכב יאיר','','2016-08-02 16:53:13','2016-08-03 05:05:36','EVENT_OPEN'),(1506,5,'פונקציונלי','2016-07-31 15:30:00','2016-07-31 16:30:00','2016-07-01 00:30:00',600,5,1824,'נטלי מרפסת','שיעור פונקציונלי קבוצתי','2016-08-03 17:36:14','2016-08-03 17:36:14','EVENT_LOCKED'),(1507,5,'פונקציונלי','2016-07-31 16:30:00','2016-07-31 17:30:00','2016-07-01 00:30:00',600,5,1824,'נטלי מרפסת','שיעור פונקציונלי קבוצתי','2016-08-03 17:36:14','2016-08-03 17:36:14','EVENT_LOCKED'),(1508,5,'פונקציונלי','2016-07-31 17:30:00','2016-07-31 18:30:00','2016-07-01 00:30:00',600,3,1824,'נטלי מרפסת','שיעור פונקציונלי קבוצתי','2016-08-03 17:36:14','2016-08-04 19:31:33','EVENT_LOCKED'),(1509,5,'פונקציונלי','2016-08-01 17:15:00','2016-08-01 18:15:00','2016-07-01 00:30:00',600,3,1824,'נטלי מרפסת','שיעור פונקציונלי קבוצתי','2016-08-03 17:36:14','2016-08-03 17:36:14','EVENT_LOCKED'),(1510,5,'פונקציונלי','2016-08-02 15:30:00','2016-08-02 16:30:00','2016-07-01 00:30:00',600,5,1824,'נטלי מרפסת','שיעור פונקציונלי קבוצתי','2016-08-03 17:36:14','2016-08-03 17:36:14','EVENT_LOCKED'),(1511,5,'פונקציונלי','2016-08-02 16:30:00','2016-08-02 17:30:00','2016-07-01 00:30:00',600,5,1824,'נטלי מרפסת','שיעור פונקציונלי קבוצתי','2016-08-03 17:36:15','2016-08-03 17:36:15','EVENT_LOCKED'),(1512,5,'פונקציונלי','2016-08-02 17:30:00','2016-08-02 18:30:00','2016-07-01 00:30:00',600,3,1824,'נטלי מרפסת','שיעור פונקציונלי קבוצתי','2016-08-03 17:36:15','2016-08-04 19:31:41','EVENT_LOCKED'),(1513,5,'פונקציונלי','2016-08-03 17:15:00','2016-08-03 18:15:00','2016-07-01 00:30:00',600,3,1824,'נטלי מרפסת','שיעור פונקציונלי קבוצתי','2016-08-03 17:36:15','2016-08-03 17:36:15','EVENT_LOCKED'),(1514,5,'פונקציונלי','2016-08-04 17:15:00','2016-08-04 18:15:00','2016-07-01 00:30:00',600,3,1824,'נטלי מרפסת','שיעור פונקציונלי קבוצתי','2016-08-03 17:36:15','2016-08-04 18:42:24','EVENT_LOCKED'),(1515,5,'פונקציונלי','2016-08-05 05:00:00','2016-08-05 06:00:00','2016-07-01 00:30:00',600,3,1824,'נטלי מרפסת','שיעור פונקציונלי קבוצתי','2016-08-03 17:36:15','2016-08-06 20:53:10','EVENT_LOCKED'),(1516,5,'פונקציונלי','2016-08-05 06:00:00','2016-08-05 07:00:00','2016-07-01 00:30:00',600,3,1824,'נטלי מרפסת','שיעור פונקציונלי קבוצתי','2016-08-03 17:36:15','2016-08-06 20:53:10','EVENT_LOCKED'),(1517,5,'פונקציונלי','2016-08-05 07:00:00','2016-08-05 08:00:00','2016-07-01 00:30:00',600,3,1824,'נטלי מרפסת','שיעור פונקציונלי קבוצתי','2016-08-03 17:36:15','2016-08-06 20:53:10','EVENT_LOCKED'),(1518,5,'פונקציונלי','2016-08-07 15:30:00','2016-08-07 16:30:00','2016-07-01 00:30:00',600,5,1824,'נטלי מרפסת','שיעור פונקציונלי קבוצתי','2016-08-03 17:36:16','2016-08-08 12:29:14','EVENT_LOCKED'),(1519,5,'פונקציונלי','2016-08-07 16:30:00','2016-08-07 17:30:00','2016-07-01 00:30:00',600,5,1824,'נטלי מרפסת','שיעור פונקציונלי קבוצתי','2016-08-03 17:36:16','2016-08-08 12:29:14','EVENT_LOCKED'),(1520,5,'פונקציונלי','2016-08-07 17:30:00','2016-08-07 18:30:00','2016-07-01 00:30:00',600,3,1824,'נטלי מרפסת','שיעור פונקציונלי קבוצתי','2016-08-03 17:36:16','2016-08-08 12:29:14','EVENT_LOCKED'),(1521,5,'פונקציונלי','2016-08-08 17:15:00','2016-08-08 18:15:00','2016-07-01 00:30:00',600,3,1824,'נטלי מרפסת','שיעור פונקציונלי קבוצתי','2016-08-03 17:36:16','2016-08-08 17:15:35','EVENT_LOCKED'),(1522,5,'פונקציונלי','2016-08-09 15:30:00','2016-08-09 16:30:00','2016-07-01 00:30:00',600,5,1824,'נטלי מרפסת','שיעור פונקציונלי קבוצתי','2016-08-03 17:36:16','2016-08-09 15:33:28','EVENT_LOCKED'),(1523,5,'פונקציונלי','2016-08-09 16:30:00','2016-08-09 17:30:00','2016-07-01 00:30:00',600,5,1824,'נטלי מרפסת','שיעור פונקציונלי קבוצתי','2016-08-03 17:36:16','2016-08-09 16:31:37','EVENT_LOCKED'),(1524,5,'פונקציונלי','2016-08-09 17:30:00','2016-08-09 18:30:00','2016-07-01 00:30:00',600,3,1824,'נטלי מרפסת','שיעור פונקציונלי קבוצתי','2016-08-03 17:36:16','2016-08-09 17:46:32','EVENT_LOCKED'),(1525,5,'פונקציונלי','2016-08-10 17:15:00','2016-08-10 18:15:00','2016-07-01 00:30:00',600,3,1824,'נטלי מרפסת','שיעור פונקציונלי קבוצתי','2016-08-03 17:36:17','2016-08-10 18:52:52','EVENT_LOCKED'),(1526,5,'פונקציונלי','2016-08-11 17:15:00','2016-08-11 18:15:00','2016-07-01 00:30:00',600,3,1824,'נטלי מרפסת','שיעור פונקציונלי קבוצתי','2016-08-03 17:36:17','2016-08-11 10:56:38','EVENT_LOCKED_FOR_UNREGISTRATION'),(1527,5,'פונקציונלי','2016-08-12 05:00:00','2016-08-12 06:00:00','2016-07-01 00:30:00',600,3,1824,'נטלי מרפסת','שיעור פונקציונלי קבוצתי','2016-08-03 17:36:17','2016-08-03 17:36:17','EVENT_OPEN'),(1528,5,'פונקציונלי','2016-08-12 06:00:00','2016-08-12 07:00:00','2016-07-01 00:30:00',600,3,1824,'נטלי מרפסת','שיעור פונקציונלי קבוצתי','2016-08-03 17:36:17','2016-08-03 17:36:17','EVENT_OPEN'),(1529,5,'פונקציונלי','2016-08-12 07:00:00','2016-08-12 08:00:00','2016-07-01 00:30:00',600,3,1824,'נטלי מרפסת','שיעור פונקציונלי קבוצתי','2016-08-03 17:36:17','2016-08-03 17:36:17','EVENT_OPEN'),(1530,5,'פונקציונלי','2016-08-14 15:30:00','2016-08-14 16:30:00','2016-07-01 00:30:00',600,5,1824,'נטלי מרפסת','שיעור פונקציונלי קבוצתי','2016-08-03 17:36:17','2016-08-03 17:36:17','EVENT_OPEN'),(1531,5,'פונקציונלי','2016-08-14 16:30:00','2016-08-14 17:30:00','2016-07-01 00:30:00',600,5,1824,'נטלי מרפסת','שיעור פונקציונלי קבוצתי','2016-08-03 17:36:18','2016-08-03 17:36:18','EVENT_OPEN'),(1532,5,'פונקציונלי','2016-08-14 17:30:00','2016-08-14 18:30:00','2016-07-01 00:30:00',600,3,1824,'נטלי מרפסת','שיעור פונקציונלי קבוצתי','2016-08-03 17:36:18','2016-08-04 19:31:55','EVENT_OPEN'),(1533,5,'פונקציונלי','2016-08-15 17:15:00','2016-08-15 18:15:00','2016-07-01 00:30:00',600,3,1824,'נטלי מרפסת','שיעור פונקציונלי קבוצתי','2016-08-03 17:36:18','2016-08-03 17:36:18','EVENT_OPEN'),(1534,5,'פונקציונלי','2016-08-16 15:30:00','2016-08-16 16:30:00','2016-07-01 00:30:00',600,5,1824,'נטלי מרפסת','שיעור פונקציונלי קבוצתי','2016-08-03 17:36:18','2016-08-03 17:36:18','EVENT_OPEN'),(1535,5,'פונקציונלי','2016-08-16 16:30:00','2016-08-16 17:30:00','2016-07-01 00:30:00',600,5,1824,'נטלי מרפסת','שיעור פונקציונלי קבוצתי','2016-08-03 17:36:18','2016-08-03 17:36:18','EVENT_OPEN'),(1536,5,'פונקציונלי','2016-08-16 17:30:00','2016-08-16 18:30:00','2016-07-01 00:30:00',600,3,1824,'נטלי מרפסת','שיעור פונקציונלי קבוצתי','2016-08-03 17:36:18','2016-08-04 19:31:59','EVENT_OPEN'),(1537,5,'פונקציונלי','2016-08-17 17:15:00','2016-08-17 18:15:00','2016-07-01 00:30:00',600,3,1824,'נטלי מרפסת','שיעור פונקציונלי קבוצתי','2016-08-03 17:36:19','2016-08-03 17:36:19','EVENT_OPEN'),(1538,5,'פונקציונלי','2016-08-18 17:15:00','2016-08-18 18:15:00','2016-07-01 00:30:00',600,3,1824,'נטלי מרפסת','שיעור פונקציונלי קבוצתי','2016-08-03 17:36:19','2016-08-03 17:36:19','EVENT_OPEN'),(1539,5,'פונקציונלי','2016-08-19 05:00:00','2016-08-19 06:00:00','2016-07-01 00:30:00',600,3,1824,'נטלי מרפסת','שיעור פונקציונלי קבוצתי','2016-08-03 17:36:19','2016-08-03 17:36:19','EVENT_OPEN'),(1540,5,'פונקציונלי','2016-08-19 06:00:00','2016-08-19 07:00:00','2016-07-01 00:30:00',600,3,1824,'נטלי מרפסת','שיעור פונקציונלי קבוצתי','2016-08-03 17:36:19','2016-08-03 17:36:19','EVENT_OPEN'),(1541,5,'פונקציונלי','2016-08-19 07:00:00','2016-08-19 08:00:00','2016-07-01 00:30:00',600,3,1824,'נטלי מרפסת','שיעור פונקציונלי קבוצתי','2016-08-03 17:36:19','2016-08-03 17:36:19','EVENT_OPEN'),(1542,5,'פונקציונלי','2016-08-21 15:30:00','2016-08-21 16:30:00','2016-07-01 00:30:00',600,5,1824,'נטלי מרפסת','שיעור פונקציונלי קבוצתי','2016-08-03 17:36:19','2016-08-03 17:36:19','EVENT_OPEN'),(1543,5,'פונקציונלי','2016-08-21 16:30:00','2016-08-21 17:30:00','2016-07-01 00:30:00',600,5,1824,'נטלי מרפסת','שיעור פונקציונלי קבוצתי','2016-08-03 17:36:19','2016-08-03 17:36:19','EVENT_OPEN'),(1544,5,'פונקציונלי','2016-08-21 17:30:00','2016-08-21 18:30:00','2016-07-01 00:30:00',600,3,1824,'נטלי מרפסת','שיעור פונקציונלי קבוצתי','2016-08-03 17:36:20','2016-08-04 19:32:04','EVENT_OPEN'),(1545,5,'פונקציונלי','2016-08-22 17:15:00','2016-08-22 18:15:00','2016-07-01 00:30:00',600,3,1824,'נטלי מרפסת','שיעור פונקציונלי קבוצתי','2016-08-03 17:36:20','2016-08-03 17:36:20','EVENT_OPEN'),(1546,5,'פונקציונלי','2016-08-23 15:30:00','2016-08-23 16:30:00','2016-07-01 00:30:00',600,5,1824,'נטלי מרפסת','שיעור פונקציונלי קבוצתי','2016-08-03 17:36:20','2016-08-03 17:36:20','EVENT_OPEN'),(1547,5,'פונקציונלי','2016-08-23 16:30:00','2016-08-23 17:30:00','2016-07-01 00:30:00',600,5,1824,'נטלי מרפסת','שיעור פונקציונלי קבוצתי','2016-08-03 17:36:20','2016-08-03 17:36:20','EVENT_OPEN'),(1548,5,'פונקציונלי','2016-08-23 17:30:00','2016-08-23 18:30:00','2016-07-01 00:30:00',600,3,1824,'נטלי מרפסת','שיעור פונקציונלי קבוצתי','2016-08-03 17:36:20','2016-08-04 19:32:10','EVENT_OPEN'),(1549,5,'פונקציונלי','2016-08-24 17:15:00','2016-08-24 18:15:00','2016-07-01 00:30:00',600,3,1824,'נטלי מרפסת','שיעור פונקציונלי קבוצתי','2016-08-03 17:36:20','2016-08-03 17:36:20','EVENT_OPEN'),(1550,5,'פונקציונלי','2016-08-25 17:15:00','2016-08-25 18:15:00','2016-07-01 00:30:00',600,3,1824,'נטלי מרפסת','שיעור פונקציונלי קבוצתי','2016-08-03 17:36:20','2016-08-03 17:36:20','EVENT_OPEN'),(1551,5,'פונקציונלי','2016-08-26 05:00:00','2016-08-26 06:00:00','2016-07-01 00:30:00',600,3,1824,'נטלי מרפסת','שיעור פונקציונלי קבוצתי','2016-08-03 17:36:21','2016-08-03 17:36:21','EVENT_OPEN'),(1552,5,'פונקציונלי','2016-08-26 06:00:00','2016-08-26 07:00:00','2016-07-01 00:30:00',600,3,1824,'נטלי מרפסת','שיעור פונקציונלי קבוצתי','2016-08-03 17:36:21','2016-08-03 17:36:21','EVENT_OPEN'),(1553,5,'פונקציונלי','2016-08-26 07:00:00','2016-08-26 08:00:00','2016-07-01 00:30:00',600,3,1824,'נטלי מרפסת','שיעור פונקציונלי קבוצתי','2016-08-03 17:36:21','2016-08-03 17:36:21','EVENT_OPEN'),(1554,5,'פונקציונלי','2016-08-28 15:30:00','2016-08-28 16:30:00','2016-07-01 00:30:00',600,5,1824,'נטלי מרפסת','שיעור פונקציונלי קבוצתי','2016-08-03 17:36:21','2016-08-03 17:36:21','EVENT_OPEN'),(1555,5,'פונקציונלי','2016-08-28 16:30:00','2016-08-28 17:30:00','2016-07-01 00:30:00',600,5,1824,'נטלי מרפסת','שיעור פונקציונלי קבוצתי','2016-08-03 17:36:21','2016-08-03 17:36:21','EVENT_OPEN'),(1556,5,'פונקציונלי','2016-08-28 17:30:00','2016-08-28 18:30:00','2016-07-01 00:30:00',600,3,1824,'נטלי מרפסת','שיעור פונקציונלי קבוצתי','2016-08-03 17:36:21','2016-08-04 19:32:17','EVENT_OPEN'),(1557,5,'פונקציונלי','2016-08-29 17:15:00','2016-08-29 18:15:00','2016-07-01 00:30:00',600,3,1824,'נטלי מרפסת','שיעור פונקציונלי קבוצתי','2016-08-03 17:36:21','2016-08-03 17:36:21','EVENT_OPEN'),(1558,5,'פונקציונלי','2016-08-30 15:30:00','2016-08-30 16:30:00','2016-07-01 00:30:00',600,5,1824,'נטלי מרפסת','שיעור פונקציונלי קבוצתי','2016-08-03 17:36:21','2016-08-03 17:36:21','EVENT_OPEN'),(1559,5,'פונקציונלי','2016-08-30 16:30:00','2016-08-30 17:30:00','2016-07-01 00:30:00',600,5,1824,'נטלי מרפסת','שיעור פונקציונלי קבוצתי','2016-08-03 17:36:22','2016-08-03 17:36:22','EVENT_OPEN'),(1560,5,'פונקציונלי','2016-08-30 17:30:00','2016-08-30 18:30:00','2016-07-01 00:30:00',600,3,1824,'נטלי מרפסת','שיעור פונקציונלי קבוצתי','2016-08-03 17:36:22','2016-08-04 19:32:22','EVENT_OPEN'),(1561,5,'פונקציונלי','2016-08-31 17:15:00','2016-08-31 18:15:00','2016-07-01 00:30:00',600,3,1824,'נטלי מרפסת','שיעור פונקציונלי קבוצתי','2016-08-03 17:36:22','2016-08-03 17:36:22','EVENT_OPEN'),(1562,5,'פונקציונלי','2016-09-01 17:15:00','2016-09-01 18:15:00','2016-07-01 00:30:00',600,3,1824,'נטלי מרפסת','שיעור פונקציונלי קבוצתי','2016-08-03 17:36:22','2016-08-03 17:36:22','EVENT_OPEN'),(1563,5,'פונקציונלי','2016-09-02 05:00:00','2016-09-02 06:00:00','2016-07-01 00:30:00',600,3,1824,'נטלי מרפסת','שיעור פונקציונלי קבוצתי','2016-08-03 17:36:22','2016-08-03 17:36:22','EVENT_OPEN'),(1564,5,'פונקציונלי','2016-09-02 06:00:00','2016-09-02 07:00:00','2016-07-01 00:30:00',600,3,1824,'נטלי מרפסת','שיעור פונקציונלי קבוצתי','2016-08-03 17:36:22','2016-08-03 17:36:22','EVENT_OPEN'),(1565,5,'פונקציונלי','2016-09-02 07:00:00','2016-09-02 08:00:00','2016-07-01 00:30:00',600,3,1824,'נטלי מרפסת','שיעור פונקציונלי קבוצתי','2016-08-03 17:36:22','2016-08-03 17:36:22','EVENT_OPEN'),(1566,6,'שיעור אישי','2016-08-02 05:00:00','2016-08-02 06:00:00','2016-07-02 14:00:00',600,1,1824,'נטלי מרפסת','אימון בהתאמה אישית','2016-08-03 17:39:26','2016-08-03 17:39:26','EVENT_LOCKED'),(1567,6,'שיעור אישי','2016-08-02 06:00:00','2016-08-02 07:00:00','2016-07-02 14:00:00',600,1,1824,'נטלי מרפסת','אימון בהתאמה אישית','2016-08-03 17:39:26','2016-08-03 17:39:26','EVENT_LOCKED'),(1568,6,'שיעור אישי','2016-08-02 07:00:00','2016-08-02 08:00:00','2016-07-02 14:00:00',600,1,1824,'נטלי מרפסת','אימון בהתאמה אישית','2016-08-03 17:39:26','2016-08-03 17:39:26','EVENT_LOCKED'),(1569,6,'שיעור אישי','2016-08-02 08:00:00','2016-08-02 09:00:00','2016-07-02 14:00:00',600,1,1824,'נטלי מרפסת','אימון בהתאמה אישית','2016-08-03 17:39:26','2016-08-03 17:39:26','EVENT_LOCKED'),(1570,6,'שיעור אישי','2016-08-02 09:00:00','2016-08-02 10:00:00','2016-07-02 14:00:00',600,1,1824,'נטלי מרפסת','אימון בהתאמה אישית','2016-08-03 17:39:26','2016-08-03 17:39:26','EVENT_LOCKED'),(1571,6,'שיעור אישי','2016-08-03 05:00:00','2016-08-03 06:00:00','2016-07-02 14:00:00',600,1,1824,'נטלי מרפסת','אימון בהתאמה אישית','2016-08-03 17:39:26','2016-08-03 17:39:26','EVENT_LOCKED'),(1572,6,'שיעור אישי','2016-08-03 06:00:00','2016-08-03 07:00:00','2016-07-02 14:00:00',600,1,1824,'נטלי מרפסת','אימון בהתאמה אישית','2016-08-03 17:39:27','2016-08-03 17:39:27','EVENT_LOCKED'),(1573,6,'שיעור אישי','2016-08-03 07:00:00','2016-08-03 08:00:00','2016-07-02 14:00:00',600,1,1824,'נטלי מרפסת','אימון בהתאמה אישית','2016-08-03 17:39:27','2016-08-03 17:39:27','EVENT_LOCKED'),(1574,6,'שיעור אישי','2016-08-03 08:00:00','2016-08-03 09:00:00','2016-07-02 14:00:00',600,1,1824,'נטלי מרפסת','אימון בהתאמה אישית','2016-08-03 17:39:27','2016-08-03 17:39:27','EVENT_LOCKED'),(1575,6,'שיעור אישי','2016-08-03 09:00:00','2016-08-03 10:00:00','2016-07-02 14:00:00',600,1,1824,'נטלי מרפסת','אימון בהתאמה אישית','2016-08-03 17:39:27','2016-08-03 17:39:27','EVENT_LOCKED'),(1576,6,'שיעור אישי','2016-08-09 05:00:00','2016-08-09 06:00:00','2016-07-02 14:00:00',600,1,1824,'נטלי מרפסת','אימון בהתאמה אישית','2016-08-03 17:39:27','2016-08-09 05:32:52','EVENT_LOCKED'),(1577,6,'שיעור אישי','2016-08-09 06:00:00','2016-08-09 07:00:00','2016-07-02 14:00:00',600,1,1824,'נטלי מרפסת','אימון בהתאמה אישית','2016-08-03 17:39:28','2016-08-09 12:52:27','EVENT_LOCKED'),(1578,6,'שיעור אישי','2016-08-09 07:00:00','2016-08-09 08:00:00','2016-07-02 14:00:00',600,1,1824,'נטלי מרפסת','אימון בהתאמה אישית','2016-08-03 17:39:28','2016-08-09 12:52:27','EVENT_LOCKED'),(1579,6,'שיעור אישי','2016-08-09 08:00:00','2016-08-09 09:00:00','2016-07-02 14:00:00',600,1,1824,'נטלי מרפסת','אימון בהתאמה אישית','2016-08-03 17:39:28','2016-08-09 12:52:27','EVENT_LOCKED'),(1580,6,'שיעור אישי','2016-08-09 09:00:00','2016-08-09 10:00:00','2016-07-02 14:00:00',600,1,1824,'נטלי מרפסת','אימון בהתאמה אישית','2016-08-03 17:39:28','2016-08-09 12:52:26','EVENT_LOCKED'),(1581,6,'שיעור אישי','2016-08-10 05:00:00','2016-08-10 06:00:00','2016-07-02 14:00:00',600,1,1824,'נטלי מרפסת','אימון בהתאמה אישית','2016-08-03 17:39:28','2016-08-09 20:17:47','EVENT_LOCKED_FOR_UNREGISTRATION'),(1582,6,'שיעור אישי','2016-08-10 06:00:00','2016-08-10 07:00:00','2016-07-02 14:00:00',600,1,1824,'נטלי מרפסת','אימון בהתאמה אישית','2016-08-03 17:39:28','2016-08-09 20:17:46','EVENT_LOCKED_FOR_UNREGISTRATION'),(1583,6,'שיעור אישי','2016-08-10 07:00:00','2016-08-10 08:00:00','2016-07-02 14:00:00',600,1,1824,'נטלי מרפסת','אימון בהתאמה אישית','2016-08-03 17:39:29','2016-08-03 17:39:29','EVENT_OPEN'),(1584,6,'שיעור אישי','2016-08-10 08:00:00','2016-08-10 09:00:00','2016-07-02 14:00:00',600,1,1824,'נטלי מרפסת','אימון בהתאמה אישית','2016-08-03 17:39:29','2016-08-03 17:39:29','EVENT_OPEN'),(1585,6,'שיעור אישי','2016-08-10 09:00:00','2016-08-10 10:00:00','2016-07-02 14:00:00',600,1,1824,'נטלי מרפסת','אימון בהתאמה אישית','2016-08-03 17:39:29','2016-08-03 17:39:29','EVENT_OPEN'),(1586,6,'שיעור אישי','2016-08-16 05:00:00','2016-08-16 06:00:00','2016-07-02 14:00:00',600,1,1824,'נטלי מרפסת','אימון בהתאמה אישית','2016-08-03 17:39:29','2016-08-03 17:39:29','EVENT_OPEN'),(1587,6,'שיעור אישי','2016-08-16 06:00:00','2016-08-16 07:00:00','2016-07-02 14:00:00',600,1,1824,'נטלי מרפסת','אימון בהתאמה אישית','2016-08-03 17:39:29','2016-08-03 17:39:29','EVENT_OPEN'),(1588,6,'שיעור אישי','2016-08-16 07:00:00','2016-08-16 08:00:00','2016-07-02 14:00:00',600,1,1824,'נטלי מרפסת','אימון בהתאמה אישית','2016-08-03 17:39:29','2016-08-03 17:39:29','EVENT_OPEN'),(1589,6,'שיעור אישי','2016-08-16 08:00:00','2016-08-16 09:00:00','2016-07-02 14:00:00',600,1,1824,'נטלי מרפסת','אימון בהתאמה אישית','2016-08-03 17:39:30','2016-08-03 17:39:30','EVENT_OPEN'),(1590,6,'שיעור אישי','2016-08-16 09:00:00','2016-08-16 10:00:00','2016-07-02 14:00:00',600,1,1824,'נטלי מרפסת','אימון בהתאמה אישית','2016-08-03 17:39:30','2016-08-03 17:39:30','EVENT_OPEN'),(1591,6,'שיעור אישי','2016-08-17 05:00:00','2016-08-17 06:00:00','2016-07-02 14:00:00',600,1,1824,'נטלי מרפסת','אימון בהתאמה אישית','2016-08-03 17:39:30','2016-08-03 17:39:30','EVENT_OPEN'),(1592,6,'שיעור אישי','2016-08-17 06:00:00','2016-08-17 07:00:00','2016-07-02 14:00:00',600,1,1824,'נטלי מרפסת','אימון בהתאמה אישית','2016-08-03 17:39:30','2016-08-03 17:39:30','EVENT_OPEN'),(1593,6,'שיעור אישי','2016-08-17 07:00:00','2016-08-17 08:00:00','2016-07-02 14:00:00',600,1,1824,'נטלי מרפסת','אימון בהתאמה אישית','2016-08-03 17:39:30','2016-08-03 17:39:30','EVENT_OPEN'),(1594,6,'שיעור אישי','2016-08-17 08:00:00','2016-08-17 09:00:00','2016-07-02 14:00:00',600,1,1824,'נטלי מרפסת','אימון בהתאמה אישית','2016-08-03 17:39:30','2016-08-03 17:39:30','EVENT_OPEN'),(1595,6,'שיעור אישי','2016-08-17 09:00:00','2016-08-17 10:00:00','2016-07-02 14:00:00',600,1,1824,'נטלי מרפסת','אימון בהתאמה אישית','2016-08-03 17:39:30','2016-08-03 17:39:30','EVENT_OPEN'),(1596,6,'שיעור אישי','2016-08-23 05:00:00','2016-08-23 06:00:00','2016-07-02 14:00:00',600,1,1824,'נטלי מרפסת','אימון בהתאמה אישית','2016-08-03 17:39:31','2016-08-03 17:39:31','EVENT_OPEN'),(1597,6,'שיעור אישי','2016-08-23 06:00:00','2016-08-23 07:00:00','2016-07-02 14:00:00',600,1,1824,'נטלי מרפסת','אימון בהתאמה אישית','2016-08-03 17:39:31','2016-08-03 17:39:31','EVENT_OPEN'),(1598,6,'שיעור אישי','2016-08-23 07:00:00','2016-08-23 08:00:00','2016-07-02 14:00:00',600,1,1824,'נטלי מרפסת','אימון בהתאמה אישית','2016-08-03 17:39:31','2016-08-03 17:39:31','EVENT_OPEN'),(1599,6,'שיעור אישי','2016-08-23 08:00:00','2016-08-23 09:00:00','2016-07-02 14:00:00',600,1,1824,'נטלי מרפסת','אימון בהתאמה אישית','2016-08-03 17:39:32','2016-08-03 17:39:32','EVENT_OPEN'),(1600,6,'שיעור אישי','2016-08-23 09:00:00','2016-08-23 10:00:00','2016-07-02 14:00:00',600,1,1824,'נטלי מרפסת','אימון בהתאמה אישית','2016-08-03 17:39:32','2016-08-03 17:39:32','EVENT_OPEN'),(1601,6,'שיעור אישי','2016-08-24 05:00:00','2016-08-24 06:00:00','2016-07-02 14:00:00',600,1,1824,'נטלי מרפסת','אימון בהתאמה אישית','2016-08-03 17:39:32','2016-08-03 17:39:32','EVENT_OPEN'),(1602,6,'שיעור אישי','2016-08-24 06:00:00','2016-08-24 07:00:00','2016-07-02 14:00:00',600,1,1824,'נטלי מרפסת','אימון בהתאמה אישית','2016-08-03 17:39:32','2016-08-03 17:39:32','EVENT_OPEN'),(1603,6,'שיעור אישי','2016-08-24 07:00:00','2016-08-24 08:00:00','2016-07-02 14:00:00',600,1,1824,'נטלי מרפסת','אימון בהתאמה אישית','2016-08-03 17:39:32','2016-08-03 17:39:32','EVENT_OPEN'),(1604,6,'שיעור אישי','2016-08-24 08:00:00','2016-08-24 09:00:00','2016-07-02 14:00:00',600,1,1824,'נטלי מרפסת','אימון בהתאמה אישית','2016-08-03 17:39:32','2016-08-03 17:39:32','EVENT_OPEN'),(1605,6,'שיעור אישי','2016-08-24 09:00:00','2016-08-24 10:00:00','2016-07-02 14:00:00',600,1,1824,'נטלי מרפסת','אימון בהתאמה אישית','2016-08-03 17:39:33','2016-08-03 17:39:33','EVENT_OPEN'),(1606,6,'שיעור אישי','2016-08-30 05:00:00','2016-08-30 06:00:00','2016-07-02 14:00:00',600,1,1824,'נטלי מרפסת','אימון בהתאמה אישית','2016-08-03 17:39:33','2016-08-03 17:39:33','EVENT_OPEN'),(1607,6,'שיעור אישי','2016-08-30 06:00:00','2016-08-30 07:00:00','2016-07-02 14:00:00',600,1,1824,'נטלי מרפסת','אימון בהתאמה אישית','2016-08-03 17:39:33','2016-08-03 17:39:33','EVENT_OPEN'),(1608,6,'שיעור אישי','2016-08-30 07:00:00','2016-08-30 08:00:00','2016-07-02 14:00:00',600,1,1824,'נטלי מרפסת','אימון בהתאמה אישית','2016-08-03 17:39:33','2016-08-03 17:39:33','EVENT_OPEN'),(1609,6,'שיעור אישי','2016-08-30 08:00:00','2016-08-30 09:00:00','2016-07-02 14:00:00',600,1,1824,'נטלי מרפסת','אימון בהתאמה אישית','2016-08-03 17:39:33','2016-08-03 17:39:33','EVENT_OPEN'),(1610,6,'שיעור אישי','2016-08-30 09:00:00','2016-08-30 10:00:00','2016-07-02 14:00:00',600,1,1824,'נטלי מרפסת','אימון בהתאמה אישית','2016-08-03 17:39:33','2016-08-03 17:39:33','EVENT_OPEN'),(1611,6,'שיעור אישי','2016-08-31 05:00:00','2016-08-31 06:00:00','2016-07-02 14:00:00',600,1,1824,'נטלי מרפסת','אימון בהתאמה אישית','2016-08-03 17:39:34','2016-08-03 17:39:34','EVENT_OPEN'),(1612,6,'שיעור אישי','2016-08-31 06:00:00','2016-08-31 07:00:00','2016-07-02 14:00:00',600,1,1824,'נטלי מרפסת','אימון בהתאמה אישית','2016-08-03 17:39:34','2016-08-03 17:39:34','EVENT_OPEN'),(1613,6,'שיעור אישי','2016-08-31 07:00:00','2016-08-31 08:00:00','2016-07-02 14:00:00',600,1,1824,'נטלי מרפסת','אימון בהתאמה אישית','2016-08-03 17:39:34','2016-08-03 17:39:34','EVENT_OPEN'),(1614,6,'שיעור אישי','2016-08-31 08:00:00','2016-08-31 09:00:00','2016-07-02 14:00:00',600,1,1824,'נטלי מרפסת','אימון בהתאמה אישית','2016-08-03 17:39:35','2016-08-03 17:39:35','EVENT_OPEN'),(1615,6,'שיעור אישי','2016-08-31 09:00:00','2016-08-31 10:00:00','2016-07-02 14:00:00',600,1,1824,'נטלי מרפסת','אימון בהתאמה אישית','2016-08-03 17:39:35','2016-08-03 17:39:35','EVENT_OPEN'),(1632,7,'Monday - PM1','2016-08-08 17:00:00','2016-08-08 17:45:00','2016-08-02 06:00:00',0,7,1079,'מתנס כוכב יאיר','שיעור רצועות מתנס כוכב יאיר','2016-08-07 19:57:44','2016-08-07 19:57:44','EVENT_OPEN'),(1633,7,'Monday - PM2','2016-08-08 17:45:00','2016-08-08 18:30:00','2016-08-02 06:00:00',0,7,1079,'מתנס כוכב יאיר','שיעור רצועות מתנס כוכב יאיר','2016-08-07 19:57:44','2016-08-07 19:57:44','EVENT_OPEN'),(1634,7,'Monday - PM1','2016-08-15 17:00:00','2016-08-15 17:45:00','2016-08-09 06:00:00',0,7,1079,'מתנס כוכב יאיר','שיעור רצועות מתנס כוכב יאיר','2016-08-07 19:57:44','2016-08-07 19:57:44','EVENT_LOCKED'),(1635,7,'Monday - PM2','2016-08-15 17:45:00','2016-08-15 18:30:00','2016-08-09 06:00:00',0,7,1079,'מתנס כוכב יאיר','שיעור רצועות מתנס כוכב יאיר','2016-08-07 19:57:44','2016-08-07 19:57:44','EVENT_LOCKED'),(1636,7,'Monday - PM1','2016-08-22 17:00:00','2016-08-22 17:45:00','2016-08-16 06:00:00',0,7,1079,'מתנס כוכב יאיר','שיעור רצועות מתנס כוכב יאיר','2016-08-07 19:57:45','2016-08-07 19:57:45','EVENT_LOCKED'),(1637,7,'Monday - PM2','2016-08-22 17:45:00','2016-08-22 18:30:00','2016-08-16 06:00:00',0,7,1079,'מתנס כוכב יאיר','שיעור רצועות מתנס כוכב יאיר','2016-08-07 19:57:45','2016-08-07 19:57:45','EVENT_LOCKED'),(1638,7,'Monday - PM1','2016-08-29 17:00:00','2016-08-29 17:45:00','2016-08-23 06:00:00',0,7,1079,'מתנס כוכב יאיר','שיעור רצועות מתנס כוכב יאיר','2016-08-07 19:57:45','2016-08-07 19:57:45','EVENT_LOCKED'),(1639,7,'Monday - PM2','2016-08-29 17:45:00','2016-08-29 18:30:00','2016-08-23 06:00:00',0,7,1079,'מתנס כוכב יאיר','שיעור רצועות מתנס כוכב יאיר','2016-08-07 19:57:45','2016-08-07 19:57:45','EVENT_LOCKED');
/*!40000 ALTER TABLE `events` ENABLE KEYS */;
UNLOCK TABLES;

--
-- Table structure for table `person`
--

DROP TABLE IF EXISTS `person`;
/*!40101 SET @saved_cs_client     = @@character_set_client */;
/*!40101 SET character_set_client = utf8 */;
CREATE TABLE `person` (
  `personId` int(11) NOT NULL AUTO_INCREMENT,
  `phoneNumber` varchar(255) NOT NULL,
  `firstName` varchar(255) NOT NULL,
  `lastName` varchar(255) DEFAULT NULL,
  `address` varchar(255) DEFAULT NULL,
  `email` varchar(255) DEFAULT NULL,
  `birthDate` date DEFAULT NULL,
  PRIMARY KEY (`personId`,`phoneNumber`,`firstName`)
) ENGINE=InnoDB AUTO_INCREMENT=1916 DEFAULT CHARSET=utf8;
/*!40101 SET character_set_client = @saved_cs_client */;

--
-- Dumping data for table `person`
--

LOCK TABLES `person` WRITE;
/*!40000 ALTER TABLE `person` DISABLE KEYS */;
INSERT INTO `person` VALUES (-1,'NA','NA','NA','NA','NA',NULL),(1000,'(972)0507730705','Roi','Dayan ','KY Hanegev 10','roid@amdocs.com',NULL),(1001,'(972)0507730702','Yam','Dayan','KY Hanegev 10','yam@gmail.com',NULL),(1002,'(972)0507730705','Nave','Dayan','KY Hanegev 10','Nave@gmail.com','2007-12-19'),(1003,'(972)0507730705','Beeri','Dayan','KY Hanegev 10','Beeri@gmail.com','2006-01-22'),(1004,'(972)0547439943','Lauris','','KY Dan 36','ree@netvision.net.il',NULL),(1005,'(972)0549996851','Idan','Korin','Haifa','idan.korin@elbitsystems.com','1971-10-10'),(1006,'(972)0529571776','Zohar','Lis','Tzur Yigal','ZLiss@tmlw.co.il','1973-05-09'),(1007,'(972)0549314729','Edut','Korin','Haifa','edutkorin@gmail.com','1971-03-06'),(1008,'(972)0549985508','Ehud','Dayan','Dekel 58','ehudayan@gmail.com','1940-01-02'),(1009,'(972)0549985509','Yochi','Dayan','Dekel 58','dayanyochi@gmail.com','1945-11-27'),(1010,'(972)0525707388','Ali','Dayan','Modin','alidin@gmail.com','1980-01-01'),(1011,'(972)123456789','Test',NULL,NULL,NULL,NULL),(1012,'(972)0507214401','איריס','דיויס','כוכב יאיר דרגות  18','','1953-03-09'),(1013,'(972)0523414451','שרה','ויסמן','כוכב יאיר היסמין  13','',NULL),(1014,'(972)0502279333','סיגל','אפטרוט','שער אפרים שער אפרים 176','',NULL),(1016,'(972)0505572288','אלחנן','אשר','צור יגאל חרוב  11','','1961-02-01'),(1017,'(972)0508557650','לינדה','בן- יעקב','כוכב יאיר גלבוע 36 כוכב יאיר','ben1122@netvision.net.il','1960-07-07'),(1019,'(972)0507440241','שושנה','גרינוולד','כוכב יאיר רח\' בית-אל 33','drsgrinwald@gmail.com','1949-06-12'),(1021,'(972)0506220132','לאורה','צלופוביץ','צור יגאל אבני חן 29','laurachalu@gmail.com',NULL),(1022,'(972)0506008201','דליה','שושן','כוכב יאיר 34גלבוע','d.orenshoshan@gmail.com','1963-01-11'),(1023,'(972)0507403341','חלי','שושני','צור יגאל סנונית 21','helli1sh@walla.com',NULL),(1026,'(972)0544330357','דוד','מייל','כוכב יאיר עמק דותן 16 צור יגאל','david.mail37@gmail.com','1966-12-07'),(1028,'(972)0508881011','שרון','פנר','צור יגאל עמק האלה 9','Sharons104@gmail.com','1969-11-07'),(1029,'(972)0522318569','אסתר','ביר','כוכב יאיר הגלעד  7/459','etibier@yahoo.com','1955-03-06'),(1031,'(972)0528444800','נח','גרינוולד','כוכב יאיר בית-אל 33','grinwald@netvision.net.il','1949-01-05'),(1034,'(972)0523572551','מירית','להב','צור יגאל כרמל 38','itaylahav@bezeqint.net','1966-10-04'),(1036,'(972)0526662061','עדי','גוריה','כוכב יאיר דרגות  10','Rachel@spaceit.co.il','2001-03-03'),(1037,'(972)0527907697','סיגלית','נוימן','כוכב יאיר גריזים  15/1046','sagalit@hotmail.com','1965-04-02'),(1040,'(972)0524496238','ויויאנה','קושניר','צור יגאל  16 כרמל','vivi.kushnir@gmail.com',NULL),(1041,'(972)0523294574','שרון','ראובני','כוכב יאיר המישר 3','sharon@2sher.co.il','1972-06-09'),(1042,'(972)0526002745','שמוליק','רוטשס','כוכב יאיר הכרכום 11','rotshas1@gmail.com','1970-03-09'),(1043,'(972)0522548715','אורלי','רומן','כוכב יאיר ','','1956-01-01'),(1044,'(972)0528734590','נורית','שלח','כוכב יאיר רח בית אל 99','shelahnu@netvision.net.il','1952-01-02'),(1047,'(972)0523893513','גילה','קדיש','כוכב יאיר אגוז 64','gilakadish@issta.co.il','1963-02-08'),(1049,'(972)0528880308','עדי','בלנרו פלג','שער אפרים שנהב 172','yaron_b1@zahav.net.il','1973-12-07'),(1051,'(972)0544791353','רקפת','אופק אלמוג','כוכב יאיר ת.ד. 1240','ofek.almog@gmail.com','1972-08-08'),(1052,'(972)0527204176','הדר','בן-ששון','צור יגאל אודם','hadar.pretty@gmail.com',NULL),(1054,'(972)0548081882','שמואל','בצלאל','כוכב יאיר הלוטם 14','shmilb@012.net.il','1953-05-07'),(1055,'(972)0544346044','יהודית','ברוקס','כוכב יאיר דן 52','judibrooks1@gmail.com',NULL),(1057,'(972)0544860418','איריס','דהן','כוכב יאיר ברק 5','iris-d11@bezeqint.net',NULL),(1058,'(972)0543090611','רביטל','דואק','כוכב יאיר ברעם 3','duekry@gmail.com','1970-09-09'),(1062,'(972)0542282217','יהושע','וינטר','כוכב יאיר דקלה 8','winterjota@yahoo.com','2058-07-06'),(1064,'(972)0544411343','אורנה','לב','כוכב יאיר בארי28 אורנה לב','Ornlev@gmail.com','1954-06-06'),(1066,'(972)0544827176','פולאה','מרקו','כוכב יאיר דן 44, ת.ד.1352','polea.marcu@gmail.com','1954-06-05'),(1067,'(972)0549222161','עידו','סלע','צור יגאל ברקת 8','edo.sela@gmail.com',NULL),(1068,'(972)0547755852','אילן','פלג','צור יגאל ארבל 36','doritpe@gmail.com',NULL),(1071,'(972)0542303730','שמעון','זיסין','כוכב יאיר דור  2/678','zshimon2@walla.com','1954-08-07'),(1072,'(972)0506303546','רוזנה','סירולניק','כוכב יאיר שוהם 21','rosanacir@gmail.com',NULL),(1074,'(972)0526025335','רן','צור','סלעית מושב סלעית','ranyzur74@gmail.com',NULL),(1075,'(972)0545514740','תמר','קרן','כוכב יאיר creth 2','',NULL),(1076,'(972)0547439943','לוריס','מנדלוביץ','כוכב יאיר דן 36','','1961-08-04'),(1077,'(972)0547577993','רויטל','משה-אדלמן','צור נתן','','1979-11-07'),(1078,'(972)0524283247','חני','נאמן','צופית','','1969-10-10'),(1079,'(972)1234567890','שחר','','','',NULL),(1080,'(972)0525092434','מיקי','אייזנר','','',NULL),(1081,'(972)0523359454','רונן','אהרפי','','',NULL),(1082,'(972)0545805880','רנים','מנסור','','',NULL),(1083,'(972)0525112048','נורית','פדר','','',NULL),(1084,'(972)0544562040','איילת','בצלאל','כוכב יאיר הלוטם 13','',NULL),(1085,'(972)0507730705','Rio','','','',NULL),(1086,'(972)0523893513','Gila','kadish','','gilakadish@issta.co.il',NULL),(1087,'(972)0506215705','חיים','שקד','','haim70576@gmail.com',NULL),(1092,'(972)0506216705','Hain','','','',NULL),(1093,'(972)0506225705','חיים','','','',NULL),(1096,'(972)0506215705','חייםשקד','','','',NULL),(1097,'(972)0506215705','Haim','','','',NULL),(1098,'(972)0506215705','Haimshaked','','','',NULL),(1099,'(972)0506215705','שקד','','','',NULL),(1100,'(972)0506215705','Shaked','','','',NULL),(1101,'(972)0545241717','Rafi','Koby','','rafi@bina-design.co.il',NULL),(1102,'(972)0528880308','adi','pelleg','','adipelleg@gmail.com',NULL),(1105,'(972)0535805880','Raneem','Mansor','','Likaa10@walla.com',NULL),(1107,'(972)0545241717','רפי','קובי','','rafi@bina-design.co.il',NULL),(1108,'(972)0545241717','rafikoby','','','rafi@bina-desin.co.il',NULL),(1109,'(972)0545241717','רפיקובי','','','',NULL),(1112,'(972)0606215705','Haim','','','',NULL),(1113,'(972)0526084000','אלעד','אשר','','elad.asher@gmail.com',NULL),(1114,'(972)0545241717','Rafikobi','','','',NULL),(1116,'(972)0523359454','Ronen','Aharfi','','Ronen20@013.net',NULL),(1117,'(972)0542404162','נטע','בורקמן','','Netaburkman@gmail.com',NULL),(1118,'(972)0523294574','Sharon','Reuveni','','Sharon@2sher.co.il',NULL),(1120,'(972)0502120818','נעמה','גיספן','כוכב יאיר בארותיים 1','dalit@broadcom.com','2002-04-03'),(1121,'(972)0526132523','אבירם','הרצברג','כןכב יאיר   18  גלבוע','efrat.mhertz@gmail.com',NULL),(1122,'(972)0506264971','מאיר','אשכנזי','כוכב יאיר הורד  13/452','',NULL),(1123,'(972)0524673187','רונן','גולדנברג','כוכב יאיר לליבנים 22','g-sharon@actcom/co/il',NULL),(1124,'(972)0523735234','מיכאל','ציפין','צור יגאל צרעה  4','mzipin@gmail.com','1956-06-07'),(1126,'(972)0525735994','סיון','שן','צור יגאל נוף הרים 24','yuvalshn@zahav.net.il','1966-04-05'),(1127,'(972)0544497038','עמיר','ויגלמן','צור יגאל כרמל 12','aviv.wigelman@gmail.com',NULL),(1129,'(972)0507410414','פיליפ','ברוקס','כוכב יאיר דן 52','judibrooks1@gmail.com',NULL),(1130,'(972)0544424100','יואב','דואק','כוכב יאיר ברעם 3','duekry@gmail.com','1970-06-01'),(1131,'(972)0509758418','יהודה','דרור','כוכב יאיר גלבע 20','tch.dror@gmail.com',NULL),(1134,'(972)0508922295','מלי','שחורי','כוכב יאיר גריזים 4/914','mally@bezeqiut.net','1962-01-02'),(1136,'(972)0523290716','איתי','להב','צור יגאל כרמל 38','itaylahav@bezeqint.net','1964-02-10'),(1137,'(972)0542414162','נטע','בורקמן','','Netaburkman@gmail.com',NULL),(1141,'(972)0535805880','רנים','מנסור','','Likaa10@walla.com',NULL),(1142,'(972)0525092460','מיקי','אייזנר','','Eisner@orange.net.il',NULL),(1150,'(972)0522318569','Eti','bier','','etibier@yahoo.com',NULL),(1152,'(972)0508772772','לי-אור','פנר','צור יגאל עמק האלה 9','pener@012.net.il','2002-03-09'),(1154,'(972)0525340516','שחר','גרסון','','',NULL),(1155,'(972)0527903697','סיגלית','נוימן','','sagalit@hotmail.com',NULL),(1156,'(972)0524283247','נאמן','חני','','',NULL),(1157,'(972)0548081882','שמיל','בצלאל','','shmilb@012.net.il',NULL),(1159,'(972)0542455820','Tzela','Dayan','כוכב יאיר הנגב 10','tzeladayan.un@gmail.com','1975-02-27'),(1160,'(972)0506262971','מאיר','אשכנזי','','Ashmeir@gmail.com',NULL),(1161,'(972)0544424100','Yoav','Duek','','duekry@gmail.com',NULL),(1163,'(972)0528792999','עדי','גוריה','','adig3301@walla.co.il',NULL),(1164,'(972)0526025335','רני','צור','','ranyzur74@gmail.com',NULL),(1165,'(972)0525112048','nurit','feder','','',NULL),(1166,'(972)0525112048','.נורית','פדר','','',NULL),(1167,'(972)0508881011','Sharon','Pener','','Sharons104@gmail.com',NULL),(1168,'(972)0507440241','Shoshi','Grinwald','','Drsgrinwald@gmail.com',NULL),(1169,'(972)0507440241','שושי','גרינוולד','','Drsgrinwald@gmail.com',NULL),(1170,'(972)054-3090611','רביטל','דואק','','duekry@gmail.com',NULL),(1171,'(972)0545514740','Tamar','Keren','','',NULL),(1173,'(972)0504443525','גבארה ','נדים','','',NULL),(1174,'(972)0504445818','סיהראב','שייח יוסף','','',NULL),(1175,'(972)0544497038','Amir','Wigelman','','',NULL),(1176,'(972)0509758418','yehuda','dror','','yehdror@gmail.com',NULL),(1177,'(972)0509758418','dror','Yehuda','','yehdror@gmail.com',NULL),(1178,'(972)0522318569','אתי','ביר','','etibier@yahoo.com',NULL),(1179,'(972)0506303546','רוסנה','סירולניק','','Rosanacir@gmail.com',NULL),(1180,'(972)0544827176','PoleaM','Marcu','','polea.marcu@gmail.com',NULL),(1181,'(972)054-4827176','Polea','Marcu','','polea.marcu@gmail.com',NULL),(1182,'(972)0542282217','שוקי','וינטר','','winterjota@yahoo',NULL),(1183,'(972)054-4827176','פולאה','מרקו','','polea.marcu@gmail.com',NULL),(1184,'(972)0504445818','Sehrab','Shiekhyousef','','Sehrab165@hotmail.com',NULL),(1185,'(972)+972527907697','סיגלית','נוימן','','sagalit@Hotmail.com',NULL),(1186,'(972)0527ם07697','סיגלית','נוימן','','',NULL),(1188,'(972)0526952639','שוקי','גור','','Shuki@gurtex85.com',NULL),(1190,'(972)0526952639','יהושע','גור','','Shuki@gurtex85.com',NULL),(1193,'(972)0546333770','רונית','מידן','כוכב יאיר','meidan.ronit@gmail.com','2016-01-01'),(1195,'(972)0522208931','מאי','גור',' ','may.gur13@gmail.com',NULL),(1196,'(972)0522208931','May','Gur','','May.gur13@gmail.com',NULL),(1200,'(972)123456789','instructor_first_name','instructor_first_name','instructor address',NULL,NULL),(1201,'(972)0504874499','מעיין','גילת','כפר סבא','Maayan_gilat@walla.com',NULL),(1202,'(972)0528072200','רויטל','אהרוני','','aharevi22@gmail.com',NULL),(1203,'(972)0524317771','נועם','אהרפי','','noam4828@gmail.com',NULL),(1204,'(972)0523542941','סוני','אודלר ','','sonis@jafi.org',NULL),(1205,'(972)0543388902','ניקול','אוחנה','','nicoli22@walla.com',NULL),(1206,'(972)0506283763','תמי','אומנסקי','','tami.umanski@gmail.com',NULL),(1207,'(972)0526191969','נעמה ','אילני','','ilaninaama@gmail.com',NULL),(1208,'(972)0524339095','מיטל ','אירני','','c4dstyling@gmail.com',NULL),(1209,'(972)0547712298','אילנה ','אלון','','ilana.alon@cts.co.il',NULL),(1210,'(972)0522717320','שלומית ','אנגל','','roie8@bezeqint.net',NULL),(1211,'(972)0546434316','ירדן','אפטר','','yarden5432@gmail.com',NULL),(1212,'(972)0544923119','נועה','אקשטיין','','noaeka@gmail.com',NULL),(1213,'(972)0549767988','גאיה ','אקשטיין','','gaya.ekstein@gmail.com',NULL),(1214,'(972)0523353890','אלה','בין','','beenella1@gmail.com',NULL),(1215,'(972)0547538567','מתיה','בן דהן','','matteaj@gmail.com',NULL),(1216,'(972)0545499408','אורית','בן עזרא','','oritbe@amdocs.com',NULL),(1217,'(972)0545499409','עופר','בן עזרא','','oferbe1@walla.com',NULL),(1218,'(972)0507734567','נועה','בר','','noabar57@gmail.com',NULL),(1219,'(972)0527440001','יפעת','בר-טל','','metukim.by.ifat@gmail.com',NULL),(1220,'(972)0542288804','זהר','בר גלובה','','zoavibar@gmail.com',NULL),(1221,'(972)0547503513','דניאל','דגן','','agdagan@gmail.com',NULL),(1222,'(972)0545910669','שחר ','דוידי','','shachard1991@hotmail.co.il',NULL),(1223,'(972)0546644056','אורלי','דייג','','orlydayag@gmail.com',NULL),(1224,'(972)0542445649','נועם','דפני דלל','','noamdd2708@gmail.com',NULL),(1225,'(972)0507644436','טל','הולנדר','','tal@aqumarina.ci.il',NULL),(1226,'(972)0523528958','איילת','הורביץ','','ayeletaviv@hotmail.com',NULL),(1227,'(972)0523412410','עמית ','הללי','','amit.halally@gmail.com',NULL),(1228,'(972)0545422522','גליה','הראל','','gali.h2@gmail.com',NULL),(1229,'(972)0522759319','רון','הראל','','harelron13@walla.com',NULL),(1230,'(972)0543178666','שחר','וקסלר','','shachar070793@gmail.com',NULL),(1231,'(972)0546969127','שחר ','זהבי','','zhaevi3@walla.com',NULL),(1232,'(972)0546655664','מיקה ','זהר','','micka@mayazohar.co.il',NULL),(1233,'(972)0506956435','גליה','זכאי','','galiazakay@gmail.com',NULL),(1234,'(972)0527958543','זהר ','חן','','',NULL),(1235,'(972)0542082093','גלית','טויטו','','galit@twistyle.co.il',NULL),(1236,'(972)0543291381','עמית','טויטו','','amittwito10@gmail.com',NULL),(1237,'(972)0546844022','עדי','כהן באבי','','adico2209@gmail.com',NULL),(1238,'(972)0547752923','מיטל ','כהן חיים ','','meytalh@gmail.com',NULL),(1239,'(972)0544492071','רימון','כפרי','','rimonif@gmail.com',NULL),(1240,'(972)0507851076','אילנה','כרם ','','kerm1@walla.com',NULL),(1241,'(972)0547802007','בשמת','לוי','','bosmatlevy25@gmail.com',NULL),(1242,'(972)0508668269','מירית','לוי','','miritcoh@gmail.com',NULL),(1243,'(972)0509300000','שרון','לוי','','sharon@juba.co.il',NULL),(1244,'(972)0505811479','רחלי','לוין','','racheli.levin@gmail.com',NULL),(1245,'(972)0526109914','רן ','לוין','','ranran441@gmail.com',NULL),(1246,'(972)0523909007','אפרת','ליבנה','','efrat.avraham@gmail.com',NULL),(1247,'(972)0544564999','קרן','לשם','','kleshem@gmail.com',NULL),(1248,'(972)0523261012','יערה','מופז','','yaaramo@gmail.com',NULL),(1249,'(972)0545733178','דפנה','מופז',NULL,'dafmof@gmail.com','2017-05-08'),(1250,'(972)0507103137','עדי','מזרחי','','adi3miz@gmail.com',NULL),(1251,'(972)0544544336','סיגל','מנדל','','sigalmandl21@gmail.com',NULL),(1252,'(972)0542397470','עינת','מרגלית','','margalit.einat@gmail.com',NULL),(1253,'(972)0544307190','תמי','מרקוביץ','','tami.marcovich@gmail.com',NULL),(1254,'(972)0544363675','עינת','מתוק','','einat1803@gmail.com',NULL),(1255,'(972)0542434884','כנרת','נדל','','ktnadel@gmail.com',NULL),(1256,'(972)0545621895','הגר','ניר','','cottonetfabrics@gmail.com',NULL),(1257,'(972)0548353693','נועה','סלע','','benny.ericom@gmail.com',NULL),(1258,'(972)0542127972','דנית','סניור','','danit.senyor@gmail.com',NULL),(1259,'(972)0549197569','שיר','סעדיה','','shir3501@gmail.com',NULL),(1260,'(972)0507679397','איתי ','עוז',NULL,'tsipitay@gmail.com','2016-02-09'),(1261,'(972)0526888554','עופרי ','פינקלשטיין','','ofrifi96@gmail.com',NULL),(1262,'(972)0526888553','עמית','פינקלשטיין','','amitfin25@gmail.com',NULL),(1263,'(972)0546790100','דנה','פיסטנר','','danapi89@walla.co.il',NULL),(1264,'(972)0507606069','עדי ','פיש','','raanan_fish@yahoo.com',NULL),(1265,'(972)0587272002','שי','פנר','','shaype27@walla.com',NULL),(1266,'(972)0523527205','דנית','פרידמן','','danit999@gmail.com',NULL),(1267,'(972)0524796111','שירה','פרנק','','shira@ad2face.com',NULL),(1268,'(972)0543303396','אביב ','צביבל','','avivzw@gmail.com',NULL),(1269,'(972)0545661327','איתי','צור','','itayzur21@gmail.com',NULL),(1270,'(972)0506871667','ציפורה','צעדה','','tziporaz123@gmail.com',NULL),(1271,'(972)0528581583','קלאודיה','קובי','','true_d@netvision.net.il',NULL),(1272,'(972)0545575255','מרינה','קוגן','','marinuchka.k@gmail.com',NULL),(1273,'(972)0547736964','מיה','קורן','','mayakoren2001@gmail.com',NULL),(1274,'(972)0587071213','נני','קיסר','','keysar.nany@gmail.com',NULL),(1275,'(972)0545282844','מרב','קנטור',NULL,'kantormerav66@gmail.com','2015-11-07'),(1276,'(972)0508513704','צליל','קרן','','keren_tzlil@walla.co.il',NULL),(1277,'(972)0528786216','הילה','ראובני','','reuhila@gmail.com',NULL),(1278,'(972)0543324760','נועה','ראש','','noarosh209@gmail.com',NULL),(1279,'(972)0503323345','ענבל','רוזנטל','','roinbal@walla.com',NULL),(1280,'(972)0523247028','אלמוג','שאנן','','almog.porat@gmail.com',NULL),(1281,'(972)0524236860','מיכל','שביט','','mikshavit@gmail.com',NULL),(1282,'(972)0546672793','אלונה ','שבנוב',NULL,'alonash1508@gmail.com','2016-03-08'),(1283,'(972)0526633668','הגר','שוברט','','hagar1682@gmail.com',NULL),(1284,'(972)0503938371','לירון','שוורץ','','liron301132361@gmail.com',NULL),(1285,'(972)0507403350','עמית ','שושני','','amit1shoshani@gmail.com',NULL),(1286,'(972)0506619891','דיקלה','שטיין','','diklastein@013.net',NULL),(1287,'(972)0544491200','ניצן','שטיין','','nitzanstein1993@gmail.com',NULL),(1288,'(972)0544858230','ליהי','שטיין גבע','','lihis@amdocs.com',NULL),(1289,'(972)0526664565','שירן','שלומוביץ','','1202oren@walla.com',NULL),(1290,'(972)0545809254','איריס','שפירא','','iris101@012.net.il',NULL),(1291,'(972)0546153868','הדס','שפירא','','bazgi10@gmail.com',NULL),(1292,'(972)0525546400','נעם','שרוני','','noam.sharoni24@gmail.com',NULL),(1293,'(972)0544435548','גל','ששון','','gal103sa@gmail.com',NULL),(1294,'(972)0504308362','אדוה','להב','','adva1180@gmail.com',NULL),(1295,'(972)0544556549','לירון','דהן','','lirondahan6@gmail.com',NULL),(1296,'(972)0543231612','מעיין','גבע','','maayangeva98@gmail.com',NULL),(1297,'(972)0523435938','נחמה','גולדברג ','','nehamag09@gmail.com',NULL),(1298,'(972)0502780757','מלכה','גילת',NULL,'malgil1g@gmail.com','2016-01-27'),(1299,'(972)0503780757','רעות','גילת',NULL,'reutgilat@walla.com','2016-01-14'),(1300,'(972)0547878206','איתי','גלינרט','','itaiglinert@gmail.com',NULL),(1301,'(972)0547311850','הלנה','גלינרט','','helena.glinert@gmail.com',NULL),(1302,'(972)0543565115','טלי','גמליאלי','','taligamlieli@gmail.com',NULL),(1303,'(972)0546781985','נגה','גפן','','nogagefen262@gmail.com',NULL),(1304,'(972)0545772713','שני','גרשוני','','sgamlieli@gmail.com',NULL),(1307,'(972)0507494508','רוני','אוחנה','','emy_shor@walla.com',NULL),(1308,'(972)0523344938','עופר','ברוך ','','drbaruch@bezeqint.net',NULL),(1309,'(972)0538203326','עמית','ונטורה','','venturat@zahav.net.il',NULL),(1310,'(972)0527707779','אתי','חן','','eti222chen@gmail.com',NULL),(1311,'(972)0525340516','Shachar','Gerson','','gerson2665@gmail.com',NULL),(1312,'(972)0547765852','אילן','','','',NULL),(1313,'(972)0528701086','טליה','גבעתי',' ','',NULL),(1314,'(972)0528701086','talia','givati','','taliagiv55@gmail.com',NULL),(1315,'(972)0528701086','tali','givati','','',NULL),(1316,'(972)0528701086','taia','givati','','',NULL),(1319,'(972)0544460123','ערן','ניר','','eranir@gmail.com',NULL),(1320,'(972)0544460123','Eran','Nir','','eranir@gmail.com',NULL),(1321,'(972)054-4791353','רקפת','אלמוג','','',NULL),(1322,'(972)0507214401','Iiris','','','',NULL),(1324,'(972)0544932087','שלומי','טאובר','כוכב יאיר בארי  13','nitzan_tauber@hotmail.com','1959-06-07'),(1325,'(972)0523290716','Lahav','itay','','itay@zriha.com',NULL),(1326,'(972)0523290716','Itay','Lahav','','itay@zriha.com',NULL),(1327,'(972)0523290716','להב','איתי','','itay@zriha.com',NULL),(1328,'(972)0547755852','אילןפלג','','','',NULL),(1329,'(972)0535895880','רנים','מנסור','','Likaa10@walka.com',NULL),(1331,'(972)0547497622','עמית ','חסקי','','',NULL),(1332,'(972)0502910107','דרור ','קדם','','dror2409@gmail.com',NULL),(1333,'(972)0546419441','שני','שבנוב',NULL,NULL,NULL),(1334,'(972)0524765082','גילי','קדמן','','',NULL),(1335,'(972)0526530657','דניאל','בר אדון',NULL,'','1906-02-03'),(1336,'(972)0506956435','גליהזכאי',NULL,NULL,NULL,NULL),(1337,'(972)050-6956435','גליהזכאי',NULL,NULL,NULL,NULL),(1338,'(972)050-6956435','Galiazakay',NULL,NULL,NULL,NULL),(1339,'(972)0504790311','עופר','',NULL,'',NULL),(1340,'(972)0543231612','מעייןגבע',NULL,NULL,NULL,NULL),(1341,'(972)0547112900','איתיפלד',NULL,NULL,NULL,NULL),(1342,'(972)0549996851','עידן','קורין','','',NULL),(1343,'(972)0547112900','איתי','פלד','','',NULL),(1344,'(972)0546790100','דנהפיסטינר',NULL,NULL,NULL,NULL),(1345,'(972)0549090226','איה','פלד','','',NULL),(1354,'(972)0507103137','עדימזרחי',NULL,NULL,NULL,NULL),(1355,'(972)0504308362','אדוהלהב',NULL,NULL,NULL,NULL),(1356,'(972)0507103137','adimizrahi',NULL,NULL,NULL,NULL),(1357,'(972)0528573666','עדייוקלר',NULL,NULL,NULL,NULL),(1358,'(972)050866826,','מירית',NULL,NULL,NULL,NULL),(1359,'(972)0528072200','רויטלאהרוני',NULL,NULL,NULL,NULL),(1360,'(972)0542082093','GalitTwito',NULL,NULL,NULL,NULL),(1361,'(972)0542082093','גליתטויטו',NULL,NULL,NULL,NULL),(1362,'(972)0547311850','הלנהגלינרט',NULL,NULL,NULL,NULL),(1363,'(972)0526888553','עמיתפינקלשטיין',NULL,NULL,NULL,NULL),(1364,'(972)0523203237','שחר','מרגלית','','',NULL),(1365,'(972)0546781985','נגהגפן',NULL,NULL,NULL,NULL),(1368,'(972)0542773330','קרן','בזק','','',NULL),(1369,'(972)0523435938','נחמהגולדברג',NULL,NULL,NULL,NULL),(1370,'(972)0525092434','טל',NULL,NULL,NULL,NULL),(1371,'(972)0523412410','עמיתהללי',NULL,NULL,NULL,NULL),(1372,'(972)0528573666','Adi',NULL,NULL,NULL,NULL),(1373,'(972)0526530657','דניאלבראדון',NULL,NULL,NULL,NULL),(1374,'(972)0507494508','רוניאוחנה',NULL,NULL,NULL,NULL),(1375,'(972)0542773331','קרן',NULL,NULL,NULL,NULL),(1376,'(972)0549090236','איה',NULL,NULL,NULL,NULL),(1377,'(972)0547736964','מיהקורן',NULL,NULL,NULL,NULL),(1378,'(972)0547754321','דניאל',NULL,NULL,NULL,NULL),(1379,'(972)0506871677','ציפי',NULL,NULL,NULL,NULL),(1380,'(972)0528573666','עדי',NULL,NULL,NULL,NULL),(1381,'(972)0528581583','קלאודיהקובי',NULL,NULL,NULL,NULL),(1382,'(972)0503938371','Liron',NULL,NULL,NULL,NULL),(1383,'(972)0628573666','עדי',NULL,NULL,NULL,NULL),(1384,'(972)0545809254','iris',NULL,NULL,NULL,NULL),(1385,'(972)0545809254','irisschapiro',NULL,NULL,NULL,NULL),(1386,'(972)0545809254','איריסשפירא',NULL,NULL,NULL,NULL),(1387,'(972)0522326319','אתי','רגב','','regev.eti@gmail.com','1963-10-10'),(1388,'(972)0523909007','אפרתליבנה',NULL,NULL,NULL,NULL),(1389,'(972)0545626689','סתיודוד',NULL,NULL,NULL,NULL),(1390,'(972)0545626689','סתיו','דוד','','',NULL),(1391,'(972)0545626679','הדס','דוד','','',NULL),(1392,'(972)0506619891','דקלה',NULL,NULL,NULL,NULL),(1393,'(972)0545601186','עמית',NULL,NULL,NULL,NULL),(1394,'(972)0545621895','Hagar',NULL,NULL,NULL,NULL),(1395,'(972)0545621895','Cottonet',NULL,NULL,NULL,NULL),(1396,'(972)0543324760','נועהראש',NULL,NULL,NULL,NULL),(1397,'(972)0544622037','יורם','נוימן','','',NULL),(1400,'(972)0505954000','אילנית','שמר','','',NULL),(1401,'(972)0523246607','איילה','ירון','','',NULL),(1402,'(972)054-4622037','Yoram',NULL,NULL,NULL,NULL),(1403,'(972)054-4622037','יורם',NULL,NULL,NULL,NULL),(1404,'(972)054-3324760','נועה',NULL,NULL,NULL,NULL),(1405,'(972)3324760','נועה',NULL,NULL,NULL,NULL),(1406,'(972)0542127972','דניתסניור',NULL,NULL,NULL,NULL),(1407,'(972)052-4765082','Gili',NULL,NULL,NULL,NULL),(1408,'(972)0524765082','Gili',NULL,NULL,NULL,NULL),(1409,'(972)0524765082','גיליקדמן',NULL,NULL,NULL,NULL),(1410,'(972)052-3344938','עופרברוך',NULL,NULL,NULL,NULL),(1411,'(972)052-3344938','OferBaruch',NULL,NULL,NULL,NULL),(1412,'(972)0528825862','נוי','בלומנקרץ','','',NULL),(1413,'(972)0528825862','נויבלומנקרנץ',NULL,NULL,NULL,NULL),(1414,'(972)0506278246','גילה',NULL,NULL,NULL,NULL),(1415,'(972)0506278256','גילה',NULL,NULL,NULL,NULL),(1417,'(972)0546644056','Orly',NULL,NULL,NULL,NULL),(1418,'(972)0546600172','עופרה',NULL,NULL,NULL,NULL),(1419,'(972)0546600172','עפרה','מילבאום','','',NULL),(1420,'(972)0523120700','שלומית',NULL,NULL,NULL,NULL),(1421,'(972)0526065133','טל','רוזן כרם','','',NULL),(1422,'(972)0503233895','ענבר','הרטמן','','',NULL),(1423,'(972)0508482114','אמירה','דגן','','',NULL),(1424,'(972)0543065070','יפעת','טולצ\'ינסקי','','',NULL),(1425,'(972)0528276086','ספיר','הרטמן ','','',NULL),(1426,'(972)0548140995','מאיה','טרמין','','',NULL),(1427,'(972)0544447714','לילך','סבג','','',NULL),(1428,'(972)ראובני','הילה',NULL,NULL,NULL,NULL),(1429,'(972)054454433ן','סיגל',NULL,NULL,NULL,NULL),(1430,'(972)054454433ן6','סיגל',NULL,NULL,NULL,NULL),(1431,'(972)0544544336','Sigal',NULL,NULL,NULL,NULL),(1432,'(972)054ט544336','סיגל',NULL,NULL,NULL,NULL),(1433,'(972)0526384422','גילי','יצחק','','',NULL),(1434,'(972)0525546027','שיר  ','נויבוואר','','',NULL),(1435,'(972)054‑814‑0995','מאיה',NULL,NULL,NULL,NULL),(1436,'(972)0548140995','שיר',NULL,NULL,NULL,NULL),(1437,'(972)0526384422','הדס',NULL,NULL,NULL,NULL),(1438,'(972)052','סתיו',NULL,NULL,NULL,NULL),(1441,'(972)0548353693','נועהסלע',NULL,NULL,NULL,NULL),(1442,'(972)0648353693','נועה',NULL,NULL,NULL,NULL),(1443,'(972)0524434482','רעות','גלר','','',NULL),(1448,'(972)052638442‪2','גילי',NULL,NULL,NULL,NULL),(1449,'(972)0545809020','מיכלעמיצורפרי',NULL,NULL,NULL,NULL),(1450,'(972)0545809020','Michal',NULL,NULL,NULL,NULL),(1451,'(972)נויבאור','שיר',NULL,NULL,NULL,NULL),(1452,'(972)0523247028','אלמוגשאנן',NULL,NULL,NULL,NULL),(1453,'(972)0523247028','almogshaanan',NULL,NULL,NULL,NULL),(1454,'(972)0529571776','ליס',NULL,NULL,NULL,NULL),(1455,'(972)0529571776','זוהר','ליס','','',NULL),(1456,'(972)0506871667','ציפי',NULL,NULL,NULL,NULL),(1457,'(972)0542303730','Shimon',NULL,NULL,NULL,NULL),(1458,'(972)0542303730','Zissin',NULL,NULL,NULL,NULL),(1459,'(972)0544293022','בר','שלסקי','','',NULL),(1460,'(972)0526896967','עדי','מירון','','',NULL),(1461,'(972)0528351947','נורית','פישמן','','',NULL),(1462,'(972)0506278246','גילה','שבירו','','',NULL),(1463,'(972)0528560773','שחר','סלוצקי','','',NULL),(1464,'(972)0526191969','נעמהאילני',NULL,NULL,NULL,NULL),(1465,'(972)0526109914','רןלוין',NULL,NULL,NULL,NULL),(1466,'(972)0547411850','הלנה',NULL,NULL,NULL,NULL),(1467,'(972)0597214401','איריס','דייןיס','','',NULL),(1468,'(972)מנסור','רנים',NULL,NULL,NULL,NULL),(1469,'(972)0542288804','זהרברגלובה',NULL,NULL,NULL,NULL),(1470,'(972)0542288804','זהרבר',NULL,NULL,NULL,NULL),(1471,'(972)0528560773','שחרסלוצקי',NULL,NULL,NULL,NULL),(1472,'(972)0544220485','Sivan',NULL,NULL,NULL,NULL),(1477,'(972)0545841710','גבי ','כהן','','',NULL),(1478,'(972)0544505580','ריקי','כהן','','',NULL),(1479,'(972)0545809020','מיכל','עמיצור','','',NULL),(1480,'(972)0545626679','הדסדוד',NULL,NULL,NULL,NULL),(1481,'(972)0508466590','שקדאריאלי',NULL,NULL,NULL,NULL),(1482,'(972)0545841710','Gabriella',NULL,NULL,NULL,NULL),(1483,'(972)0545841710','גבריאלה',NULL,NULL,NULL,NULL),(1484,'(972)0528444800','גרינוולדנח',NULL,NULL,NULL,NULL),(1489,'(972)053123456789','בארי','דיין','הנגב 10','','2006-01-22'),(1490,'(972)0546854594','עדיחומש',NULL,NULL,NULL,NULL),(1491,'(972)0546854594','עדי','חומש','','',NULL),(1492,'(972)0522452997','אבירם',NULL,NULL,NULL,NULL),(1493,'(972)0532455820','בארי','דיין','','',NULL),(1494,'(972)0545661327','איתיצור',NULL,NULL,NULL,NULL),(1495,'(972)0543094488','Erez',NULL,NULL,NULL,NULL),(1496,'(972)0543094488','ארז','פרנק ','','',NULL),(1497,'(972)0544220485','סיוןגבעון',NULL,NULL,NULL,NULL),(1498,'(972)542455820 ','Idani','','','',NULL),(1499,'(972))054874499','מעיין',NULL,NULL,NULL,NULL),(1500,'(972)0547495240','טל','ניר','','',NULL),(1501,'(972)0527958543','זהרחן',NULL,NULL,NULL,NULL),(1502,'(972)0524796111','ShiraFrank',NULL,NULL,NULL,NULL),(1503,'(972)0524796111','שירהפרנק',NULL,NULL,NULL,NULL),(1504,'(972))052770779','אתי',NULL,NULL,NULL,NULL),(1505,'(972)0549077031','טלי','סמדג׳ה ','','',NULL),(1506,'(972)0544346044','Brooks',NULL,NULL,NULL,NULL),(1507,'(972)0545546027','שיר',NULL,NULL,NULL,NULL),(1508,'(972)0507734567','נועהבר',NULL,NULL,NULL,NULL),(1509,'(972)0502233321','ספירקאפח',NULL,NULL,NULL,NULL),(1510,'(972)0502233321','ספיר','קאפח ','','',NULL),(1511,'(972)0502233321','sapir',NULL,NULL,NULL,NULL),(1512,'(972)0523542941','Soni',NULL,NULL,NULL,NULL),(1513,'(972)0522452997','אבי',NULL,NULL,NULL,NULL),(1514,'(972)0526497973','יונתן','בר טל','','',NULL),(1515,'(972)0544346044','Judith',NULL,NULL,NULL,NULL),(1516,'(972)0504801616','נועם','מצנע ','','',NULL),(1517,'(972)0545910669','Shachar',NULL,NULL,NULL,NULL),(1518,'(972)0524470047','עינב','עטר','','',NULL),(1519,'(972)0524470047','עינבעטר',NULL,NULL,NULL,NULL),(1520,'(972)0526053424','מיטל','גילת','','',NULL),(1521,'(972)528581583‬','קלאודיה',NULL,NULL,NULL,NULL),(1522,'(972)0543291381','עמיתטויטו',NULL,NULL,NULL,NULL),(1523,'(972)525546027‬','שיר',NULL,NULL,NULL,NULL),(1524,'(972)525546027‬','שירנויבאור',NULL,NULL,NULL,NULL),(1525,'(972)0526497973','יונתןבר-טל',NULL,NULL,NULL,NULL),(1526,'(972)0544447745','הדרסבג',NULL,NULL,NULL,NULL),(1527,'(972)0525802003','איילה ','נרקיס ','','',NULL),(1528,'(972)0525802003','אילה',NULL,NULL,NULL,NULL),(1529,'(972)0525802003','Ayala',NULL,NULL,NULL,NULL),(1530,'(972)0525802003','Narkis',NULL,NULL,NULL,NULL),(1531,'(972)0505952854','דליה ','עוז','','',NULL),(1532,'(972)0525271916','אלה','סובל ','','',NULL),(1533,'(972)0505952854','דליהעוז',NULL,NULL,NULL,NULL),(1534,'(972)0544220485','סיון','גבעון','','',NULL),(1535,'(972)0544220485','סיוון',NULL,NULL,NULL,NULL),(1536,'(972)0525707388','עלי',NULL,NULL,NULL,NULL),(1537,'(972)0546242456','אייל','אנקור','','',NULL),(1538,'(972)54-5626682','סתיו',NULL,NULL,NULL,NULL),(1539,'(972)54-5626689','סתיו',NULL,NULL,NULL,NULL),(1540,'(972)54-5626689','סתו',NULL,NULL,NULL,NULL),(1541,'(972)0504000160','חגית','לוי ','','',NULL),(1542,'(972)0543303396','אביבצביבל',NULL,NULL,NULL,NULL),(1543,'(972)0523134773','ענבר','רז','','',NULL),(1544,'(972)0546330300','ג׳ואנה ','סטרוק','','',NULL),(1545,'(972)0523134773','Inbar',NULL,NULL,NULL,NULL),(1546,'(972)0543565115','טליגמליאלי',NULL,NULL,NULL,NULL),(1547,'(972)0544752875','ליזה ','רסקין','','',NULL),(1548,'(972))123456789','Test',NULL,NULL,NULL,NULL),(1549,'(972)0544203926','נועה ','שוורץ','','',NULL),(1550,'(972)0508482111','עדי ','דגן','','',NULL),(1551,'(972)0544203926','נועהשוורץ',NULL,NULL,NULL,NULL),(1552,'(972)52-3344938','עופרברוך',NULL,NULL,NULL,NULL),(1553,'(972)0523344938','עופרברוך',NULL,NULL,NULL,NULL),(1554,'(972)0547492649','פיטר','','','',NULL),(1555,'(972)0546701814','אילי','לוי','','',NULL),(1556,'(972)0544557311','אור','טרמין','','',NULL),(1557,'(972)544557311‬','אור',NULL,NULL,NULL,NULL),(1558,'(972)0549801717','ליאת','בראון','','',NULL),(1559,'(972)0558958985','זוהר','לוי','','',NULL),(1560,'(972)0507214401','איריסדייויס',NULL,NULL,NULL,NULL),(1561,'(972)0522307367','אורית ','מופז','','',NULL),(1562,'(972)0523063350','Sabreen',NULL,NULL,NULL,NULL),(1563,'(972)0523063350','סבריןמסארוה',NULL,NULL,NULL,NULL),(1564,'(972)0548140995','מאיהטרמין',NULL,NULL,NULL,NULL),(1565,'(972)0545698900','עופרי','דואק','','',NULL),(1566,'(972)0523063350','סברין','מוסרוב','','',NULL),(1567,'(972)527707779‬','אתי',NULL,NULL,NULL,NULL),(1568,'(972)0545803846','אילת ','חיימי ','','',NULL),(1569,'(972)0504873499','מעיין',NULL,NULL,NULL,NULL),(1570,'(972)0523134771','רונית','רז','','',NULL),(1571,'(972)0523134771','רוניתרז',NULL,NULL,NULL,NULL),(1572,'(972)0523563304','Sigal',NULL,NULL,NULL,NULL),(1573,'(972)0523563304','Sigalnaigertsik',NULL,NULL,NULL,NULL),(1574,'(972)0526888551','עומר','פינקלשטיין','','',NULL),(1579,'(972)0507282121','לירון','מזור','','',NULL),(1580,'(972)0526888551','עומרפינקלשטיין',NULL,NULL,NULL,NULL),(1581,'(972)0546680234','טליה','נסים','','',NULL),(1582,'(972)0544807457','ניקול','שטרן','','',NULL),(1583,'(972)0545437573','סטפני','טוויל','','',NULL),(1584,'(972)0507282121','לירוןמזור',NULL,NULL,NULL,NULL),(1585,'(972)50-7282121','לירוןמזור',NULL,NULL,NULL,NULL),(1586,'(972)0507282121','לירוןשמילוביץמזור',NULL,NULL,NULL,NULL),(1587,'(972)0546680234','טליהנסים',NULL,NULL,NULL,NULL),(1588,'(972)0527362677','אלונה ','פישר','','',NULL),(1589,'(972)0526323278','עדי ','פישר','','',NULL),(1590,'(972)0546655409','נועה ','גרוס','','',NULL),(1591,'(972))054441343','לבאורנה',NULL,NULL,NULL,NULL),(1592,'(972)0544411343','לבאורנה',NULL,NULL,NULL,NULL),(1593,'(972)0545698900','עפרי',NULL,NULL,NULL,NULL),(1594,'(972)0545698900','עפרידואק',NULL,NULL,NULL,NULL),(1595,'(972)0545754864','ענברדואק',NULL,NULL,NULL,NULL),(1596,'(972)0545754864','ענבר','דואק','','',NULL),(1597,'(972)0545754864','עינברדואק',NULL,NULL,NULL,NULL),(1598,'(972)0545754864','עינבר',NULL,NULL,NULL,NULL),(1599,'(972)0545698900','ענבר',NULL,NULL,NULL,NULL),(1600,'(972)0543090611','ענבר',NULL,NULL,NULL,NULL),(1601,'(972)0524209683','אורגואן','מוסרוב','','',NULL),(1602,'(972)0523424337','הילהאור','גופר','','',NULL),(1605,'(972)0523435988','נחמה',NULL,NULL,NULL,NULL),(1607,'(972)0543992356','הראל','מוצפי','','',NULL),(1608,'(972)0547577993','רויטלמשה',NULL,NULL,NULL,NULL),(1609,'(972)0546565664','גילה','פולאק','','',NULL),(1610,'(972)8874696663','jack',NULL,NULL,NULL,NULL),(1611,'(972)0522324472','ענבר','הסטן פרדו','','',NULL),(1612,'(972)0546565664','גילהפולאק',NULL,NULL,NULL,NULL),(1613,'(972)0502120818','נעמהגיספן',NULL,NULL,NULL,NULL),(1614,'(972)0509797404','נעמהגיספן',NULL,NULL,NULL,NULL),(1615,'(972)0509797404','נעמה',NULL,NULL,NULL,NULL),(1616,'(972)0525211711','צביקה','לייפר ','','',NULL),(1617,'(972))527362677','אלונה',NULL,NULL,NULL,NULL),(1618,'(972)0526324278','עדי',NULL,NULL,NULL,NULL),(1619,'(972)0524435938','נחמה',NULL,NULL,NULL,NULL),(1620,'(972)0544493647','אורנה','בצלאל','','',NULL),(1621,'(972)0506265971','מאיר',NULL,NULL,NULL,NULL),(1622,'(972)0545911530','עדי','ברקוביץ ','','',NULL),(1623,'(972)0544311339','ליאורה','גרינפלד ','','',NULL),(1624,'(972)4383434170','jack',NULL,NULL,NULL,NULL),(1625,'(972)0525211711','צביקהלייפר',NULL,NULL,NULL,NULL),(1626,'(972)0525211711','לייפרצבי',NULL,NULL,NULL,NULL),(1627,'(972)0505597927','תמר','מאיר','','',NULL),(1628,'(972)0505550945','רונית','ילוביץ','','',NULL),(1629,'(972)0505597927','תמרמאיר',NULL,NULL,NULL,NULL),(1630,'(972)0505597927','תמימאיר',NULL,NULL,NULL,NULL),(1631,'(972)0505597927','TamarMeir',NULL,NULL,NULL,NULL),(1632,'(972)50-5597927','תמרמאיר',NULL,NULL,NULL,NULL),(1633,'(972)50-5597927','מאירתמר',NULL,NULL,NULL,NULL),(1634,'(972)0544447714','Lilach',NULL,NULL,NULL,NULL),(1635,'(972)0544447714','Lilachsabag',NULL,NULL,NULL,NULL),(1636,'(972)0544447714','לילךסבג',NULL,NULL,NULL,NULL),(1637,'(972)0544447714','סבגלילך',NULL,NULL,NULL,NULL),(1638,'(972)0545671700','דוד','לקנר','','',NULL),(1639,'(972)972)паппап','рмпнррп',NULL,NULL,NULL,NULL),(1640,'(972)50-5550945','Ronit',NULL,NULL,NULL,NULL),(1641,'(972)0505550945','Ronit',NULL,NULL,NULL,NULL),(1642,'(972))024600090','רונית',NULL,NULL,NULL,NULL),(1643,'(972)50-5550945','רוניתילוביץ',NULL,NULL,NULL,NULL),(1644,'(972)50-5550945','רונית',NULL,NULL,NULL,NULL),(1645,'(972)0544311339','Liora',NULL,NULL,NULL,NULL),(1646,'(972)0546813430','עליה','לקנר','','',NULL),(1647,'(972)0546813430','Aliyah',NULL,NULL,NULL,NULL),(1648,'(972)0546813430','עליהלקנר',NULL,NULL,NULL,NULL),(1649,'(972)0526390632','ג׳יין','הירש','','',NULL),(1650,'(972)0546474674','ג׳סיקה ','טוויל ','','',NULL),(1651,'(972)0547360777','נועה','שושן','','',NULL),(1652,'(972)0547360777','נועהשושן',NULL,NULL,NULL,NULL),(1653,'(972)0547360777','Noashoshan',NULL,NULL,NULL,NULL),(1654,'(972)(972)שוורץ','לירון',NULL,NULL,NULL,NULL),(1655,'(972)72)Shwartz','Liron',NULL,NULL,NULL,NULL),(1656,'(972)0542476747','קרין','פרנקנטל','','',NULL),(1657,'(972)0506816708','נועה','שבירו','','',NULL),(1658,'(972)0542476747','קריןפרנקנטל',NULL,NULL,NULL,NULL),(1659,'(972)0544200702','מגלי','זק','','',NULL),(1660,'(972)0526390632','Jane',NULL,NULL,NULL,NULL),(1661,'(972)0526390632','ג\'ייןהירש',NULL,NULL,NULL,NULL),(1662,'(972)0526390632','ג׳יןהירש',NULL,NULL,NULL,NULL),(1663,'(972)52-6390632','ג׳יןהירש',NULL,NULL,NULL,NULL),(1664,'(972)52-6390632','ג׳ייןומייקלהירש',NULL,NULL,NULL,NULL),(1665,'(972)52-6390632','ג\'ייןהירש',NULL,NULL,NULL,NULL),(1666,'(972)0526390632','ג\'יין',NULL,NULL,NULL,NULL),(1667,'(972)0526390632','ג׳ין',NULL,NULL,NULL,NULL),(1668,'(972)0506278246','גילה','שבירו','','',NULL),(1669,'(972)0525802003','אילהנרקיס',NULL,NULL,NULL,NULL),(1670,'(972)0523980164','יהודית','גולדינג','','',NULL),(1671,'(972)0544496778','רונה',NULL,NULL,NULL,NULL),(1672,'(972)0544496778','Rona',NULL,NULL,NULL,NULL),(1673,'(972)0544496779','Rona',NULL,NULL,NULL,NULL),(1674,'(972))544496778','רונה',NULL,NULL,NULL,NULL),(1675,'(972)0506957436','גליהזכאי',NULL,NULL,NULL,NULL),(1676,'(972)0522905915','רונימסד',NULL,NULL,NULL,NULL),(1677,'(972)0544496778','רוני',NULL,NULL,NULL,NULL),(1678,'(972)0508672223','שחר','פייזר','','',NULL),(1679,'(972)0508672223','שחרפייזר',NULL,NULL,NULL,NULL),(1680,'(972)0455437573','סטפני',NULL,NULL,NULL,NULL),(1681,'(972)0523528958','איילתהורביץ',NULL,NULL,NULL,NULL),(1682,'(972)0523528958','איילתהורוביץ',NULL,NULL,NULL,NULL),(1683,'(972)0523528958','אילתהורביץ',NULL,NULL,NULL,NULL),(1684,'(972)0543031204','טליה','לנדאו','','',NULL),(1685,'(972)0542404162','נטעבורקמן',NULL,NULL,NULL,NULL),(1686,'(972)0542404162','Netaburkman',NULL,NULL,NULL,NULL),(1687,'(972)0523152777','הדר','קלמנוביץ','','',NULL),(1688,'(972)0525551897','זהר','שפרינגר','','',NULL),(1689,'(972)0505681230','שחר','הללי','','',NULL),(1690,'(972)0549092957','מעיין','קוזניר','','',NULL),(1691,'(972)0542428956','Noa',NULL,NULL,NULL,NULL),(1692,'(972)0538208280','יובל ','לב ','','',NULL),(1693,'(972)0545882344','רותם','כהן','','',NULL),(1694,'(972)054588234;','רותם',NULL,NULL,NULL,NULL),(1695,'(972)0538208280','יובללב',NULL,NULL,NULL,NULL),(1696,'(972)0647311850','הלנה',NULL,NULL,NULL,NULL),(1697,'(972)0508868585','לירון','שמחי ','','',NULL),(1698,'(972)0542428956','נועה','ספיר','','',NULL),(1699,'(972)0508868585','Liron',NULL,NULL,NULL,NULL),(1700,'(972)0543434359','שלומית ','וולף','','',NULL),(1701,'(972)0502268723','רותם','ספיר','דוד זהבי 18 כפר סבא','rotem.sapir2@gmail.com',NULL),(1702,'(972))054442410','רביטל',NULL,NULL,NULL,NULL),(1703,'(972)0544524100','יואב',NULL,NULL,NULL,NULL),(1708,'(972)0544411343','אורנהלב',NULL,NULL,NULL,NULL),(1709,'(972)0544411343','Ornalev',NULL,NULL,NULL,NULL),(1710,'(972)0505971122','דורית','ספיר','','',NULL),(1712,'(972)0556629114','עומר','ספיר','','',NULL),(1714,'(972)0542551027','רותם ','טאו','','',NULL),(1718,'(972)9523528958','איילת',NULL,NULL,NULL,NULL),(1719,'(972)0525546400','נועם',NULL,NULL,NULL,NULL),(1720,'(972)0547734371','נועה ','שלו','','',NULL),(1721,'(972)0547734371','נועהשלו',NULL,NULL,NULL,NULL),(1722,'(972)0522332711','הילה','קיסוס','','',NULL),(1723,'(972)0524559105','ספיר','גיאת','','',NULL),(1724,'(972)0545288188','הדר','רוזנברג','','',NULL),(1725,'(972)0544642742','סיון ','קולנדר','','',NULL),(1726,'(972)0547660801','שרון','נימוי','','',NULL),(1727,'(972)0545429201','לינור','קרני','','',NULL),(1728,'(972)0545751921','ניצן','ויזל','','',NULL),(1729,'(972)2)88187798','Alex',NULL,NULL,NULL,NULL),(1730,'(972)0508267552','זיוה','דגן','','',NULL),(1731,'(972)0508267552','זיוהדגן',NULL,NULL,NULL,NULL),(1732,'(972)8503052778','AntoineLevy',NULL,NULL,NULL,NULL),(1733,'(972)0507214401','איריסדיייס',NULL,NULL,NULL,NULL),(1734,'(972)0507214401','איריסדיייויס',NULL,NULL,NULL,NULL),(1735,'(972)0507214401','IrisDavis',NULL,NULL,NULL,NULL),(1736,'(972)0507214401','דייויסאיריס',NULL,NULL,NULL,NULL),(1737,'(972)2)05235429','Soni',NULL,NULL,NULL,NULL),(1738,'(972)52-3542941','סוני',NULL,NULL,NULL,NULL),(1739,'(972)52-3542941','סוניאודלר',NULL,NULL,NULL,NULL),(1740,'(972)52-3542941','Soni',NULL,NULL,NULL,NULL),(1741,'(972)0523542941','Soniudler',NULL,NULL,NULL,NULL),(1742,'(972))054787826','איתי',NULL,NULL,NULL,NULL),(1743,'(972))български','български',NULL,NULL,NULL,NULL),(1744,'(972)0543972586','Alisa',NULL,NULL,NULL,NULL),(1745,'(972)0613801358','jan',NULL,NULL,NULL,NULL),(1746,'(972)0523860004','עדי','נומברג ','','',NULL),(1747,'(972)0523434938','נחמה',NULL,NULL,NULL,NULL),(1748,'(972))050049105','מאיר',NULL,NULL,NULL,NULL),(1749,'(972)0587373839','מאיה','כהן אורגד ','','',NULL),(1750,'(972)0523152777','הדרקלמנוביץ',NULL,NULL,NULL,NULL),(1751,'(972)0523152777','הדרקלמנוביץ׳',NULL,NULL,NULL,NULL),(1752,'(972)0549092957','מעייןקוזניר',NULL,NULL,NULL,NULL),(1753,'(972)0524456690','אטל','גל','','',NULL),(1754,'(972)0524456690','אתלגל',NULL,NULL,NULL,NULL),(1755,'(972)0524456690','אטלגל',NULL,NULL,NULL,NULL),(1756,'(972)50-6215705','חיים',NULL,NULL,NULL,NULL),(1757,'(972)1728892381','ThomasKoehlik',NULL,NULL,NULL,NULL),(1758,'(972)0526865431','אביה ','זכאין','','',NULL),(1759,'(972)0525645647','דנה','מנדלסון','','',NULL),(1760,'(972)0525645647','Dana',NULL,NULL,NULL,NULL),(1761,'(972)0546655409','נועהגרוס',NULL,NULL,NULL,NULL),(1762,'(972)0546655409','נועהשיקה',NULL,NULL,NULL,NULL),(1763,'(972)0525698196','אורית','דור','','',NULL),(1772,'(972)0506248341','Julie','קרקו','','',NULL),(1773,'(972)0557311850','הלנה',NULL,NULL,NULL,NULL),(1774,'(972)0544549061','איריס','ששון','','',NULL),(1775,'(972)0506378246','גילה',NULL,NULL,NULL,NULL),(1776,'(972)9506278246','גילה',NULL,NULL,NULL,NULL),(1777,'(972)0528701086','טלי',NULL,NULL,NULL,NULL),(1778,'(972)0507778866','אבי','קמינסקי','','',NULL),(1779,'(972)0503780757','רעותגילת',NULL,NULL,NULL,NULL),(1780,'(972)52-4236860','מיכל',NULL,NULL,NULL,NULL),(1781,'(972)54-5884080','אלכס',NULL,NULL,NULL,NULL),(1782,'(972)0545884080','אלכס','טוויל','','',NULL),(1783,'(972)0508667957','טליה','הורוביץ','','',NULL),(1784,'(972)0508667957','טליההורביץ',NULL,NULL,NULL,NULL),(1785,'(972)0508667957','טליההורוביץ',NULL,NULL,NULL,NULL),(1786,'(972)0509302612','מירי','מייל','','',NULL),(1787,'(972)50-8667957','טליה',NULL,NULL,NULL,NULL),(1788,'(972)0546790100','dana',NULL,NULL,NULL,NULL),(1789,'(972)50-8667957','Taliahorviz',NULL,NULL,NULL,NULL),(1790,'(972)0547492649','PeterM',NULL,NULL,NULL,NULL),(1791,'(972)0547492649','פיטרמנדלוביץ',NULL,NULL,NULL,NULL),(1792,'(972)0506220132','לאורהצלופוביץ',NULL,NULL,NULL,NULL),(1793,'(972)0506220132','Laura',NULL,NULL,NULL,NULL),(1794,'(972)0506220132','LauraChalupowicz',NULL,NULL,NULL,NULL),(1795,'(972)0506220132','לאורהצ\'לופוביץ',NULL,NULL,NULL,NULL),(1796,'(972)0522230515','תמר','קרפ','','',NULL),(1797,'(972)526865430‬','דניאל','זכאין','','',NULL),(1798,'(972)0526865430','דניאלזכאין',NULL,NULL,NULL,NULL),(1799,'(972)0526865431','דניאלזכאין',NULL,NULL,NULL,NULL),(1800,'(972)0526865430','דניאל',NULL,NULL,NULL,NULL),(1801,'(972)0526865430','daniel',NULL,NULL,NULL,NULL),(1802,'(972)52-6865430','דניאל',NULL,NULL,NULL,NULL),(1803,'(972)0508922295','מלישחורי',NULL,NULL,NULL,NULL),(1804,'(972)0508922295','Mally',NULL,NULL,NULL,NULL),(1805,'(972))204784946','עליהלקנר',NULL,NULL,NULL,NULL),(1806,'(972)0547553889','מאיה ','זוהר ','','',NULL),(1807,'(972)0546655664','מיטל',NULL,NULL,NULL,NULL),(1808,'(972)0544492491','דניאלה','בן צבי','','',NULL),(1809,'(972)0544860418','איריסדהן',NULL,NULL,NULL,NULL),(1810,'(972)0544860418','Irisdahan',NULL,NULL,NULL,NULL),(1811,'(972)54-4860418','איריס',NULL,NULL,NULL,NULL),(1812,'(972)0544860418','Iris',NULL,NULL,NULL,NULL),(1813,'(972)0547776842','זהריערי',NULL,NULL,NULL,NULL),(1814,'(972)0547776842','זהר','יערי','','',NULL),(1815,'(972)0547776842','זוהריערי',NULL,NULL,NULL,NULL),(1816,'(972)0547776838','איריס','יערי','','',NULL),(1817,'(972)0547776838','זהר',NULL,NULL,NULL,NULL),(1818,'(972)0547311860','הלנה',NULL,NULL,NULL,NULL),(1819,'(972)0528384036','תמר','גולדברג','','',NULL),(1820,'(972)0528384036','תמרגולדברג',NULL,NULL,NULL,NULL),(1821,'(972)0523834036','תמר',NULL,NULL,NULL,NULL),(1822,'(972)0503031948','נועה','גולדברג ','','',NULL),(1823,'(972)542455820 ','צאלה ','','','',NULL),(1824,'(972)0524717048','נטלי','','','',NULL),(1827,'(972)0543992356','Harel',NULL,NULL,NULL,NULL),(1828,'(972)0543992356','הראלמוצפי',NULL,NULL,NULL,NULL),(1829,'(972)0504265526','עומר','בראון','','',NULL),(1830,'(972)507730705 ','Gggh','','','',NULL),(1831,'(972)0545698900','עופרידואק',NULL,NULL,NULL,NULL),(1832,'(972)0505666910','דגנית','אדם','','',NULL),(1833,'(972)0507274634','ליטל','איילשטיין','','',NULL),(1834,'(972)0546600307','אולגה','','','',NULL),(1835,'(972)0502825911','אוראל ','','','',NULL),(1836,'(972)0548823366','אוריה','','','',NULL),(1837,'(972)0508392401','אושרת','','','',NULL),(1838,'(972)0523134455','בתאל','','','',NULL),(1839,'(972)0544929656','דניאלה','','','',NULL),(1840,'(972)0523529423','הדר','מור','','',NULL),(1841,'(972)0525777195','חן','יצחקי','','',NULL),(1842,'(972)0545328096','חן ','הרוש','','',NULL),(1843,'(972)0548181322','ליאן','','','',NULL),(1844,'(972)0528779566','ליז','אופק','','',NULL),(1845,'(972)0546329959','ליז','','','',NULL),(1846,'(972)0543978794','מורן','','','',NULL),(1847,'(972)0504223955','מעין','שטרנברג','','',NULL),(1848,'(972)0549279090','נועם','','','',NULL),(1849,'(972)0548132340','סהר','','','',NULL),(1850,'(972)0543515559','ספיר','','','',NULL),(1851,'(972)0545350080','עדן','הרוש','','',NULL),(1852,'(972)0545717535','שגית','','','',NULL),(1853,'(972)0504422505','שני','','','',NULL),(1854,'(972)0542355122','תמר','שטרנברג','','',NULL),(1855,'(972)0528283150','כוכבית','','','',NULL),(1856,'(972)0526440924','מרגי','','','',NULL),(1857,'(972)0522927146','סמדר','','','',NULL),(1858,'(972)0505891111','גיא','איבן','','',NULL),(1859,'(972)0546620882','שפי','','','',NULL),(1860,'(972)0522230515','תמרקרפ',NULL,NULL,NULL,NULL),(1861,'(972)0522230525','תמר',NULL,NULL,NULL,NULL),(1862,'(972)0524445187','גבי','שוורץ','','',NULL),(1863,'(972)0527222075','רותם ','אליהו','','',NULL),(1864,'(972)0523666688','ליהי','גפן','','',NULL),(1865,'(972)0526865431','Aviazakain',NULL,NULL,NULL,NULL),(1866,'(972)0526865431','Avia',NULL,NULL,NULL,NULL),(1867,'(972)0526865431','אביהזכאין',NULL,NULL,NULL,NULL),(1868,'(972)0542355122','תמרשטרנברג',NULL,NULL,NULL,NULL),(1869,'(972)0542355122','Tamarsternberg',NULL,NULL,NULL,NULL),(1870,'(972)0504223955','מעיןשטרנברג',NULL,NULL,NULL,NULL),(1871,'(972)0509242455','מורן',NULL,NULL,NULL,NULL),(1873,'(972)0507778866','אביקמינסקי',NULL,NULL,NULL,NULL),(1878,'(972))012250498','Kosal',NULL,NULL,NULL,NULL),(1879,'(972)5512250498','Kosal',NULL,NULL,NULL,NULL),(1880,'(972)0542518890','עינב','','','',NULL),(1881,'(972)0525313335','מורן','','','',NULL),(1882,'(972)0509242455','Moran',NULL,NULL,NULL,NULL),(1883,'(972)0523529423','הדר','מור','','',NULL),(1884,'(972)0545350080','עדןהרוש',NULL,NULL,NULL,NULL),(1885,'(972)52-3529423','הדר','מור','','',NULL),(1890,'(972)0525777195','חןיצחקי',NULL,NULL,NULL,NULL),(1891,'(972)54-3978794','מירביצחקוב',NULL,NULL,NULL,NULL),(1892,'(972)0543978794','מירביצחקוב',NULL,NULL,NULL,NULL),(1893,'(972)0543978794','מירביצחקי',NULL,NULL,NULL,NULL),(1894,'(972)0543978794','מירב','','','',NULL),(1895,'(972)54-3978794','מירביצחקי',NULL,NULL,NULL,NULL),(1896,'(972)0543978794','מירב',NULL,NULL,NULL,NULL),(1897,'(972)0543978794','מרב',NULL,NULL,NULL,NULL),(1898,'(972)0543978794','Merav',NULL,NULL,NULL,NULL),(1899,'(972)54-4929656','דניאלה',NULL,NULL,NULL,NULL),(1900,'(972)0525956208','עדןאופק',NULL,NULL,NULL,NULL),(1901,'(972)0525956208','עדן',NULL,NULL,NULL,NULL),(1902,'(972)0526995342','נוי',NULL,NULL,NULL,NULL),(1903,'(972)0526995342','נוידמארי',NULL,NULL,NULL,NULL),(1904,'(972)0526326601','ליטלבןחיים',NULL,NULL,NULL,NULL),(1905,'(972)0526326601','ליטל',NULL,NULL,NULL,NULL),(1906,'(972)0525092460','מיקיאייזנר',NULL,NULL,NULL,NULL),(1907,'(972)0525092434','מיקיאייזנר',NULL,NULL,NULL,NULL),(1908,'(972)0525092460','מיכלאייזנר',NULL,NULL,NULL,NULL),(1909,'(972)52-5092460','מיקיאייזנר',NULL,NULL,NULL,NULL),(1910,'(972)0525092460','מיקיאיזנר',NULL,NULL,NULL,NULL),(1911,'(972)0523542941','סוניאודלר',NULL,NULL,NULL,NULL),(1912,'(972)0526264971','מאיר',NULL,NULL,NULL,NULL),(1913,'(972)0554346044','יהודית',NULL,NULL,NULL,NULL),(1914,'(972)0522318569','אסתרביר',NULL,NULL,NULL,NULL),(1915,'(972)0522318569','אתיביר',NULL,NULL,NULL,NULL);
/*!40000 ALTER TABLE `person` ENABLE KEYS */;
UNLOCK TABLES;

--
-- Table structure for table `personClass`
--

DROP TABLE IF EXISTS `personClass`;
/*!40101 SET @saved_cs_client     = @@character_set_client */;
/*!40101 SET character_set_client = utf8 */;
CREATE TABLE `personClass` (
  `classId` int(11) NOT NULL,
  `personId` int(11) NOT NULL,
  `type` varchar(255) NOT NULL,
  `numberOfValidRegistrations` int(11) DEFAULT '-999',
  KEY `fk_pc_class` (`classId`),
  KEY `fk_pc_person` (`personId`),
  CONSTRAINT `fk_pc_class` FOREIGN KEY (`classId`) REFERENCES `class` (`classId`),
  CONSTRAINT `fk_pc_person` FOREIGN KEY (`personId`) REFERENCES `person` (`personId`)
) ENGINE=InnoDB DEFAULT CHARSET=utf8;
/*!40101 SET character_set_client = @saved_cs_client */;

--
-- Dumping data for table `personClass`
--

LOCK TABLES `personClass` WRITE;
/*!40000 ALTER TABLE `personClass` DISABLE KEYS */;
INSERT INTO `personClass` VALUES (3,1011,'STUDENT',-999),(3,1004,'ADMIN',-999),(3,1004,'INSTRUCTOR',-999),(3,1004,'STUDENT',-999),(3,1002,'STUDENT',-999),(3,1000,'STUDENT',-999),(3,1001,'STUDENT',-999),(3,1003,'STUDENT',-999),(3,1005,'STUDENT',-999),(3,1008,'STUDENT',-999),(3,1007,'STUDENT',-999),(3,1006,'STUDENT',-999),(1,1012,'STUDENT',-1080),(1,1013,'STUDENT',-1071),(1,1014,'STUDENT',-1007),(1,1016,'STUDENT',-1048),(1,1017,'STUDENT',-1054),(1,1019,'STUDENT',-1070),(1,1021,'STUDENT',-1039),(1,1022,'STUDENT',-1074),(1,1023,'STUDENT',-1074),(1,1026,'STUDENT',-1052),(1,1029,'STUDENT',-1064),(1,1031,'STUDENT',-1018),(1,1036,'STUDENT',-1023),(1,1037,'STUDENT',-1061),(1,1041,'STUDENT',-1034),(1,1042,'STUDENT',-1049),(1,1043,'STUDENT',-1070),(1,1044,'STUDENT',-1044),(1,1047,'STUDENT',-1069),(1,1049,'STUDENT',-1087),(1,1051,'STUDENT',-1079),(1,1052,'STUDENT',-1037),(1,1054,'STUDENT',-1074),(1,1055,'STUDENT',-1047),(1,1057,'STUDENT',-1025),(1,1058,'STUDENT',-1037),(1,1062,'STUDENT',-1075),(1,1064,'STUDENT',-1036),(1,1066,'STUDENT',-1044),(1,1067,'STUDENT',-1064),(1,1068,'STUDENT',-1016),(1,1071,'STUDENT',-1023),(1,1074,'STUDENT',-1050),(1,1000,'STUDENT',-999),(1,1077,'STUDENT',-1002),(1,1078,'STUDENT',-999),(1,1079,'STUDENT',-999),(1,1076,'INSTRUCTOR',-1000),(1,1077,'INSTRUCTOR',-1002),(1,1078,'INSTRUCTOR',-999),(1,1079,'INSTRUCTOR',-999),(1,1080,'STUDENT',-1010),(1,1081,'STUDENT',-1042),(1,1084,'STUDENT',-1061),(1,1120,'STUDENT',-1029),(1,1121,'STUDENT',-1017),(1,1122,'STUDENT',-1055),(1,1123,'STUDENT',-1051),(1,1107,'STUDENT',-1075),(1,1087,'STUDENT',-1086),(1,1126,'STUDENT',-1059),(1,1127,'STUDENT',-1061),(1,1129,'STUDENT',-1042),(1,1130,'STUDENT',-1022),(1,1131,'STUDENT',-1053),(1,1134,'STUDENT',-1035),(1,1117,'STUDENT',-1092),(1,1113,'STUDENT',-1060),(1,1154,'STUDENT',-999),(1,1159,'STUDENT',-999),(1,1188,'STUDENT',-1005),(1,1193,'STUDENT',-1028),(2,1000,'STUDENT',15),(2,1201,'STUDENT',13),(2,1202,'STUDENT',4),(2,1203,'STUDENT',0),(2,1204,'STUDENT',9),(2,1205,'STUDENT',11),(2,1206,'STUDENT',0),(2,1207,'STUDENT',0),(2,1208,'STUDENT',0),(2,1209,'STUDENT',2),(2,1210,'STUDENT',11),(2,1211,'STUDENT',0),(2,1212,'STUDENT',7),(2,1213,'STUDENT',5),(2,1214,'STUDENT',0),(2,1215,'STUDENT',0),(2,1216,'STUDENT',-999),(2,1217,'STUDENT',-999),(2,1218,'STUDENT',0),(2,1219,'STUDENT',1),(2,1220,'STUDENT',0),(2,1221,'STUDENT',0),(2,1222,'STUDENT',1),(2,1223,'STUDENT',2),(2,1224,'STUDENT',0),(2,1225,'STUDENT',8),(2,1226,'STUDENT',4),(2,1227,'STUDENT',6),(2,1228,'STUDENT',2),(2,1229,'STUDENT',0),(2,1230,'STUDENT',1),(2,1231,'STUDENT',0),(2,1232,'STUDENT',2),(2,1233,'STUDENT',7),(2,1234,'STUDENT',0),(2,1235,'STUDENT',16),(2,1236,'STUDENT',-1003),(2,1237,'STUDENT',4),(2,1238,'STUDENT',1),(2,1239,'STUDENT',7),(2,1240,'STUDENT',5),(2,1241,'STUDENT',7),(2,1242,'STUDENT',0),(2,1243,'STUDENT',5),(2,1244,'STUDENT',0),(2,1245,'STUDENT',0),(2,1246,'STUDENT',11),(2,1247,'STUDENT',1),(2,1248,'STUDENT',5),(2,1249,'STUDENT',-999),(2,1250,'STUDENT',4),(2,1251,'STUDENT',3),(2,1252,'STUDENT',0),(2,1253,'STUDENT',0),(2,1254,'STUDENT',6),(2,1255,'STUDENT',0),(2,1256,'STUDENT',2),(2,1257,'STUDENT',1),(2,1258,'STUDENT',1),(2,1259,'STUDENT',0),(2,1260,'STUDENT',-999),(2,1261,'STUDENT',0),(2,1262,'STUDENT',0),(2,1263,'STUDENT',4),(2,1264,'STUDENT',0),(2,1265,'STUDENT',6),(2,1266,'STUDENT',0),(2,1267,'STUDENT',0),(2,1268,'STUDENT',1),(2,1269,'STUDENT',10),(2,1270,'STUDENT',0),(2,1271,'STUDENT',13),(2,1272,'STUDENT',1),(2,1273,'STUDENT',0),(2,1274,'STUDENT',0),(2,1275,'STUDENT',-999),(2,1276,'STUDENT',9),(2,1277,'STUDENT',7),(2,1278,'STUDENT',1),(2,1279,'STUDENT',7),(2,1280,'STUDENT',0),(2,1281,'STUDENT',7),(2,1282,'STUDENT',-1001),(2,1283,'STUDENT',0),(2,1284,'STUDENT',1),(2,1285,'STUDENT',2),(2,1286,'STUDENT',11),(2,1287,'STUDENT',0),(2,1288,'STUDENT',8),(2,1289,'STUDENT',2),(2,1290,'STUDENT',5),(2,1291,'STUDENT',7),(2,1292,'STUDENT',5),(2,1293,'STUDENT',0),(2,1294,'STUDENT',0),(2,1295,'STUDENT',0),(2,1296,'STUDENT',2),(2,1297,'STUDENT',3),(2,1298,'STUDENT',-1021),(2,1299,'STUDENT',-1014),(2,1300,'STUDENT',0),(2,1301,'STUDENT',0),(2,1302,'STUDENT',2),(2,1303,'STUDENT',6),(2,1304,'STUDENT',2),(2,1307,'STUDENT',1),(2,1308,'STUDENT',8),(2,1309,'STUDENT',0),(2,1310,'STUDENT',0),(1,1313,'STUDENT',-1066),(1,1324,'STUDENT',-1027),(2,1142,'STUDENT',10),(2,1331,'STUDENT',0),(2,1332,'STUDENT',2),(2,1117,'STUDENT',5),(2,1077,'STUDENT',-1021),(2,1077,'INSTRUCTOR',-1021),(2,1333,'STUDENT',-1011),(2,1333,'INSTRUCTOR',-1011),(2,1201,'INSTRUCTOR',13),(2,1334,'STUDENT',2),(2,1335,'STUDENT',-1007),(2,1335,'INSTRUCTOR',-1007),(1,1000,'INSTRUCTOR',-999),(2,1339,'STUDENT',9),(1,1296,'STUDENT',-1034),(2,1345,'STUDENT',5),(2,1368,'STUDENT',8),(2,1364,'STUDENT',5),(2,1343,'STUDENT',0),(2,1380,'STUDENT',-999),(2,1387,'STUDENT',-999),(2,1397,'STUDENT',5),(2,1400,'STUDENT',0),(2,1401,'STUDENT',0),(2,1421,'STUDENT',0),(2,1422,'STUDENT',0),(2,1419,'STUDENT',7),(2,1423,'STUDENT',0),(2,1424,'STUDENT',-1000),(2,1427,'STUDENT',13),(2,1425,'STUDENT',0),(2,1390,'STUDENT',6),(2,1426,'STUDENT',0),(2,1433,'STUDENT',0),(2,1434,'STUDENT',9),(2,1391,'STUDENT',1),(1,1142,'STUDENT',-1031),(2,1443,'STUDENT',8),(3,1455,'STUDENT',-999),(2,1459,'STUDENT',1),(2,1460,'STUDENT',6),(2,1420,'STUDENT',-999),(2,1461,'STUDENT',2),(2,1462,'STUDENT',0),(2,1463,'STUDENT',7),(2,1477,'STUDENT',2),(2,1478,'STUDENT',0),(2,1479,'STUDENT',0),(2,1412,'STUDENT',2),(1,1000,'ADMIN',-999),(2,1000,'ADMIN',15),(3,1000,'ADMIN',999),(2,1201,'ADMIN',13),(1,1076,'ADMIN',-1000),(3,1498,'STUDENT',-999),(2,1491,'STUDENT',1),(2,1500,'STUDENT',2),(2,1505,'STUDENT',1),(2,1510,'STUDENT',0),(2,1514,'STUDENT',0),(2,1516,'STUDENT',3),(2,1496,'STUDENT',7),(2,1520,'STUDENT',-1008),(1,1527,'STUDENT',-1027),(2,1531,'STUDENT',1),(2,1532,'STUDENT',0),(3,1010,'STUDENT',20),(3,1010,'ADMIN',20),(2,1537,'STUDENT',0),(2,1541,'STUDENT',5),(2,1543,'STUDENT',0),(2,1544,'STUDENT',3),(2,1547,'STUDENT',5),(2,1518,'STUDENT',3),(2,1549,'STUDENT',1),(2,1550,'STUDENT',-999),(2,1555,'STUDENT',4),(2,1556,'STUDENT',0),(2,1558,'STUDENT',0),(2,1559,'STUDENT',1),(2,1561,'STUDENT',0),(2,1565,'STUDENT',2),(2,1566,'STUDENT',4),(2,1568,'STUDENT',2),(2,1574,'STUDENT',8),(2,1579,'STUDENT',0),(2,1581,'STUDENT',1),(2,1582,'STUDENT',2),(2,1583,'STUDENT',11),(2,1534,'STUDENT',0),(2,1588,'STUDENT',11),(2,1589,'STUDENT',11),(2,1590,'STUDENT',0),(2,1570,'STUDENT',2),(2,1084,'STUDENT',5),(2,1596,'STUDENT',0),(2,1601,'STUDENT',5),(2,1602,'STUDENT',1),(2,1607,'STUDENT',0),(2,1609,'STUDENT',5),(1,1124,'STUDENT',-1025),(2,1611,'STUDENT',-999),(1,1616,'STUDENT',-1001),(2,1620,'STUDENT',0),(2,1622,'STUDENT',2),(2,1623,'STUDENT',3),(1,1628,'STUDENT',-1014),(1,1627,'STUDENT',-1011),(1,1638,'STUDENT',-1007),(1,1646,'STUDENT',-1027),(1,1649,'STUDENT',-1012),(2,1650,'STUDENT',0),(2,1656,'STUDENT',1),(2,1657,'STUDENT',3),(1,1668,'STUDENT',-1024),(2,1659,'STUDENT',3),(1,1670,'STUDENT',-1008),(2,1678,'STUDENT',0),(2,1684,'STUDENT',3),(2,1687,'STUDENT',0),(2,1688,'STUDENT',4),(2,1689,'STUDENT',8),(2,1690,'STUDENT',1),(2,1692,'STUDENT',2),(2,1693,'STUDENT',2),(2,1697,'STUDENT',0),(2,1700,'STUDENT',3),(4,1000,'STUDENT',-1000),(4,1701,'STUDENT',-999),(4,1000,'INSTRUCTOR',-1000),(4,1000,'ADMIN',-1000),(4,1701,'ADMIN',-999),(4,1701,'INSTRUCTOR',-999),(2,1722,'STUDENT',5),(2,1730,'STUDENT',0),(2,1698,'STUDENT',3),(2,1746,'STUDENT',0),(2,1749,'STUDENT',5),(1,1753,'STUDENT',-1004),(2,1758,'STUDENT',4),(1,1759,'STUDENT',-1004),(2,1763,'STUDENT',3),(1,1772,'STUDENT',-1007),(2,1774,'STUDENT',5),(2,1778,'STUDENT',3),(2,1782,'STUDENT',2),(1,1783,'STUDENT',-1007),(1,1786,'STUDENT',-1010),(1,1554,'STUDENT',-999),(1,1076,'STUDENT',-1000),(1,1796,'STUDENT',-1014),(2,1797,'STUDENT',10),(2,1806,'STUDENT',1),(2,1808,'STUDENT',8),(2,1814,'STUDENT',3),(2,1819,'STUDENT',0),(2,1822,'STUDENT',0),(2,1816,'STUDENT',4),(2,1823,'STUDENT',10),(5,1000,'STUDENT',-1000),(5,1000,'ADMIN',-1000),(5,1824,'ADMIN',-999),(5,1824,'STUDENT',-999),(5,1824,'INSTRUCTOR',-999),(6,1824,'INSTRUCTOR',-999),(6,1824,'STUDENT',-999),(6,1824,'ADMIN',-999),(6,1000,'ADMIN',-999),(6,1000,'STUDENT',-999),(2,1829,'STUDENT',0),(2,1832,'STUDENT',7),(2,1833,'STUDENT',3),(5,1834,'STUDENT',-999),(5,1835,'STUDENT',-999),(5,1836,'STUDENT',-1001),(5,1837,'STUDENT',-999),(5,1838,'STUDENT',-1001),(5,1839,'STUDENT',-1001),(5,1840,'STUDENT',-1002),(5,1841,'STUDENT',-999),(5,1842,'STUDENT',-1004),(5,1843,'STUDENT',-999),(5,1844,'STUDENT',-1001),(5,1845,'STUDENT',-999),(5,1847,'STUDENT',-1001),(5,1848,'STUDENT',-1005),(5,1849,'STUDENT',-1004),(5,1850,'STUDENT',-1005),(5,1851,'STUDENT',-1005),(5,1852,'STUDENT',-1001),(5,1853,'STUDENT',-1001),(5,1854,'STUDENT',-1005),(6,1855,'STUDENT',-999),(6,1856,'STUDENT',-999),(6,1857,'STUDENT',-999),(6,1858,'STUDENT',-999),(6,1841,'STUDENT',-999),(6,1859,'STUDENT',-999),(1,1862,'STUDENT',-999),(1,1862,'INSTRUCTOR',-999),(2,1863,'STUDENT',0),(2,1864,'STUDENT',0),(7,1076,'ADMIN',-999),(7,1076,'INSTRUCTOR',-999),(7,1076,'STUDENT',-999),(7,1000,'STUDENT',-999),(7,1000,'INSTRUCTOR',-999),(7,1000,'ADMIN',-999),(7,1079,'INSTRUCTOR',-999),(7,1079,'STUDENT',-999),(5,1880,'STUDENT',-999),(5,1871,'STUDENT',-999),(5,1881,'STUDENT',-999),(6,1883,'STUDENT',-1000),(5,1894,'STUDENT',-1005),(5,1901,'STUDENT',-1001);
/*!40000 ALTER TABLE `personClass` ENABLE KEYS */;
UNLOCK TABLES;

--
-- Table structure for table `registration`
--

DROP TABLE IF EXISTS `registration`;
/*!40101 SET @saved_cs_client     = @@character_set_client */;
/*!40101 SET character_set_client = utf8 */;
CREATE TABLE `registration` (
  `classId` int(11) NOT NULL,
  `eventId` int(11) NOT NULL,
  `personId` int(11) NOT NULL,
  `status` varchar(255) NOT NULL,
  `lastUpdated` datetime DEFAULT CURRENT_TIMESTAMP ON UPDATE CURRENT_TIMESTAMP,
  KEY `fk_registration_classId` (`classId`),
  KEY `fk_registration_eventId` (`eventId`),
  KEY `fk_registration_personId` (`personId`),
  CONSTRAINT `fk_registration_classId` FOREIGN KEY (`classId`) REFERENCES `class` (`classId`),
  CONSTRAINT `fk_registration_eventId` FOREIGN KEY (`eventId`) REFERENCES `events` (`eventId`),
  CONSTRAINT `fk_registration_personId` FOREIGN KEY (`personId`) REFERENCES `person` (`personId`)
) ENGINE=InnoDB DEFAULT CHARSET=utf8;
/*!40101 SET character_set_client = @saved_cs_client */;

--
-- Dumping data for table `registration`
--

LOCK TABLES `registration` WRITE;
/*!40000 ALTER TABLE `registration` DISABLE KEYS */;
INSERT INTO `registration` VALUES (2,758,1250,'REGISTERED','2016-06-01 05:10:50'),(2,758,1250,'UNREGISTERED','2016-06-01 05:11:28'),(2,758,1250,'REGISTERED','2016-06-01 05:11:29'),(2,759,1235,'REGISTERED','2016-06-01 05:14:31'),(2,758,1583,'REGISTERED','2016-06-01 10:01:00'),(2,758,1331,'REGISTERED','2016-06-01 10:24:24'),(2,759,1240,'REGISTERED','2016-06-01 11:08:21'),(2,759,1284,'REGISTERED','2016-06-02 16:35:51'),(2,759,1284,'UNREGISTERED','2016-06-02 16:35:51'),(2,759,1284,'REGISTERED','2016-06-02 16:35:53'),(2,759,1284,'UNREGISTERED','2016-06-02 18:33:01'),(2,759,1300,'REGISTERED','2016-06-06 13:00:00'),(2,758,1248,'REGISTERED','2016-06-17 07:39:19'),(2,759,1583,'REGISTERED','2016-06-21 06:43:23'),(2,759,1427,'REGISTERED','2016-06-22 12:55:32'),(2,759,1746,'REGISTERED','2016-06-23 09:10:16'),(1,628,1126,'REGISTERED','2016-06-23 14:01:21'),(1,629,1041,'REGISTERED','2016-06-23 14:01:21'),(1,628,1087,'REGISTERED','2016-06-23 14:01:22'),(1,628,1012,'REGISTERED','2016-06-23 14:06:09'),(1,628,1117,'REGISTERED','2016-06-23 15:16:38'),(1,628,1668,'REGISTERED','2016-06-23 16:00:18'),(2,758,1202,'REGISTERED','2016-06-23 16:24:52'),(1,628,1037,'REGISTERED','2016-06-23 18:30:54'),(1,628,1042,'REGISTERED','2016-06-23 19:31:23'),(1,628,1129,'REGISTERED','2016-06-23 19:38:47'),(1,629,1054,'REGISTERED','2016-06-23 19:47:01'),(1,628,1049,'REGISTERED','2016-06-23 20:02:59'),(1,629,1067,'REGISTERED','2016-06-23 20:04:19'),(1,629,1062,'REGISTERED','2016-06-23 21:16:55'),(1,628,1037,'UNREGISTERED','2016-06-24 03:42:52'),(1,628,1019,'REGISTERED','2016-06-24 05:43:13'),(1,629,1026,'REGISTERED','2016-06-24 06:31:53'),(1,628,1313,'REGISTERED','2016-06-24 07:40:45'),(1,628,1055,'REGISTERED','2016-06-24 07:46:05'),(1,628,1123,'REGISTERED','2016-06-24 08:52:49'),(1,629,1127,'REGISTERED','2016-06-24 09:02:52'),(2,759,1301,'REGISTERED','2016-06-24 13:47:36'),(2,761,1301,'REGISTERED','2016-06-24 13:47:44'),(2,758,1774,'REGISTERED','2016-06-24 19:04:48'),(2,758,1205,'REGISTERED','2016-06-24 22:20:41'),(2,758,1241,'REGISTERED','2016-06-25 05:52:46'),(2,758,1583,'UNREGISTERED','2016-06-25 09:36:39'),(1,629,1051,'REGISTERED','2016-06-25 12:25:19'),(1,628,1043,'REGISTERED','2016-06-25 15:05:55'),(2,758,1204,'REGISTERED','2016-06-25 15:22:50'),(2,758,1202,'UNREGISTERED','2016-06-25 20:07:05'),(2,759,1233,'REGISTERED','2016-06-25 21:28:30'),(1,628,1074,'REGISTERED','2016-06-26 05:18:35'),(1,628,1019,'UNREGISTERED','2016-06-27 07:00:37'),(2,759,1650,'REGISTERED','2016-06-27 08:10:02'),(2,759,1650,'UNREGISTERED','2016-06-27 08:10:02'),(2,759,1650,'REGISTERED','2016-06-27 08:10:03'),(2,761,1241,'REGISTERED','2016-06-28 05:15:47'),(2,758,1622,'REGISTERED','2016-06-28 05:20:28'),(2,759,1241,'REGISTERED','2016-06-28 09:07:14'),(2,759,1241,'UNREGISTERED','2016-06-28 09:26:34'),(2,758,1202,'REGISTERED','2016-06-28 10:56:25'),(2,758,1202,'UNREGISTERED','2016-06-28 11:00:57'),(2,758,1202,'UNREGISTERED','2016-06-28 11:00:57'),(1,628,1126,'UNREGISTERED','2016-06-28 11:36:45'),(2,759,1443,'REGISTERED','2016-06-28 15:04:52'),(2,759,1246,'REGISTERED','2016-06-28 18:08:56'),(2,761,1233,'REGISTERED','2016-06-28 19:03:01'),(2,759,1201,'REGISTERED','2016-06-29 10:48:26'),(1,628,1029,'REGISTERED','2016-06-29 13:19:22'),(2,759,1077,'STANDBY','2016-06-29 14:39:10'),(2,759,1077,'CANCEL_STANDBY','2016-06-29 14:39:14'),(2,759,1763,'STANDBY','2016-06-29 14:52:45'),(1,628,1057,'REGISTERED','2016-06-29 15:08:49'),(1,629,1122,'REGISTERED','2016-06-29 17:27:11'),(2,758,1248,'UNREGISTERED','2016-06-29 17:53:36'),(2,759,1233,'UNREGISTERED','2016-06-30 05:08:57'),(2,759,1233,'UNREGISTERED','2016-06-30 05:08:58'),(2,759,1233,'UNREGISTERED','2016-06-30 05:08:58'),(2,758,1233,'REGISTERED','2016-06-30 05:09:08'),(2,758,1233,'UNREGISTERED','2016-06-30 05:09:08'),(2,758,1233,'REGISTERED','2016-06-30 05:09:08'),(2,758,1201,'REGISTERED','2016-06-30 06:28:34'),(2,758,1205,'UNREGISTERED','2016-06-30 07:08:49'),(2,759,1427,'UNREGISTERED','2016-06-30 07:43:14'),(2,758,1331,'UNREGISTERED','2016-06-30 11:46:03'),(2,759,1774,'REGISTERED','2016-06-30 13:35:12'),(2,759,1774,'UNREGISTERED','2016-06-30 13:44:13'),(1,1055,1041,'REGISTERED','2016-06-30 14:00:36'),(1,1057,1041,'REGISTERED','2016-06-30 14:00:47'),(1,1051,1107,'REGISTERED','2016-06-30 14:00:48'),(1,1052,1107,'REGISTERED','2016-06-30 14:01:01'),(1,1053,1107,'REGISTERED','2016-06-30 14:01:11'),(1,1051,1013,'REGISTERED','2016-06-30 14:01:12'),(1,1053,1087,'REGISTERED','2016-06-30 14:01:13'),(1,1055,1107,'REGISTERED','2016-06-30 14:01:24'),(1,1052,1013,'REGISTERED','2016-06-30 14:01:25'),(1,1055,1087,'REGISTERED','2016-06-30 14:01:30'),(1,1053,1013,'REGISTERED','2016-06-30 14:01:37'),(1,1051,1126,'REGISTERED','2016-06-30 14:01:50'),(1,1053,1126,'REGISTERED','2016-06-30 14:02:03'),(1,1056,1126,'REGISTERED','2016-06-30 14:02:12'),(1,1052,1668,'REGISTERED','2016-06-30 14:02:47'),(1,1056,1668,'REGISTERED','2016-06-30 14:03:03'),(1,1050,1012,'REGISTERED','2016-06-30 14:05:57'),(1,1052,1067,'REGISTERED','2016-06-30 14:06:28'),(1,1053,1012,'REGISTERED','2016-06-30 14:06:38'),(1,1055,1067,'REGISTERED','2016-06-30 14:06:44'),(1,1055,1012,'REGISTERED','2016-06-30 14:06:49'),(1,1056,1012,'REGISTERED','2016-06-30 14:07:07'),(1,1057,1067,'REGISTERED','2016-06-30 14:07:08'),(1,1050,1029,'REGISTERED','2016-06-30 14:30:10'),(1,1054,1029,'REGISTERED','2016-06-30 14:30:23'),(1,1056,1029,'REGISTERED','2016-06-30 14:30:34'),(1,1051,1031,'REGISTERED','2016-06-30 14:33:44'),(1,1053,1031,'REGISTERED','2016-06-30 14:33:58'),(1,1055,1051,'REGISTERED','2016-06-30 14:54:09'),(1,1057,1051,'REGISTERED','2016-06-30 14:54:19'),(1,1052,1122,'REGISTERED','2016-06-30 15:10:22'),(1,1055,1122,'REGISTERED','2016-06-30 15:10:39'),(1,1051,1646,'REGISTERED','2016-06-30 15:24:31'),(1,1053,1646,'REGISTERED','2016-06-30 15:24:41'),(1,1053,1646,'UNREGISTERED','2016-06-30 15:24:41'),(1,1053,1646,'REGISTERED','2016-06-30 15:24:41'),(1,1053,1646,'UNREGISTERED','2016-06-30 15:24:41'),(1,1053,1646,'REGISTERED','2016-06-30 15:24:41'),(2,758,1774,'UNREGISTERED','2016-06-30 15:34:49'),(1,1051,1117,'REGISTERED','2016-06-30 15:44:34'),(1,1052,1117,'REGISTERED','2016-06-30 15:44:43'),(1,1056,1117,'REGISTERED','2016-06-30 15:44:53'),(1,1051,1772,'REGISTERED','2016-06-30 15:46:02'),(1,1053,1772,'REGISTERED','2016-06-30 15:46:16'),(2,758,1250,'UNREGISTERED','2016-06-30 15:47:27'),(1,1052,1134,'REGISTERED','2016-06-30 15:47:31'),(1,1055,1134,'REGISTERED','2016-06-30 15:47:52'),(1,1055,1134,'UNREGISTERED','2016-06-30 15:50:38'),(1,1054,1134,'REGISTERED','2016-06-30 15:50:53'),(1,1050,1019,'REGISTERED','2016-06-30 16:01:13'),(1,1054,1019,'REGISTERED','2016-06-30 16:01:33'),(1,1056,1019,'REGISTERED','2016-06-30 16:01:55'),(2,759,1583,'UNREGISTERED','2016-06-30 17:03:39'),(1,628,1127,'REGISTERED','2016-06-30 17:19:48'),(1,629,1127,'UNREGISTERED','2016-06-30 17:19:57'),(1,1051,1123,'REGISTERED','2016-06-30 17:20:30'),(1,1053,1123,'REGISTERED','2016-06-30 17:20:39'),(1,1056,1123,'REGISTERED','2016-06-30 17:20:50'),(1,628,1123,'UNREGISTERED','2016-06-30 17:20:59'),(1,1050,1066,'REGISTERED','2016-06-30 17:21:57'),(1,1053,1066,'REGISTERED','2016-06-30 17:23:19'),(1,629,1058,'REGISTERED','2016-06-30 17:25:41'),(1,628,1017,'REGISTERED','2016-06-30 18:12:46'),(1,1052,1026,'REGISTERED','2016-06-30 18:16:56'),(1,1055,1026,'REGISTERED','2016-06-30 18:17:07'),(1,1057,1026,'REGISTERED','2016-06-30 18:17:23'),(1,1052,1129,'REGISTERED','2016-06-30 18:24:38'),(1,1053,1055,'REGISTERED','2016-06-30 18:25:40'),(1,1056,1129,'REGISTERED','2016-06-30 18:25:50'),(1,1056,1055,'REGISTERED','2016-06-30 18:25:53'),(1,1052,1042,'REGISTERED','2016-06-30 19:17:53'),(1,1055,1042,'REGISTERED','2016-06-30 19:18:02'),(1,1056,1042,'REGISTERED','2016-06-30 19:18:10'),(1,1052,1037,'REGISTERED','2016-06-30 19:24:50'),(1,1051,1062,'REGISTERED','2016-06-30 19:59:56'),(1,1052,1062,'REGISTERED','2016-06-30 20:00:07'),(1,1057,1062,'REGISTERED','2016-06-30 20:00:35'),(1,1051,1049,'REGISTERED','2016-06-30 20:40:13'),(1,1052,1049,'REGISTERED','2016-06-30 20:40:19'),(1,1053,1049,'REGISTERED','2016-06-30 20:40:25'),(1,1056,1049,'REGISTERED','2016-06-30 20:40:44'),(2,759,1763,'CANCEL_STANDBY','2016-06-30 21:43:35'),(2,759,1763,'REGISTERED','2016-06-30 21:43:38'),(1,628,1668,'UNREGISTERED','2016-07-01 03:33:03'),(1,628,1043,'UNREGISTERED','2016-07-01 03:40:02'),(1,629,1043,'REGISTERED','2016-07-01 03:40:16'),(1,629,1062,'UNREGISTERED','2016-07-01 03:58:04'),(1,628,1062,'REGISTERED','2016-07-01 03:58:13'),(1,628,1043,'REGISTERED','2016-07-01 04:15:18'),(1,629,1043,'UNREGISTERED','2016-07-01 04:29:44'),(2,1173,1230,'REGISTERED','2016-07-01 05:02:36'),(2,1189,1230,'REGISTERED','2016-07-01 05:02:46'),(2,1205,1230,'REGISTERED','2016-07-01 05:02:54'),(2,1221,1230,'REGISTERED','2016-07-01 05:03:04'),(2,1237,1230,'REGISTERED','2016-07-01 05:03:11'),(2,1173,1235,'REGISTERED','2016-07-01 05:05:55'),(2,1189,1235,'REGISTERED','2016-07-01 05:06:05'),(2,1205,1235,'REGISTERED','2016-07-01 05:06:16'),(2,1221,1235,'REGISTERED','2016-07-01 05:06:27'),(2,1221,1235,'UNREGISTERED','2016-07-01 05:06:27'),(2,1221,1235,'REGISTERED','2016-07-01 05:06:28'),(2,1237,1235,'REGISTERED','2016-07-01 05:06:36'),(2,1181,1240,'REGISTERED','2016-07-01 05:10:35'),(2,1173,1205,'REGISTERED','2016-07-01 05:10:49'),(2,1197,1240,'REGISTERED','2016-07-01 05:11:15'),(2,1200,1240,'REGISTERED','2016-07-01 05:11:24'),(2,1213,1240,'REGISTERED','2016-07-01 05:12:02'),(2,1216,1240,'REGISTERED','2016-07-01 05:12:12'),(2,1173,1443,'REGISTERED','2016-07-01 05:12:33'),(2,1173,1443,'UNREGISTERED','2016-07-01 05:12:33'),(2,1173,1443,'REGISTERED','2016-07-01 05:12:33'),(2,1229,1240,'REGISTERED','2016-07-01 05:12:37'),(2,1189,1443,'REGISTERED','2016-07-01 05:12:46'),(2,1205,1443,'REGISTERED','2016-07-01 05:13:03'),(2,1205,1443,'UNREGISTERED','2016-07-01 05:13:03'),(2,1205,1443,'REGISTERED','2016-07-01 05:13:03'),(2,1221,1443,'REGISTERED','2016-07-01 05:13:13'),(2,1221,1443,'UNREGISTERED','2016-07-01 05:13:13'),(2,1221,1443,'REGISTERED','2016-07-01 05:13:13'),(2,1237,1443,'REGISTERED','2016-07-01 05:13:22'),(2,1237,1443,'UNREGISTERED','2016-07-01 05:13:22'),(2,1237,1443,'REGISTERED','2016-07-01 05:13:23'),(2,1237,1443,'UNREGISTERED','2016-07-01 05:14:13'),(2,1200,1443,'REGISTERED','2016-07-01 05:14:21'),(2,1200,1443,'UNREGISTERED','2016-07-01 05:14:21'),(2,1200,1443,'REGISTERED','2016-07-01 05:14:21'),(2,1221,1443,'UNREGISTERED','2016-07-01 05:14:39'),(2,1221,1443,'UNREGISTERED','2016-07-01 05:14:39'),(2,1216,1443,'REGISTERED','2016-07-01 05:14:45'),(2,1216,1443,'UNREGISTERED','2016-07-01 05:14:46'),(2,1216,1443,'REGISTERED','2016-07-01 05:14:46'),(2,1181,1235,'REGISTERED','2016-07-01 05:19:31'),(2,1181,1235,'UNREGISTERED','2016-07-01 05:19:31'),(2,1181,1235,'REGISTERED','2016-07-01 05:19:31'),(2,1197,1235,'REGISTERED','2016-07-01 05:23:05'),(2,1200,1235,'REGISTERED','2016-07-01 05:23:18'),(2,1213,1235,'REGISTERED','2016-07-01 05:24:29'),(2,1216,1235,'REGISTERED','2016-07-01 05:24:51'),(2,1229,1235,'REGISTERED','2016-07-01 05:25:20'),(2,1232,1235,'REGISTERED','2016-07-01 05:25:30'),(2,1173,1301,'REGISTERED','2016-07-01 05:27:29'),(2,1175,1301,'REGISTERED','2016-07-01 05:29:13'),(2,1185,1301,'REGISTERED','2016-07-01 05:29:48'),(1,1051,1016,'REGISTERED','2016-07-01 05:29:56'),(2,1200,1301,'REGISTERED','2016-07-01 05:30:00'),(1,1053,1016,'REGISTERED','2016-07-01 05:30:05'),(2,1174,1233,'REGISTERED','2016-07-01 05:38:41'),(2,1178,1233,'REGISTERED','2016-07-01 05:38:53'),(2,1185,1233,'REGISTERED','2016-07-01 05:39:20'),(2,1190,1233,'REGISTERED','2016-07-01 05:39:52'),(2,1198,1233,'REGISTERED','2016-07-01 05:40:07'),(2,1194,1233,'REGISTERED','2016-07-01 05:40:15'),(2,1206,1233,'REGISTERED','2016-07-01 05:40:39'),(2,1210,1233,'REGISTERED','2016-07-01 05:40:55'),(2,1216,1233,'REGISTERED','2016-07-01 05:41:03'),(2,1222,1233,'REGISTERED','2016-07-01 05:41:19'),(2,1230,1233,'REGISTERED','2016-07-01 05:41:33'),(2,1226,1233,'REGISTERED','2016-07-01 05:41:49'),(2,1232,1233,'REGISTERED','2016-07-01 05:42:01'),(2,1238,1233,'REGISTERED','2016-07-01 05:42:10'),(1,1052,1022,'REGISTERED','2016-07-01 05:47:47'),(1,1054,1022,'REGISTERED','2016-07-01 05:48:30'),(1,1056,1022,'REGISTERED','2016-07-01 05:48:41'),(1,1050,1313,'REGISTERED','2016-07-01 06:05:40'),(1,1052,1313,'REGISTERED','2016-07-01 06:06:07'),(1,1054,1313,'REGISTERED','2016-07-01 06:06:32'),(1,1056,1313,'REGISTERED','2016-07-01 06:07:08'),(2,1173,1697,'REGISTERED','2016-07-01 06:15:23'),(2,1181,1697,'REGISTERED','2016-07-01 06:15:34'),(2,1189,1697,'REGISTERED','2016-07-01 06:15:46'),(2,1189,1697,'UNREGISTERED','2016-07-01 06:15:46'),(2,1189,1697,'REGISTERED','2016-07-01 06:15:46'),(2,1174,1463,'REGISTERED','2016-07-01 06:15:48'),(2,1178,1117,'REGISTERED','2016-07-01 06:25:51'),(2,1194,1117,'REGISTERED','2016-07-01 06:26:10'),(2,1173,1250,'REGISTERED','2016-07-01 07:00:41'),(2,1177,1250,'REGISTERED','2016-07-01 07:01:09'),(2,1183,1250,'REGISTERED','2016-07-01 07:01:27'),(2,1189,1250,'REGISTERED','2016-07-01 07:02:02'),(2,1189,1250,'UNREGISTERED','2016-07-01 07:02:02'),(2,1189,1250,'REGISTERED','2016-07-01 07:02:02'),(2,1193,1250,'REGISTERED','2016-07-01 07:02:11'),(2,1193,1250,'UNREGISTERED','2016-07-01 07:02:11'),(2,1193,1250,'REGISTERED','2016-07-01 07:02:11'),(2,1199,1250,'REGISTERED','2016-07-01 07:02:18'),(2,1199,1250,'UNREGISTERED','2016-07-01 07:02:18'),(2,1199,1250,'REGISTERED','2016-07-01 07:02:18'),(2,1205,1250,'REGISTERED','2016-07-01 07:02:48'),(2,1231,1250,'REGISTERED','2016-07-01 07:03:06'),(2,1231,1250,'UNREGISTERED','2016-07-01 07:03:06'),(2,1231,1250,'REGISTERED','2016-07-01 07:03:06'),(2,1237,1250,'REGISTERED','2016-07-01 07:03:19'),(2,1237,1250,'UNREGISTERED','2016-07-01 07:03:19'),(2,1237,1250,'REGISTERED','2016-07-01 07:03:19'),(2,1173,1296,'REGISTERED','2016-07-01 08:32:34'),(2,1173,1296,'UNREGISTERED','2016-07-01 08:32:34'),(2,1173,1296,'REGISTERED','2016-07-01 08:32:34'),(1,1051,1296,'REGISTERED','2016-07-01 08:33:20'),(2,1173,1201,'REGISTERED','2016-07-01 08:37:54'),(2,1205,1248,'REGISTERED','2016-07-01 09:02:59'),(2,1178,1248,'REGISTERED','2016-07-01 09:07:59'),(2,1197,1248,'REGISTERED','2016-07-01 09:11:00'),(2,1175,1241,'REGISTERED','2016-07-01 09:28:26'),(2,1177,1241,'REGISTERED','2016-07-01 09:29:04'),(2,1181,1241,'REGISTERED','2016-07-01 09:29:16'),(2,1171,1588,'REGISTERED','2016-07-01 10:00:33'),(2,1171,1588,'UNREGISTERED','2016-07-01 10:00:37'),(2,1173,1588,'REGISTERED','2016-07-01 10:00:56'),(2,1189,1588,'REGISTERED','2016-07-01 10:01:15'),(2,1205,1588,'REGISTERED','2016-07-01 10:01:30'),(2,1221,1588,'REGISTERED','2016-07-01 10:01:51'),(2,1237,1588,'REGISTERED','2016-07-01 10:02:03'),(2,1177,1588,'REGISTERED','2016-07-01 10:02:18'),(2,1193,1588,'REGISTERED','2016-07-01 10:02:35'),(2,1174,1778,'REGISTERED','2016-07-01 13:37:05'),(2,1173,1276,'REGISTERED','2016-07-01 18:52:21'),(2,1189,1276,'REGISTERED','2016-07-01 18:52:31'),(2,1205,1276,'REGISTERED','2016-07-01 18:52:41'),(2,1221,1276,'REGISTERED','2016-07-01 18:52:50'),(2,1237,1276,'REGISTERED','2016-07-01 18:52:56'),(2,1173,1589,'REGISTERED','2016-07-01 20:40:29'),(2,1177,1589,'REGISTERED','2016-07-01 20:40:56'),(2,1189,1589,'REGISTERED','2016-07-01 20:41:13'),(2,1193,1589,'REGISTERED','2016-07-01 20:41:29'),(2,1205,1589,'REGISTERED','2016-07-01 20:41:43'),(2,1209,1589,'REGISTERED','2016-07-01 20:42:28'),(2,1221,1589,'REGISTERED','2016-07-01 20:42:44'),(2,1225,1589,'REGISTERED','2016-07-01 20:43:08'),(2,1237,1589,'REGISTERED','2016-07-01 20:43:19'),(1,1051,1124,'REGISTERED','2016-07-01 21:30:59'),(1,1053,1124,'REGISTERED','2016-07-01 21:31:29'),(2,761,1301,'UNREGISTERED','2016-07-02 03:50:43'),(2,1181,1300,'REGISTERED','2016-07-02 03:50:47'),(2,1197,1300,'REGISTERED','2016-07-02 03:51:06'),(2,1200,1300,'REGISTERED','2016-07-02 03:51:35'),(2,1213,1300,'REGISTERED','2016-07-02 03:51:52'),(1,1052,1628,'REGISTERED','2016-07-02 04:35:57'),(1,1055,1628,'REGISTERED','2016-07-02 04:36:15'),(1,1052,1023,'REGISTERED','2016-07-02 06:33:05'),(1,1053,1023,'REGISTERED','2016-07-02 06:33:25'),(1,1053,1023,'UNREGISTERED','2016-07-02 06:33:26'),(1,1053,1023,'REGISTERED','2016-07-02 06:33:27'),(2,1173,1276,'UNREGISTERED','2016-07-02 13:42:55'),(2,1176,1276,'REGISTERED','2016-07-02 13:43:45'),(2,1183,1276,'REGISTERED','2016-07-02 13:44:24'),(2,1175,1582,'REGISTERED','2016-07-02 14:04:33'),(2,1179,1582,'REGISTERED','2016-07-02 14:04:40'),(2,1173,1230,'UNREGISTERED','2016-07-02 15:12:24'),(2,1173,1201,'UNREGISTERED','2016-07-02 16:30:05'),(2,1174,1345,'REGISTERED','2016-07-02 16:35:49'),(1,1051,1127,'REGISTERED','2016-07-02 17:26:30'),(1,1055,1127,'REGISTERED','2016-07-02 17:26:37'),(1,1056,1127,'REGISTERED','2016-07-02 17:26:44'),(1,1050,1627,'REGISTERED','2016-07-02 17:53:22'),(1,1052,1627,'REGISTERED','2016-07-02 17:53:39'),(2,1173,1201,'REGISTERED','2016-07-02 18:31:30'),(2,1173,1205,'UNREGISTERED','2016-07-02 18:51:52'),(1,1050,1017,'REGISTERED','2016-07-02 19:18:28'),(2,1172,1622,'REGISTERED','2016-07-02 19:22:31'),(2,1172,1623,'REGISTERED','2016-07-02 19:23:27'),(1,1050,1019,'UNREGISTERED','2016-07-02 19:24:33'),(2,1175,1746,'REGISTERED','2016-07-02 20:19:10'),(1,1052,1131,'REGISTERED','2016-07-02 20:46:12'),(1,1055,1131,'REGISTERED','2016-07-02 20:46:46'),(2,1172,1279,'REGISTERED','2016-07-02 20:58:23'),(2,1178,1279,'REGISTERED','2016-07-02 20:58:45'),(2,1181,1304,'REGISTERED','2016-07-02 23:23:21'),(2,1197,1304,'REGISTERED','2016-07-02 23:23:31'),(2,1213,1304,'REGISTERED','2016-07-02 23:23:39'),(2,1229,1304,'REGISTERED','2016-07-02 23:23:48'),(2,1189,1304,'REGISTERED','2016-07-02 23:24:33'),(2,1221,1304,'REGISTERED','2016-07-02 23:24:49'),(2,1237,1304,'REGISTERED','2016-07-02 23:25:07'),(2,1172,1239,'REGISTERED','2016-07-03 02:41:18'),(2,1176,1239,'REGISTERED','2016-07-03 02:41:39'),(2,1173,1763,'REGISTERED','2016-07-03 02:53:42'),(2,1173,1443,'UNREGISTERED','2016-07-03 03:40:11'),(2,1221,1443,'REGISTERED','2016-07-03 03:40:43'),(1,1050,1313,'UNREGISTERED','2016-07-03 04:39:45'),(2,1188,1204,'REGISTERED','2016-07-03 05:16:06'),(2,1192,1204,'REGISTERED','2016-07-03 05:16:22'),(2,1188,1204,'UNREGISTERED','2016-07-03 05:16:39'),(2,1188,1204,'REGISTERED','2016-07-03 05:17:01'),(2,1208,1204,'REGISTERED','2016-07-03 05:17:21'),(2,1215,1204,'REGISTERED','2016-07-03 05:17:37'),(2,1224,1204,'REGISTERED','2016-07-03 05:17:54'),(2,1231,1204,'REGISTERED','2016-07-03 05:18:10'),(2,1179,1427,'REGISTERED','2016-07-03 05:29:00'),(1,1051,1074,'REGISTERED','2016-07-03 06:15:44'),(1,1055,1074,'REGISTERED','2016-07-03 06:16:16'),(1,1056,1074,'REGISTERED','2016-07-03 06:16:33'),(2,1176,1427,'REGISTERED','2016-07-03 07:39:11'),(1,1051,1021,'REGISTERED','2016-07-03 07:40:21'),(1,1051,1021,'UNREGISTERED','2016-07-03 07:40:21'),(1,1051,1021,'REGISTERED','2016-07-03 07:40:21'),(1,1053,1021,'REGISTERED','2016-07-03 07:40:31'),(1,1053,1021,'UNREGISTERED','2016-07-03 07:40:31'),(1,1053,1021,'REGISTERED','2016-07-03 07:40:31'),(2,1176,1427,'UNREGISTERED','2016-07-03 07:40:33'),(2,1176,1427,'UNREGISTERED','2016-07-03 07:40:33'),(2,1178,1427,'REGISTERED','2016-07-03 07:40:55'),(2,1178,1427,'UNREGISTERED','2016-07-03 07:40:55'),(2,1178,1427,'REGISTERED','2016-07-03 07:40:55'),(2,1176,1237,'REGISTERED','2016-07-03 07:48:17'),(2,1181,1288,'REGISTERED','2016-07-03 08:36:43'),(1,1053,1786,'REGISTERED','2016-07-03 09:37:31'),(2,1172,1298,'REGISTERED','2016-07-03 12:00:53'),(1,1052,1047,'STANDBY','2016-07-03 12:03:56'),(1,1054,1047,'REGISTERED','2016-07-03 12:04:12'),(1,1057,1047,'REGISTERED','2016-07-03 12:04:25'),(2,1173,1296,'UNREGISTERED','2016-07-03 12:38:19'),(2,1175,1296,'REGISTERED','2016-07-03 12:38:43'),(2,1175,1656,'REGISTERED','2016-07-03 13:11:31'),(1,1053,1554,'REGISTERED','2016-07-03 13:53:03'),(1,1053,1554,'UNREGISTERED','2016-07-03 13:53:33'),(1,1051,1031,'UNREGISTERED','2016-07-03 14:50:46'),(2,1176,1204,'REGISTERED','2016-07-03 15:06:53'),(1,1051,1074,'UNREGISTERED','2016-07-03 15:40:36'),(1,1051,1783,'REGISTERED','2016-07-03 16:06:38'),(2,1175,1241,'UNREGISTERED','2016-07-03 16:09:31'),(2,1173,1308,'REGISTERED','2016-07-03 16:52:46'),(2,1175,1235,'REGISTERED','2016-07-03 18:13:23'),(2,1189,1241,'REGISTERED','2016-07-03 18:24:40'),(1,1052,1055,'STANDBY','2016-07-03 18:42:44'),(2,1185,1233,'UNREGISTERED','2016-07-03 19:35:05'),(1,1052,1047,'CANCEL_STANDBY','2016-07-03 20:40:23'),(2,1175,1656,'UNREGISTERED','2016-07-03 21:43:18'),(1,1055,1022,'REGISTERED','2016-07-04 04:14:12'),(1,1052,1022,'UNREGISTERED','2016-07-04 04:38:03'),(1,1052,1047,'REGISTERED','2016-07-04 05:28:33'),(1,1055,1012,'UNREGISTERED','2016-07-04 06:02:15'),(2,1177,1589,'UNREGISTERED','2016-07-04 07:30:06'),(2,1181,1240,'UNREGISTERED','2016-07-04 10:06:41'),(1,1053,1783,'REGISTERED','2016-07-04 10:29:29'),(1,1053,1783,'UNREGISTERED','2016-07-04 10:29:29'),(1,1053,1783,'REGISTERED','2016-07-04 10:29:29'),(1,1056,1783,'REGISTERED','2016-07-04 10:30:10'),(1,1056,1783,'UNREGISTERED','2016-07-04 10:30:10'),(1,1056,1783,'REGISTERED','2016-07-04 10:30:10'),(1,1056,1783,'UNREGISTERED','2016-07-04 10:30:10'),(1,1056,1783,'REGISTERED','2016-07-04 10:30:10'),(1,1052,1628,'UNREGISTERED','2016-07-04 14:41:14'),(2,1199,1250,'UNREGISTERED','2016-07-04 15:09:10'),(2,1195,1250,'REGISTERED','2016-07-04 15:09:52'),(1,1052,1047,'UNREGISTERED','2016-07-04 15:12:38'),(2,1176,1276,'UNREGISTERED','2016-07-04 15:22:36'),(1,1052,1055,'CANCEL_STANDBY','2016-07-04 15:26:35'),(1,1052,1055,'REGISTERED','2016-07-04 15:26:40'),(1,1052,1013,'UNREGISTERED','2016-07-04 15:28:27'),(1,1055,1054,'REGISTERED','2016-07-04 17:01:08'),(1,1057,1054,'REGISTERED','2016-07-04 17:01:39'),(2,1176,1237,'UNREGISTERED','2016-07-04 17:40:17'),(2,1189,1237,'REGISTERED','2016-07-04 17:40:35'),(2,1192,1237,'REGISTERED','2016-07-04 17:40:44'),(2,1205,1237,'REGISTERED','2016-07-04 17:40:52'),(2,1208,1237,'REGISTERED','2016-07-04 17:40:58'),(2,1221,1237,'REGISTERED','2016-07-04 17:41:05'),(2,1224,1237,'REGISTERED','2016-07-04 17:41:16'),(2,1237,1237,'REGISTERED','2016-07-04 17:41:23'),(2,1181,1269,'REGISTERED','2016-07-04 20:18:28'),(2,1189,1269,'REGISTERED','2016-07-04 20:18:51'),(2,1197,1269,'REGISTERED','2016-07-04 20:19:00'),(2,1213,1269,'REGISTERED','2016-07-04 20:19:09'),(2,1229,1269,'REGISTERED','2016-07-04 20:19:19'),(2,1221,1269,'REGISTERED','2016-07-04 20:19:30'),(2,1205,1269,'REGISTERED','2016-07-04 20:19:42'),(1,1055,1037,'REGISTERED','2016-07-05 03:12:19'),(2,1177,1297,'REGISTERED','2016-07-05 05:29:35'),(2,1193,1297,'REGISTERED','2016-07-05 05:30:17'),(2,1205,1297,'REGISTERED','2016-07-05 05:30:47'),(2,1209,1297,'REGISTERED','2016-07-05 05:31:00'),(2,1221,1297,'REGISTERED','2016-07-05 05:31:19'),(2,1225,1297,'REGISTERED','2016-07-05 05:31:32'),(2,1237,1297,'REGISTERED','2016-07-05 05:31:45'),(2,1179,1582,'UNREGISTERED','2016-07-05 06:58:51'),(1,1053,1076,'REGISTERED','2016-07-05 07:08:39'),(1,1053,1131,'STANDBY','2016-07-05 07:30:40'),(2,1182,1284,'REGISTERED','2016-07-05 10:41:25'),(1,1053,1013,'UNREGISTERED','2016-07-05 11:28:37'),(2,1181,1219,'REGISTERED','2016-07-05 11:51:54'),(2,1181,1299,'REGISTERED','2016-07-05 11:53:05'),(1,1053,1131,'CANCEL_STANDBY','2016-07-05 11:53:07'),(1,1053,1131,'REGISTERED','2016-07-05 11:53:22'),(2,1176,1228,'REGISTERED','2016-07-05 13:47:31'),(1,1053,1123,'UNREGISTERED','2016-07-05 14:21:16'),(1,1053,1783,'UNREGISTERED','2016-07-05 14:50:47'),(1,1053,1055,'UNREGISTERED','2016-07-05 15:10:06'),(2,1211,1000,'REGISTERED','2016-07-05 15:43:44'),(2,1211,1000,'UNREGISTERED','2016-07-05 15:43:50'),(2,1176,1209,'REGISTERED','2016-07-05 15:56:40'),(2,1176,1228,'UNREGISTERED','2016-07-05 15:59:50'),(2,1177,1209,'REGISTERED','2016-07-05 16:01:21'),(2,1178,1463,'REGISTERED','2016-07-05 16:09:42'),(2,1178,1201,'REGISTERED','2016-07-05 16:10:18'),(2,1177,1201,'REGISTERED','2016-07-05 16:10:25'),(1,1054,1043,'REGISTERED','2016-07-05 16:33:24'),(1,1057,1043,'REGISTERED','2016-07-05 16:35:34'),(1,1054,1134,'UNREGISTERED','2016-07-05 17:08:02'),(2,1178,1427,'UNREGISTERED','2016-07-05 17:33:20'),(2,1179,1427,'UNREGISTERED','2016-07-05 18:40:06'),(2,1179,1427,'UNREGISTERED','2016-07-05 18:40:06'),(2,1195,1427,'REGISTERED','2016-07-05 18:41:04'),(2,1195,1427,'UNREGISTERED','2016-07-05 18:41:04'),(2,1195,1427,'REGISTERED','2016-07-05 18:41:04'),(1,1055,1037,'UNREGISTERED','2016-07-05 18:51:53'),(1,1056,1037,'REGISTERED','2016-07-05 18:52:02'),(1,1056,1017,'REGISTERED','2016-07-05 18:52:38'),(1,1054,1759,'REGISTERED','2016-07-05 19:14:21'),(1,1056,1029,'UNREGISTERED','2016-07-05 19:15:02'),(2,1181,1219,'UNREGISTERED','2016-07-05 20:13:33'),(2,1182,1219,'REGISTERED','2016-07-05 20:13:41'),(2,1181,1299,'UNREGISTERED','2016-07-05 20:19:21'),(2,1182,1299,'REGISTERED','2016-07-05 20:19:36'),(1,1056,1057,'REGISTERED','2016-07-06 02:55:52'),(1,1055,1313,'REGISTERED','2016-07-06 04:46:56'),(2,1183,1272,'REGISTERED','2016-07-06 06:44:15'),(1,1056,1796,'REGISTERED','2016-07-06 06:57:35'),(2,1181,1201,'REGISTERED','2016-07-06 07:41:40'),(2,1183,1201,'REGISTERED','2016-07-06 07:42:29'),(2,1182,1284,'UNREGISTERED','2016-07-06 07:43:02'),(2,1181,1589,'REGISTERED','2016-07-06 08:28:17'),(2,1190,1463,'REGISTERED','2016-07-06 08:52:45'),(2,1189,1250,'UNREGISTERED','2016-07-06 11:11:22'),(2,1182,1219,'UNREGISTERED','2016-07-06 11:16:31'),(2,1181,1544,'REGISTERED','2016-07-06 13:01:21'),(2,1183,1782,'REGISTERED','2016-07-06 13:34:15'),(1,1055,1067,'UNREGISTERED','2016-07-06 14:02:38'),(1,1055,1628,'UNREGISTERED','2016-07-06 14:05:38'),(2,1204,1204,'REGISTERED','2016-07-06 14:37:54'),(2,1181,1225,'REGISTERED','2016-07-06 14:54:46'),(1,1055,1313,'UNREGISTERED','2016-07-06 16:12:34'),(1,1055,1026,'UNREGISTERED','2016-07-06 16:29:25'),(2,1182,1281,'REGISTERED','2016-07-06 17:16:29'),(2,1188,1239,'REGISTERED','2016-07-06 17:40:51'),(2,1185,1574,'REGISTERED','2016-07-07 05:52:52'),(2,1190,1463,'UNREGISTERED','2016-07-07 07:31:54'),(2,1194,1463,'REGISTERED','2016-07-07 07:32:28'),(2,1183,1250,'UNREGISTERED','2016-07-07 07:52:38'),(2,1183,1331,'REGISTERED','2016-07-07 08:38:24'),(1,1058,1057,'REGISTERED','2016-07-07 14:00:20'),(1,1063,1041,'REGISTERED','2016-07-07 14:00:26'),(1,1065,1041,'REGISTERED','2016-07-07 14:00:33'),(1,1062,1057,'REGISTERED','2016-07-07 14:00:38'),(1,1064,1057,'REGISTERED','2016-07-07 14:00:51'),(1,1063,1087,'REGISTERED','2016-07-07 14:01:02'),(1,1059,1013,'REGISTERED','2016-07-07 14:01:09'),(1,1064,1087,'REGISTERED','2016-07-07 14:01:18'),(1,1060,1013,'REGISTERED','2016-07-07 14:01:26'),(1,1061,1013,'REGISTERED','2016-07-07 14:01:45'),(1,1058,1012,'REGISTERED','2016-07-07 14:02:09'),(1,1061,1012,'REGISTERED','2016-07-07 14:02:28'),(1,1061,1012,'UNREGISTERED','2016-07-07 14:02:29'),(1,1058,1796,'REGISTERED','2016-07-07 14:02:48'),(1,1062,1796,'REGISTERED','2016-07-07 14:03:02'),(1,1064,1796,'REGISTERED','2016-07-07 14:03:13'),(1,1064,1012,'REGISTERED','2016-07-07 14:03:29'),(1,1059,1107,'REGISTERED','2016-07-07 14:03:37'),(1,1060,1107,'REGISTERED','2016-07-07 14:03:46'),(1,1061,1107,'REGISTERED','2016-07-07 14:03:57'),(1,1059,1049,'REGISTERED','2016-07-07 14:05:20'),(1,1060,1049,'REGISTERED','2016-07-07 14:05:28'),(1,1061,1049,'REGISTERED','2016-07-07 14:05:36'),(1,1060,1122,'REGISTERED','2016-07-07 14:05:55'),(1,1063,1122,'REGISTERED','2016-07-07 14:06:17'),(1,1065,1122,'REGISTERED','2016-07-07 14:06:27'),(1,1059,1031,'REGISTERED','2016-07-07 14:07:35'),(1,1061,1031,'REGISTERED','2016-07-07 14:08:08'),(1,1057,1324,'REGISTERED','2016-07-07 14:29:07'),(1,1059,1126,'REGISTERED','2016-07-07 14:36:42'),(1,1061,1126,'REGISTERED','2016-07-07 14:36:52'),(1,1064,1126,'REGISTERED','2016-07-07 14:37:02'),(1,1060,1051,'REGISTERED','2016-07-07 14:54:52'),(1,1063,1051,'REGISTERED','2016-07-07 14:54:59'),(1,1059,1113,'REGISTERED','2016-07-07 15:02:19'),(1,1060,1113,'REGISTERED','2016-07-07 15:02:42'),(1,1061,1113,'REGISTERED','2016-07-07 15:02:59'),(1,1063,1113,'REGISTERED','2016-07-07 15:04:18'),(1,1059,1117,'REGISTERED','2016-07-07 15:05:56'),(1,1060,1117,'REGISTERED','2016-07-07 15:06:05'),(1,1064,1117,'REGISTERED','2016-07-07 15:06:12'),(1,1060,1054,'REGISTERED','2016-07-07 15:08:25'),(1,1063,1054,'REGISTERED','2016-07-07 15:08:39'),(1,1065,1054,'REGISTERED','2016-07-07 15:08:53'),(1,1056,1064,'STANDBY','2016-07-07 16:48:00'),(1,1057,1064,'REGISTERED','2016-07-07 16:48:30'),(2,1183,1331,'UNREGISTERED','2016-07-07 16:48:45'),(1,1058,1066,'REGISTERED','2016-07-07 18:06:49'),(1,1061,1066,'REGISTERED','2016-07-07 18:14:25'),(2,1189,1582,'REGISTERED','2016-07-07 18:22:22'),(2,1189,1582,'UNREGISTERED','2016-07-07 18:22:25'),(1,1064,1019,'REGISTERED','2016-07-07 18:43:03'),(1,1060,1023,'REGISTERED','2016-07-07 19:04:03'),(1,1061,1023,'REGISTERED','2016-07-07 19:04:17'),(1,1062,1022,'REGISTERED','2016-07-07 19:39:15'),(1,1064,1022,'REGISTERED','2016-07-07 19:39:28'),(1,1058,1022,'REGISTERED','2016-07-07 19:39:54'),(1,1056,1313,'UNREGISTERED','2016-07-07 20:10:45'),(1,1060,1668,'REGISTERED','2016-07-07 20:10:59'),(1,1064,1668,'REGISTERED','2016-07-07 20:11:20'),(1,1058,1313,'REGISTERED','2016-07-07 20:11:42'),(1,1060,1313,'REGISTERED','2016-07-07 20:12:11'),(1,1062,1313,'REGISTERED','2016-07-07 20:13:35'),(1,1064,1313,'REGISTERED','2016-07-07 20:14:01'),(1,1060,1047,'REGISTERED','2016-07-07 20:56:39'),(1,1062,1047,'REGISTERED','2016-07-07 20:56:50'),(1,1065,1047,'REGISTERED','2016-07-07 20:57:01'),(1,1058,1044,'REGISTERED','2016-07-07 21:06:36'),(1,1061,1044,'REGISTERED','2016-07-07 21:07:28'),(1,1061,1044,'UNREGISTERED','2016-07-07 21:07:31'),(1,1061,1044,'REGISTERED','2016-07-07 21:07:44'),(1,1058,1029,'REGISTERED','2016-07-07 21:08:11'),(1,1062,1029,'REGISTERED','2016-07-07 21:08:22'),(1,1064,1029,'REGISTERED','2016-07-07 21:08:33'),(1,1059,1062,'REGISTERED','2016-07-08 03:52:09'),(1,1060,1062,'REGISTERED','2016-07-08 03:52:19'),(1,1060,1062,'UNREGISTERED','2016-07-08 03:52:19'),(1,1060,1062,'REGISTERED','2016-07-08 03:52:20'),(1,1060,1062,'UNREGISTERED','2016-07-08 03:52:20'),(1,1060,1062,'REGISTERED','2016-07-08 03:52:20'),(1,1061,1062,'REGISTERED','2016-07-08 03:52:29'),(1,1061,1062,'UNREGISTERED','2016-07-08 03:52:29'),(1,1061,1062,'REGISTERED','2016-07-08 03:52:29'),(1,1061,1062,'UNREGISTERED','2016-07-08 03:52:29'),(1,1061,1062,'REGISTERED','2016-07-08 03:52:29'),(1,1063,1062,'REGISTERED','2016-07-08 03:52:45'),(1,1063,1062,'UNREGISTERED','2016-07-08 03:52:45'),(1,1063,1062,'REGISTERED','2016-07-08 03:52:45'),(1,1063,1062,'UNREGISTERED','2016-07-08 03:52:45'),(1,1063,1062,'REGISTERED','2016-07-08 03:52:45'),(1,1065,1062,'REGISTERED','2016-07-08 03:52:57'),(1,1065,1062,'UNREGISTERED','2016-07-08 03:52:57'),(1,1065,1062,'REGISTERED','2016-07-08 03:52:57'),(1,1065,1062,'UNREGISTERED','2016-07-08 03:52:57'),(1,1065,1062,'REGISTERED','2016-07-08 03:52:57'),(1,1057,1062,'UNREGISTERED','2016-07-08 03:56:45'),(1,1057,1062,'UNREGISTERED','2016-07-08 03:56:45'),(1,1057,1062,'UNREGISTERED','2016-07-08 03:56:45'),(1,1056,1062,'REGISTERED','2016-07-08 03:56:54'),(1,1056,1062,'STANDBY','2016-07-08 03:56:54'),(1,1060,1067,'REGISTERED','2016-07-08 04:38:31'),(1,1063,1067,'REGISTERED','2016-07-08 04:38:50'),(1,1065,1067,'REGISTERED','2016-07-08 04:39:11'),(2,1189,1296,'REGISTERED','2016-07-08 06:32:56'),(1,1058,1296,'REGISTERED','2016-07-08 06:35:41'),(1,1061,1296,'REGISTERED','2016-07-08 06:35:49'),(1,1061,1296,'UNREGISTERED','2016-07-08 06:35:50'),(1,1061,1296,'REGISTERED','2016-07-08 06:35:50'),(1,1060,1296,'REGISTERED','2016-07-08 06:36:00'),(1,1060,1296,'UNREGISTERED','2016-07-08 06:36:00'),(1,1060,1296,'REGISTERED','2016-07-08 06:36:00'),(1,1059,1021,'REGISTERED','2016-07-08 06:50:26'),(1,1061,1021,'REGISTERED','2016-07-08 06:50:34'),(1,1061,1021,'UNREGISTERED','2016-07-08 06:50:34'),(1,1061,1021,'REGISTERED','2016-07-08 06:50:34'),(2,1190,1763,'REGISTERED','2016-07-08 08:11:52'),(2,1188,1297,'REGISTERED','2016-07-08 08:16:15'),(2,1188,1623,'REGISTERED','2016-07-08 08:43:27'),(2,1229,1300,'REGISTERED','2016-07-08 11:21:01'),(2,1232,1300,'REGISTERED','2016-07-08 11:21:17'),(1,1058,1627,'REGISTERED','2016-07-08 11:26:07'),(1,1060,1627,'REGISTERED','2016-07-08 11:32:38'),(1,1060,1055,'REGISTERED','2016-07-08 12:16:10'),(1,1064,1055,'REGISTERED','2016-07-08 12:16:19'),(1,1060,1129,'REGISTERED','2016-07-08 12:18:20'),(1,1064,1129,'REGISTERED','2016-07-08 12:18:37'),(2,1185,1301,'UNREGISTERED','2016-07-08 12:55:35'),(2,1205,1301,'REGISTERED','2016-07-08 12:55:58'),(2,1209,1301,'REGISTERED','2016-07-08 12:56:09'),(2,1216,1301,'REGISTERED','2016-07-08 12:56:24'),(2,1221,1301,'REGISTERED','2016-07-08 12:56:51'),(2,1225,1301,'REGISTERED','2016-07-08 12:57:04'),(2,1232,1301,'REGISTERED','2016-07-08 12:57:12'),(2,1237,1301,'REGISTERED','2016-07-08 12:57:28'),(1,1060,1026,'REGISTERED','2016-07-08 15:41:15'),(1,1063,1026,'REGISTERED','2016-07-08 15:41:24'),(1,1065,1026,'REGISTERED','2016-07-08 15:41:33'),(2,1191,1077,'REGISTERED','2016-07-08 16:02:03'),(1,1059,1016,'REGISTERED','2016-07-08 17:47:02'),(1,1061,1016,'REGISTERED','2016-07-08 17:47:11'),(2,1192,1427,'REGISTERED','2016-07-08 20:08:58'),(2,1211,1427,'REGISTERED','2016-07-08 20:10:08'),(1,1059,1772,'REGISTERED','2016-07-09 04:28:50'),(1,1061,1772,'REGISTERED','2016-07-09 04:29:04'),(1,1063,1131,'REGISTERED','2016-07-09 06:27:29'),(1,1059,1131,'REGISTERED','2016-07-09 06:34:25'),(1,1065,1131,'REGISTERED','2016-07-09 06:35:04'),(1,1065,1131,'UNREGISTERED','2016-07-09 06:35:07'),(1,1060,1134,'STANDBY','2016-07-09 09:05:50'),(1,1063,1134,'REGISTERED','2016-07-09 09:06:00'),(1,1063,1134,'UNREGISTERED','2016-07-09 09:06:00'),(1,1063,1134,'REGISTERED','2016-07-09 09:06:01'),(1,1064,1134,'REGISTERED','2016-07-09 09:07:15'),(2,1206,1233,'UNREGISTERED','2016-07-09 09:20:25'),(2,1193,1697,'REGISTERED','2016-07-09 09:21:54'),(2,1205,1697,'STANDBY','2016-07-09 09:22:15'),(2,1213,1697,'REGISTERED','2016-07-09 09:22:30'),(2,1221,1697,'REGISTERED','2016-07-09 09:22:42'),(2,1225,1697,'REGISTERED','2016-07-09 09:22:50'),(2,1237,1697,'REGISTERED','2016-07-09 09:23:10'),(2,1197,1241,'REGISTERED','2016-07-09 09:34:18'),(2,1199,1241,'REGISTERED','2016-07-09 09:34:25'),(2,1206,1241,'REGISTERED','2016-07-09 09:34:51'),(2,1209,1241,'REGISTERED','2016-07-09 09:35:03'),(2,1213,1241,'REGISTERED','2016-07-09 09:35:14'),(2,1215,1241,'REGISTERED','2016-07-09 09:35:21'),(2,1221,1241,'STANDBY','2016-07-09 09:35:34'),(2,1222,1241,'REGISTERED','2016-07-09 09:35:43'),(2,1225,1241,'REGISTERED','2016-07-09 09:35:59'),(2,1227,1241,'REGISTERED','2016-07-09 09:36:11'),(2,1201,1241,'REGISTERED','2016-07-09 09:36:51'),(2,1217,1241,'REGISTERED','2016-07-09 09:37:00'),(1,1059,1786,'REGISTERED','2016-07-09 09:44:09'),(1,1063,1786,'REGISTERED','2016-07-09 09:44:33'),(2,1188,1201,'REGISTERED','2016-07-09 09:49:21'),(2,1189,1241,'UNREGISTERED','2016-07-09 12:52:16'),(2,1207,1241,'REGISTERED','2016-07-09 12:52:49'),(1,1059,1124,'REGISTERED','2016-07-09 16:09:02'),(1,1061,1124,'REGISTERED','2016-07-09 16:09:26'),(2,1188,1204,'UNREGISTERED','2016-07-09 18:33:38'),(2,1199,1204,'REGISTERED','2016-07-09 18:33:46'),(1,1060,1037,'STANDBY','2016-07-09 18:37:20'),(1,1064,1037,'REGISTERED','2016-07-09 18:37:33'),(1,1063,1037,'REGISTERED','2016-07-09 18:37:43'),(2,1189,1304,'UNREGISTERED','2016-07-09 19:41:07'),(2,1188,1622,'REGISTERED','2016-07-09 20:34:43'),(2,1189,1589,'UNREGISTERED','2016-07-09 20:37:25'),(2,1190,1233,'UNREGISTERED','2016-07-09 22:38:21'),(2,1188,1233,'REGISTERED','2016-07-09 22:38:35'),(2,1189,1230,'UNREGISTERED','2016-07-09 23:11:45'),(2,1195,1582,'REGISTERED','2016-07-10 04:02:30'),(1,1058,1062,'REGISTERED','2016-07-10 04:31:02'),(1,1059,1076,'REGISTERED','2016-07-10 06:25:31'),(2,1187,1218,'REGISTERED','2016-07-10 06:43:58'),(2,1192,1239,'REGISTERED','2016-07-10 06:51:36'),(1,1063,1074,'REGISTERED','2016-07-10 06:52:07'),(1,1064,1074,'REGISTERED','2016-07-10 06:52:26'),(1,1059,1759,'REGISTERED','2016-07-10 06:57:00'),(2,1190,1284,'REGISTERED','2016-07-10 07:30:22'),(2,1189,1516,'REGISTERED','2016-07-10 09:00:19'),(2,1187,1218,'UNREGISTERED','2016-07-10 09:00:59'),(1,1059,1783,'REGISTERED','2016-07-10 10:25:26'),(2,1191,1582,'REGISTERED','2016-07-10 10:25:37'),(1,1059,1646,'REGISTERED','2016-07-10 10:39:56'),(1,1061,1646,'REGISTERED','2016-07-10 10:40:18'),(2,1189,1201,'REGISTERED','2016-07-10 10:40:36'),(2,1200,1574,'REGISTERED','2016-07-10 10:50:17'),(2,1190,1763,'UNREGISTERED','2016-07-10 11:10:48'),(2,1197,1240,'UNREGISTERED','2016-07-10 11:53:24'),(2,1188,1335,'REGISTERED','2016-07-10 12:22:15'),(2,1189,1263,'REGISTERED','2016-07-10 12:25:35'),(2,1197,1263,'REGISTERED','2016-07-10 12:28:00'),(2,1205,1263,'STANDBY','2016-07-10 12:28:07'),(2,1213,1263,'REGISTERED','2016-07-10 12:28:14'),(2,1221,1263,'STANDBY','2016-07-10 12:28:22'),(2,1229,1263,'REGISTERED','2016-07-10 12:28:29'),(2,1237,1263,'REGISTERED','2016-07-10 12:28:40'),(2,1245,1263,'REGISTERED','2016-07-10 12:29:38'),(2,1191,1656,'REGISTERED','2016-07-10 12:49:45'),(2,1192,1230,'REGISTERED','2016-07-10 12:50:26'),(2,1200,1230,'REGISTERED','2016-07-10 12:50:41'),(2,1189,1544,'REGISTERED','2016-07-10 13:17:34'),(2,1189,1516,'UNREGISTERED','2016-07-10 13:37:18'),(2,1189,1516,'UNREGISTERED','2016-07-10 13:37:18'),(2,1189,1235,'UNREGISTERED','2016-07-10 13:49:54'),(2,1191,1235,'REGISTERED','2016-07-10 14:13:47'),(1,1059,1031,'UNREGISTERED','2016-07-10 14:29:11'),(1,1059,1783,'UNREGISTERED','2016-07-10 15:10:43'),(1,1061,1783,'REGISTERED','2016-07-10 15:12:53'),(1,1062,1783,'REGISTERED','2016-07-10 15:13:06'),(1,1059,1062,'UNREGISTERED','2016-07-10 15:44:40'),(2,1189,1263,'UNREGISTERED','2016-07-10 15:45:12'),(1,1060,1042,'STANDBY','2016-07-10 15:47:08'),(1,1063,1042,'REGISTERED','2016-07-10 15:47:17'),(1,1064,1042,'REGISTERED','2016-07-10 15:47:29'),(1,1059,1131,'UNREGISTERED','2016-07-10 15:51:45'),(1,1059,1076,'UNREGISTERED','2016-07-10 16:04:08'),(2,1191,1235,'UNREGISTERED','2016-07-10 16:39:54'),(2,1232,1443,'REGISTERED','2016-07-10 17:02:29'),(1,1064,1043,'REGISTERED','2016-07-10 17:38:36'),(1,1062,1043,'REGISTERED','2016-07-10 17:38:52'),(2,1191,1582,'UNREGISTERED','2016-07-10 19:27:53'),(2,1200,1077,'REGISTERED','2016-07-10 20:47:23'),(2,1200,1201,'REGISTERED','2016-07-10 20:47:24'),(1,1060,1017,'STANDBY','2016-07-11 03:51:51'),(1,1064,1017,'REGISTERED','2016-07-11 03:53:02'),(2,1191,1235,'REGISTERED','2016-07-11 04:05:36'),(2,1193,1235,'REGISTERED','2016-07-11 04:31:59'),(2,1193,1589,'UNREGISTERED','2016-07-11 07:22:25'),(1,1062,1134,'REGISTERED','2016-07-11 13:33:35'),(1,1062,1134,'UNREGISTERED','2016-07-11 13:33:38'),(2,1195,1251,'REGISTERED','2016-07-11 14:04:57'),(1,1060,1627,'UNREGISTERED','2016-07-11 14:22:26'),(1,1060,1134,'CANCEL_STANDBY','2016-07-11 14:30:39'),(1,1060,1134,'REGISTERED','2016-07-11 14:30:42'),(1,1060,1296,'UNREGISTERED','2016-07-11 15:32:51'),(1,1060,1037,'CANCEL_STANDBY','2016-07-11 15:33:21'),(1,1060,1037,'REGISTERED','2016-07-11 15:33:22'),(1,1060,1017,'CANCEL_STANDBY','2016-07-11 15:33:38'),(1,1060,1017,'STANDBY','2016-07-11 15:33:47'),(1,1060,1017,'CANCEL_STANDBY','2016-07-11 15:33:53'),(1,1060,1017,'STANDBY','2016-07-11 15:34:12'),(1,1060,1017,'CANCEL_STANDBY','2016-07-11 15:35:28'),(1,1060,1017,'STANDBY','2016-07-11 15:36:54'),(1,1060,1017,'CANCEL_STANDBY','2016-07-11 15:37:02'),(1,1060,1017,'STANDBY','2016-07-11 15:38:18'),(1,1060,1113,'UNREGISTERED','2016-07-11 15:44:15'),(1,1060,1017,'CANCEL_STANDBY','2016-07-11 15:44:53'),(1,1060,1017,'REGISTERED','2016-07-11 15:44:55'),(1,1060,1076,'STANDBY','2016-07-11 16:06:13'),(1,1060,1076,'CANCEL_STANDBY','2016-07-11 16:06:23'),(1,1060,1076,'STANDBY','2016-07-11 16:06:23'),(1,1060,1076,'CANCEL_STANDBY','2016-07-11 16:06:51'),(2,1193,1240,'REGISTERED','2016-07-11 18:08:49'),(2,1194,1345,'REGISTERED','2016-07-11 18:40:31'),(2,1206,1241,'UNREGISTERED','2016-07-11 19:03:21'),(2,1204,1241,'REGISTERED','2016-07-11 19:03:32'),(2,1207,1241,'UNREGISTERED','2016-07-11 19:03:47'),(2,1221,1241,'CANCEL_STANDBY','2016-07-11 19:04:18'),(2,1192,1209,'REGISTERED','2016-07-11 19:41:19'),(2,1192,1561,'REGISTERED','2016-07-12 02:56:45'),(2,1194,1778,'REGISTERED','2016-07-12 03:28:29'),(2,1197,1697,'REGISTERED','2016-07-12 05:26:39'),(2,1193,1697,'UNREGISTERED','2016-07-12 05:26:47'),(1,1061,1049,'UNREGISTERED','2016-07-12 05:53:47'),(2,1194,1201,'REGISTERED','2016-07-12 06:28:37'),(2,1200,1284,'REGISTERED','2016-07-12 07:15:49'),(2,1198,1284,'REGISTERED','2016-07-12 08:25:06'),(2,1192,1201,'REGISTERED','2016-07-12 08:51:06'),(2,1197,1201,'REGISTERED','2016-07-12 09:26:35'),(2,1194,1299,'REGISTERED','2016-07-12 09:42:47'),(1,1064,1122,'STANDBY','2016-07-12 10:17:46'),(2,1199,1272,'REGISTERED','2016-07-12 11:28:54'),(1,1063,1296,'REGISTERED','2016-07-12 11:30:42'),(2,1193,1296,'REGISTERED','2016-07-12 11:31:22'),(1,1061,1296,'UNREGISTERED','2016-07-12 11:31:45'),(2,1198,1219,'REGISTERED','2016-07-12 11:48:15'),(2,1194,1299,'UNREGISTERED','2016-07-12 11:49:47'),(2,1198,1299,'REGISTERED','2016-07-12 11:50:19'),(2,1196,1259,'REGISTERED','2016-07-12 12:19:36'),(2,1196,1232,'REGISTERED','2016-07-12 12:20:02'),(2,1192,1228,'REGISTERED','2016-07-12 13:11:00'),(1,1061,1081,'REGISTERED','2016-07-12 13:29:07'),(2,1193,1201,'REGISTERED','2016-07-12 14:30:10'),(2,1192,1279,'REGISTERED','2016-07-12 15:29:59'),(2,1192,1239,'UNREGISTERED','2016-07-12 15:43:13'),(1,1061,1062,'UNREGISTERED','2016-07-12 15:43:45'),(1,1062,1062,'REGISTERED','2016-07-12 15:43:55'),(2,1195,1250,'UNREGISTERED','2016-07-12 15:47:30'),(1,1061,1066,'UNREGISTERED','2016-07-12 15:51:46'),(1,1061,1113,'UNREGISTERED','2016-07-12 16:04:36'),(2,1195,1534,'REGISTERED','2016-07-12 16:47:23'),(2,1206,1463,'REGISTERED','2016-07-12 17:44:52'),(1,1062,1130,'REGISTERED','2016-07-12 20:03:13'),(1,1065,1130,'REGISTERED','2016-07-12 20:15:17'),(1,1062,1759,'REGISTERED','2016-07-12 20:18:18'),(1,1063,1049,'REGISTERED','2016-07-13 03:50:21'),(1,1062,1017,'REGISTERED','2016-07-13 04:17:07'),(1,1062,1130,'UNREGISTERED','2016-07-13 04:35:28'),(2,1195,1298,'REGISTERED','2016-07-13 04:41:35'),(2,1198,1246,'REGISTERED','2016-07-13 05:50:36'),(2,1223,1241,'REGISTERED','2016-07-13 06:35:57'),(1,1063,1054,'UNREGISTERED','2016-07-13 08:24:08'),(2,1196,1218,'REGISTERED','2016-07-13 09:07:07'),(2,1196,1218,'UNREGISTERED','2016-07-13 09:07:07'),(2,1196,1218,'REGISTERED','2016-07-13 09:07:07'),(2,1196,1218,'UNREGISTERED','2016-07-13 10:09:25'),(2,1196,1218,'UNREGISTERED','2016-07-13 10:09:25'),(2,1198,1218,'REGISTERED','2016-07-13 10:09:34'),(2,1198,1218,'UNREGISTERED','2016-07-13 10:09:34'),(2,1198,1218,'REGISTERED','2016-07-13 10:09:34'),(2,1206,1463,'UNREGISTERED','2016-07-13 11:06:34'),(2,1204,1084,'REGISTERED','2016-07-13 13:09:36'),(1,1063,1296,'UNREGISTERED','2016-07-13 14:02:23'),(2,1198,1201,'REGISTERED','2016-07-13 14:49:43'),(1,1063,1062,'UNREGISTERED','2016-07-13 16:16:08'),(1,1063,1026,'UNREGISTERED','2016-07-13 16:20:57'),(1,1063,1113,'UNREGISTERED','2016-07-13 16:30:26'),(1,1063,1074,'UNREGISTERED','2016-07-13 16:32:19'),(2,1198,1201,'UNREGISTERED','2016-07-13 16:32:29'),(2,1198,1201,'REGISTERED','2016-07-13 16:32:34'),(2,1198,1232,'REGISTERED','2016-07-13 16:33:05'),(2,1197,1520,'REGISTERED','2016-07-13 16:35:24'),(2,1198,1589,'REGISTERED','2016-07-13 16:56:58'),(2,1199,1463,'REGISTERED','2016-07-13 17:22:12'),(2,1204,1298,'REGISTERED','2016-07-13 18:50:31'),(2,1211,1298,'REGISTERED','2016-07-13 18:50:52'),(2,1199,1259,'REGISTERED','2016-07-13 20:14:33'),(2,1199,1259,'UNREGISTERED','2016-07-13 20:16:08'),(2,1206,1746,'REGISTERED','2016-07-13 20:34:15'),(2,1200,1565,'REGISTERED','2016-07-13 21:40:13'),(1,1065,1142,'REGISTERED','2016-07-14 03:03:46'),(2,1222,1233,'UNREGISTERED','2016-07-14 04:33:28'),(2,1222,1233,'UNREGISTERED','2016-07-14 04:33:28'),(2,1222,1233,'REGISTERED','2016-07-14 04:33:34'),(2,1222,1233,'UNREGISTERED','2016-07-14 04:33:34'),(2,1222,1233,'REGISTERED','2016-07-14 04:33:34'),(2,1222,1233,'UNREGISTERED','2016-07-14 04:33:34'),(2,1222,1233,'REGISTERED','2016-07-14 04:33:34'),(2,1222,1233,'UNREGISTERED','2016-07-14 04:33:34'),(2,1222,1233,'REGISTERED','2016-07-14 04:33:34'),(2,1205,1248,'UNREGISTERED','2016-07-14 05:50:03'),(2,1206,1248,'REGISTERED','2016-07-14 05:50:17'),(2,1205,1263,'CANCEL_STANDBY','2016-07-14 07:03:29'),(2,1205,1263,'REGISTERED','2016-07-14 07:03:31'),(1,1064,1122,'CANCEL_STANDBY','2016-07-14 08:35:08'),(2,1200,1240,'UNREGISTERED','2016-07-14 12:05:38'),(2,1199,1763,'REGISTERED','2016-07-14 13:36:41'),(1,1067,1107,'REGISTERED','2016-07-14 14:00:30'),(1,1068,1107,'REGISTERED','2016-07-14 14:00:38'),(1,1071,1041,'REGISTERED','2016-07-14 14:00:40'),(1,1067,1013,'REGISTERED','2016-07-14 14:00:50'),(1,1073,1041,'REGISTERED','2016-07-14 14:00:52'),(1,1068,1013,'REGISTERED','2016-07-14 14:01:01'),(1,1069,1013,'REGISTERED','2016-07-14 14:01:09'),(1,1067,1113,'REGISTERED','2016-07-14 14:01:27'),(1,1067,1031,'REGISTERED','2016-07-14 14:01:29'),(1,1069,1113,'REGISTERED','2016-07-14 14:01:33'),(1,1068,1113,'REGISTERED','2016-07-14 14:01:39'),(1,1069,1031,'REGISTERED','2016-07-14 14:01:40'),(1,1067,1016,'REGISTERED','2016-07-14 14:01:58'),(1,1069,1016,'REGISTERED','2016-07-14 14:04:29'),(1,1068,1049,'REGISTERED','2016-07-14 14:07:49'),(1,1069,1049,'REGISTERED','2016-07-14 14:07:57'),(1,1072,1049,'REGISTERED','2016-07-14 14:08:09'),(2,1204,1239,'REGISTERED','2016-07-14 14:10:16'),(1,1068,1047,'REGISTERED','2016-07-14 14:10:19'),(1,1070,1047,'REGISTERED','2016-07-14 14:10:41'),(1,1072,1047,'REGISTERED','2016-07-14 14:11:28'),(1,1065,1127,'REGISTERED','2016-07-14 14:12:14'),(1,1066,1012,'REGISTERED','2016-07-14 14:18:00'),(1,1072,1012,'REGISTERED','2016-07-14 14:18:17'),(1,1071,1012,'REGISTERED','2016-07-14 14:18:48'),(1,1068,1786,'REGISTERED','2016-07-14 14:27:42'),(1,1071,1786,'REGISTERED','2016-07-14 14:28:27'),(1,1068,1668,'REGISTERED','2016-07-14 14:37:58'),(1,1072,1668,'REGISTERED','2016-07-14 14:38:09'),(1,1068,1051,'REGISTERED','2016-07-14 14:46:21'),(1,1071,1051,'REGISTERED','2016-07-14 14:46:28'),(1,1073,1051,'REGISTERED','2016-07-14 14:46:35'),(1,1068,1134,'REGISTERED','2016-07-14 14:46:44'),(1,1071,1134,'REGISTERED','2016-07-14 14:46:57'),(1,1073,1084,'REGISTERED','2016-07-14 14:53:50'),(2,1200,1574,'UNREGISTERED','2016-07-14 14:56:36'),(1,1068,1042,'REGISTERED','2016-07-14 15:38:01'),(1,1071,1042,'REGISTERED','2016-07-14 15:38:09'),(1,1072,1042,'REGISTERED','2016-07-14 15:38:20'),(1,1067,1066,'REGISTERED','2016-07-14 15:55:12'),(1,1069,1066,'REGISTERED','2016-07-14 15:55:25'),(1,1067,1646,'REGISTERED','2016-07-14 16:01:16'),(1,1069,1646,'REGISTERED','2016-07-14 16:01:33'),(1,1064,1122,'STANDBY','2016-07-14 16:06:41'),(1,1067,1126,'REGISTERED','2016-07-14 16:23:04'),(1,1069,1126,'REGISTERED','2016-07-14 16:23:25'),(1,1072,1126,'REGISTERED','2016-07-14 16:23:34'),(1,1068,1022,'REGISTERED','2016-07-14 16:33:55'),(1,1068,1023,'REGISTERED','2016-07-14 16:34:04'),(1,1070,1022,'REGISTERED','2016-07-14 16:34:10'),(1,1072,1022,'REGISTERED','2016-07-14 16:34:32'),(1,1069,1023,'REGISTERED','2016-07-14 16:34:33'),(1,1067,1117,'REGISTERED','2016-07-14 16:41:19'),(1,1068,1117,'REGISTERED','2016-07-14 16:41:44'),(1,1072,1117,'REGISTERED','2016-07-14 16:42:06'),(1,1064,1127,'STANDBY','2016-07-14 16:48:29'),(1,1064,1134,'UNREGISTERED','2016-07-14 17:36:06'),(1,1064,1127,'CANCEL_STANDBY','2016-07-14 17:48:23'),(1,1064,1127,'REGISTERED','2016-07-14 17:48:24'),(1,1066,1796,'REGISTERED','2016-07-14 17:48:29'),(1,1065,1127,'UNREGISTERED','2016-07-14 17:48:35'),(1,1070,1796,'REGISTERED','2016-07-14 17:48:50'),(1,1067,1127,'REGISTERED','2016-07-14 17:49:00'),(1,1071,1127,'REGISTERED','2016-07-14 17:49:07'),(1,1071,1127,'UNREGISTERED','2016-07-14 17:49:07'),(1,1071,1127,'REGISTERED','2016-07-14 17:49:07'),(1,1072,1796,'REGISTERED','2016-07-14 17:49:09'),(1,1072,1127,'REGISTERED','2016-07-14 17:49:12'),(1,1072,1127,'UNREGISTERED','2016-07-14 17:49:12'),(1,1072,1127,'REGISTERED','2016-07-14 17:49:13'),(1,1065,1058,'REGISTERED','2016-07-14 18:15:30'),(1,1068,1054,'REGISTERED','2016-07-14 18:33:25'),(1,1071,1054,'REGISTERED','2016-07-14 18:33:40'),(1,1073,1054,'REGISTERED','2016-07-14 18:33:53'),(1,1068,1067,'REGISTERED','2016-07-14 19:56:23'),(1,1071,1067,'REGISTERED','2016-07-14 19:56:41'),(1,1073,1067,'REGISTERED','2016-07-14 19:56:56'),(1,1068,1037,'REGISTERED','2016-07-14 20:10:59'),(1,1072,1037,'REGISTERED','2016-07-14 20:11:21'),(2,1201,1241,'UNREGISTERED','2016-07-14 20:38:31'),(1,1070,1019,'REGISTERED','2016-07-14 20:51:40'),(1,1072,1019,'REGISTERED','2016-07-14 20:51:55'),(1,1064,1123,'STANDBY','2016-07-14 21:09:41'),(1,1067,1123,'REGISTERED','2016-07-14 21:10:03'),(1,1069,1123,'REGISTERED','2016-07-14 21:10:20'),(1,1072,1123,'REGISTERED','2016-07-14 21:11:07'),(1,1068,1122,'REGISTERED','2016-07-14 21:44:50'),(1,1071,1122,'REGISTERED','2016-07-14 21:45:02'),(1,1073,1122,'REGISTERED','2016-07-14 21:46:13'),(1,1068,1017,'REGISTERED','2016-07-15 03:28:20'),(1,1072,1017,'REGISTERED','2016-07-15 03:28:52'),(1,1066,1029,'REGISTERED','2016-07-15 03:42:32'),(1,1070,1029,'REGISTERED','2016-07-15 03:42:45'),(1,1072,1029,'REGISTERED','2016-07-15 03:42:57'),(1,1064,1029,'UNREGISTERED','2016-07-15 04:03:25'),(1,1064,1029,'REGISTERED','2016-07-15 04:10:29'),(1,1065,1122,'UNREGISTERED','2016-07-15 04:13:12'),(1,1068,1043,'REGISTERED','2016-07-15 04:37:44'),(1,1066,1043,'REGISTERED','2016-07-15 04:37:58'),(1,1070,1043,'REGISTERED','2016-07-15 04:38:51'),(1,1072,1131,'REGISTERED','2016-07-15 04:57:03'),(1,1071,1131,'REGISTERED','2016-07-15 04:57:13'),(1,1067,1131,'REGISTERED','2016-07-15 04:57:30'),(2,1205,1230,'UNREGISTERED','2016-07-15 04:59:48'),(1,1067,1062,'REGISTERED','2016-07-15 05:25:23'),(1,1068,1062,'STANDBY','2016-07-15 05:25:33'),(1,1069,1062,'REGISTERED','2016-07-15 05:25:45'),(1,1071,1062,'REGISTERED','2016-07-15 05:25:56'),(1,1073,1062,'REGISTERED','2016-07-15 05:26:07'),(2,1204,1808,'REGISTERED','2016-07-15 09:25:32'),(1,1071,1026,'REGISTERED','2016-07-15 10:00:19'),(1,1073,1026,'REGISTERED','2016-07-15 10:00:28'),(2,1205,1297,'UNREGISTERED','2016-07-15 10:39:15'),(2,1204,1297,'REGISTERED','2016-07-15 10:39:21'),(2,1204,1201,'REGISTERED','2016-07-15 10:44:59'),(1,1066,1057,'REGISTERED','2016-07-15 11:25:26'),(1,1070,1057,'REGISTERED','2016-07-15 11:25:43'),(1,1072,1057,'REGISTERED','2016-07-15 11:25:54'),(1,1067,1124,'REGISTERED','2016-07-15 14:14:31'),(1,1069,1124,'REGISTERED','2016-07-15 14:14:57'),(1,1073,1055,'REGISTERED','2016-07-15 14:27:27'),(1,1068,1055,'STANDBY','2016-07-15 14:29:44'),(1,1070,1055,'REGISTERED','2016-07-15 14:30:04'),(1,1069,1055,'REGISTERED','2016-07-15 14:30:29'),(1,1070,1055,'UNREGISTERED','2016-07-15 14:30:46'),(1,1073,1129,'REGISTERED','2016-07-15 14:32:35'),(1,1070,1129,'REGISTERED','2016-07-15 14:32:46'),(1,1070,1129,'UNREGISTERED','2016-07-15 14:32:46'),(1,1070,1129,'REGISTERED','2016-07-15 14:32:46'),(2,1206,1746,'UNREGISTERED','2016-07-15 14:55:17'),(2,1207,1746,'REGISTERED','2016-07-15 14:55:43'),(2,1210,1202,'REGISTERED','2016-07-15 21:34:40'),(1,1067,1081,'REGISTERED','2016-07-16 08:00:18'),(1,1069,1081,'REGISTERED','2016-07-16 08:00:28'),(1,1066,1796,'UNREGISTERED','2016-07-16 10:48:19'),(2,1202,1749,'REGISTERED','2016-07-16 11:42:24'),(2,1202,1297,'REGISTERED','2016-07-16 11:43:19'),(2,1202,1297,'UNREGISTERED','2016-07-16 11:43:47'),(2,1202,1749,'UNREGISTERED','2016-07-16 11:44:08'),(1,1066,1044,'REGISTERED','2016-07-16 13:39:53'),(1,1069,1044,'REGISTERED','2016-07-16 13:41:18'),(1,1068,1044,'STANDBY','2016-07-16 13:43:00'),(1,1067,1074,'REGISTERED','2016-07-16 15:20:49'),(1,1067,1772,'REGISTERED','2016-07-16 18:29:50'),(1,1069,1772,'REGISTERED','2016-07-16 18:30:09'),(1,1068,1313,'STANDBY','2016-07-16 18:30:19'),(1,1070,1313,'REGISTERED','2016-07-16 18:30:50'),(1,1072,1313,'REGISTERED','2016-07-16 18:31:19'),(1,1071,1017,'REGISTERED','2016-07-16 18:52:13'),(1,1066,1649,'REGISTERED','2016-07-16 19:00:26'),(2,1204,1565,'REGISTERED','2016-07-16 19:51:40'),(2,1205,1269,'UNREGISTERED','2016-07-16 19:57:13'),(2,1204,1204,'UNREGISTERED','2016-07-16 20:01:23'),(2,1204,1204,'UNREGISTERED','2016-07-16 20:01:23'),(1,1066,1062,'REGISTERED','2016-07-16 20:02:31'),(2,1229,1697,'REGISTERED','2016-07-16 20:55:57'),(2,1205,1763,'REGISTERED','2016-07-16 21:29:55'),(2,1213,1201,'REGISTERED','2016-07-17 03:33:21'),(1,1072,1129,'REGISTERED','2016-07-17 04:06:58'),(2,1208,1209,'REGISTERED','2016-07-17 04:20:56'),(2,1217,1241,'UNREGISTERED','2016-07-17 05:06:00'),(2,1207,1241,'REGISTERED','2016-07-17 05:06:18'),(1,1067,1021,'REGISTERED','2016-07-17 05:59:14'),(1,1069,1021,'REGISTERED','2016-07-17 05:59:32'),(2,1207,1235,'REGISTERED','2016-07-17 06:19:03'),(2,1205,1235,'UNREGISTERED','2016-07-17 06:19:21'),(2,1205,1588,'UNREGISTERED','2016-07-17 06:45:09'),(2,1205,1589,'UNREGISTERED','2016-07-17 06:58:37'),(2,1207,1463,'REGISTERED','2016-07-17 07:05:03'),(2,1210,1463,'REGISTERED','2016-07-17 07:05:46'),(2,1207,1656,'REGISTERED','2016-07-17 07:09:10'),(2,1215,1427,'REGISTERED','2016-07-17 07:35:16'),(2,1209,1332,'REGISTERED','2016-07-17 08:19:58'),(2,1213,1332,'REGISTERED','2016-07-17 08:23:22'),(2,1213,1304,'UNREGISTERED','2016-07-17 08:53:56'),(2,1209,1304,'REGISTERED','2016-07-17 08:54:03'),(1,1067,1031,'UNREGISTERED','2016-07-17 11:24:16'),(2,1211,1582,'REGISTERED','2016-07-17 12:08:07'),(2,1209,1607,'REGISTERED','2016-07-17 12:31:40'),(2,1207,1241,'UNREGISTERED','2016-07-17 13:15:05'),(2,1206,1308,'REGISTERED','2016-07-17 13:36:18'),(1,1071,1012,'UNREGISTERED','2016-07-17 14:12:21'),(1,1071,1117,'REGISTERED','2016-07-17 14:34:01'),(2,1208,1201,'REGISTERED','2016-07-17 14:57:12'),(2,1210,1201,'REGISTERED','2016-07-17 14:57:36'),(2,1210,1345,'REGISTERED','2016-07-17 15:04:59'),(1,1071,1796,'REGISTERED','2016-07-17 15:47:06'),(1,1070,1796,'UNREGISTERED','2016-07-17 15:48:05'),(2,1207,1463,'UNREGISTERED','2016-07-17 16:32:12'),(2,1211,1534,'REGISTERED','2016-07-17 16:36:17'),(1,1068,1127,'STANDBY','2016-07-17 16:51:43'),(2,1209,1596,'REGISTERED','2016-07-17 17:09:18'),(2,1215,1565,'REGISTERED','2016-07-17 17:09:49'),(2,1215,1596,'REGISTERED','2016-07-17 17:09:50'),(1,1072,1129,'UNREGISTERED','2016-07-17 17:58:25'),(1,1072,1055,'REGISTERED','2016-07-17 17:58:42'),(1,1073,1055,'UNREGISTERED','2016-07-17 17:58:52'),(2,1207,1263,'REGISTERED','2016-07-17 17:59:40'),(2,1207,1250,'REGISTERED','2016-07-17 17:59:58'),(2,1209,1565,'REGISTERED','2016-07-17 19:03:48'),(2,1215,1565,'UNREGISTERED','2016-07-17 19:05:17'),(2,1216,1565,'REGISTERED','2016-07-17 19:05:28'),(1,1068,1058,'STANDBY','2016-07-17 19:07:50'),(1,1073,1058,'REGISTERED','2016-07-17 19:08:36'),(2,1215,1596,'UNREGISTERED','2016-07-17 19:43:02'),(2,1216,1596,'REGISTERED','2016-07-17 19:43:22'),(2,1207,1650,'REGISTERED','2016-07-17 20:42:11'),(2,1209,1589,'UNREGISTERED','2016-07-18 07:31:43'),(2,1227,1427,'REGISTERED','2016-07-18 07:52:12'),(1,1070,1649,'REGISTERED','2016-07-18 10:01:53'),(1,1068,1043,'UNREGISTERED','2016-07-18 10:03:49'),(1,1068,1127,'CANCEL_STANDBY','2016-07-18 10:04:07'),(1,1068,1127,'REGISTERED','2016-07-18 10:04:09'),(1,1068,1031,'STANDBY','2016-07-18 10:31:49'),(1,1068,1031,'CANCEL_STANDBY','2016-07-18 10:31:56'),(1,1068,1062,'CANCEL_STANDBY','2016-07-18 10:37:20'),(1,1068,1062,'STANDBY','2016-07-18 10:37:22'),(2,1213,1589,'REGISTERED','2016-07-18 12:43:04'),(2,1208,1239,'REGISTERED','2016-07-18 12:53:58'),(1,1068,1783,'STANDBY','2016-07-18 12:56:10'),(1,1068,1783,'CANCEL_STANDBY','2016-07-18 12:56:14'),(1,1069,1783,'REGISTERED','2016-07-18 12:56:38'),(1,1073,1783,'REGISTERED','2016-07-18 12:57:33'),(1,1070,1037,'REGISTERED','2016-07-18 14:07:58'),(1,1068,1134,'UNREGISTERED','2016-07-18 14:50:24'),(1,1068,1058,'CANCEL_STANDBY','2016-07-18 14:52:03'),(1,1068,1058,'CANCEL_STANDBY','2016-07-18 14:52:03'),(1,1068,1058,'REGISTERED','2016-07-18 14:52:07'),(1,1068,1058,'STANDBY','2016-07-18 14:52:07'),(1,1068,1130,'STANDBY','2016-07-18 14:53:16'),(2,1208,1204,'UNREGISTERED','2016-07-18 14:57:34'),(2,1209,1204,'REGISTERED','2016-07-18 14:57:49'),(1,1068,1062,'CANCEL_STANDBY','2016-07-18 15:10:15'),(1,1068,1062,'STANDBY','2016-07-18 15:10:19'),(1,1068,1062,'CANCEL_STANDBY','2016-07-18 15:10:20'),(1,1068,1062,'STANDBY','2016-07-18 15:10:23'),(1,1068,1062,'CANCEL_STANDBY','2016-07-18 15:10:54'),(1,1068,1062,'STANDBY','2016-07-18 15:11:07'),(2,1214,1284,'REGISTERED','2016-07-18 15:21:22'),(2,1216,1284,'REGISTERED','2016-07-18 15:21:29'),(1,1068,1051,'UNREGISTERED','2016-07-18 15:30:10'),(1,1068,1062,'CANCEL_STANDBY','2016-07-18 15:30:12'),(1,1068,1062,'REGISTERED','2016-07-18 15:30:13'),(1,1068,1113,'UNREGISTERED','2016-07-18 16:32:06'),(1,1068,1130,'CANCEL_STANDBY','2016-07-18 16:35:06'),(1,1068,1130,'REGISTERED','2016-07-18 16:35:08'),(2,1213,1622,'REGISTERED','2016-07-18 19:32:50'),(2,1211,1251,'REGISTERED','2016-07-18 21:23:37'),(2,1211,1427,'UNREGISTERED','2016-07-19 03:59:28'),(2,1208,1237,'UNREGISTERED','2016-07-19 04:20:35'),(2,1221,1237,'UNREGISTERED','2016-07-19 04:20:43'),(2,1224,1237,'UNREGISTERED','2016-07-19 04:20:49'),(2,1237,1237,'UNREGISTERED','2016-07-19 04:20:58'),(2,1221,1263,'CANCEL_STANDBY','2016-07-19 04:34:31'),(2,1221,1263,'REGISTERED','2016-07-19 04:34:33'),(2,1208,1084,'REGISTERED','2016-07-19 04:45:26'),(1,1069,1131,'REGISTERED','2016-07-19 06:20:35'),(2,1211,1582,'UNREGISTERED','2016-07-19 06:35:11'),(1,1069,1021,'UNREGISTERED','2016-07-19 07:56:06'),(2,1209,1297,'UNREGISTERED','2016-07-19 08:00:07'),(2,1210,1201,'UNREGISTERED','2016-07-19 09:36:51'),(2,1209,1331,'REGISTERED','2016-07-19 10:26:05'),(2,1209,1746,'REGISTERED','2016-07-19 11:02:48'),(2,1209,1596,'UNREGISTERED','2016-07-19 11:04:01'),(2,1209,1565,'UNREGISTERED','2016-07-19 11:05:14'),(2,1208,1565,'REGISTERED','2016-07-19 11:05:21'),(2,1208,1288,'REGISTERED','2016-07-19 11:12:20'),(2,1208,1565,'UNREGISTERED','2016-07-19 11:14:11'),(2,1213,1778,'REGISTERED','2016-07-19 11:15:04'),(1,1071,1074,'REGISTERED','2016-07-19 11:27:17'),(1,1072,1074,'STANDBY','2016-07-19 11:27:30'),(2,1209,1607,'UNREGISTERED','2016-07-19 11:33:03'),(2,1214,1565,'REGISTERED','2016-07-19 12:09:18'),(2,1214,1596,'REGISTERED','2016-07-19 12:09:32'),(1,1070,1029,'UNREGISTERED','2016-07-19 15:21:48'),(1,1069,1783,'UNREGISTERED','2016-07-19 15:33:42'),(1,1069,1031,'UNREGISTERED','2016-07-19 15:36:16'),(1,1069,1023,'UNREGISTERED','2016-07-19 15:49:07'),(2,1209,1241,'UNREGISTERED','2016-07-19 16:04:25'),(2,1211,1298,'UNREGISTERED','2016-07-19 18:14:27'),(1,1071,1127,'UNREGISTERED','2016-07-19 19:41:51'),(1,1070,1127,'REGISTERED','2016-07-19 19:41:58'),(2,1213,1263,'UNREGISTERED','2016-07-19 20:28:32'),(2,1213,1332,'UNREGISTERED','2016-07-19 20:42:32'),(1,1070,1127,'UNREGISTERED','2016-07-20 03:41:37'),(1,1070,1783,'REGISTERED','2016-07-20 04:01:55'),(2,1241,1730,'REGISTERED','2016-07-20 04:51:13'),(2,1241,1730,'UNREGISTERED','2016-07-20 04:52:07'),(2,1213,1589,'UNREGISTERED','2016-07-20 06:36:52'),(2,1214,1650,'REGISTERED','2016-07-20 07:48:30'),(2,1222,1463,'REGISTERED','2016-07-20 08:06:20'),(2,1214,1650,'UNREGISTERED','2016-07-20 08:21:44'),(2,1224,1427,'REGISTERED','2016-07-20 08:44:05'),(2,1212,1232,'REGISTERED','2016-07-20 10:19:19'),(2,1213,1697,'UNREGISTERED','2016-07-20 10:27:57'),(1,1071,1017,'UNREGISTERED','2016-07-20 10:32:57'),(1,1071,1122,'UNREGISTERED','2016-07-20 12:09:49'),(1,1073,1122,'UNREGISTERED','2016-07-20 12:09:59'),(2,1213,1232,'REGISTERED','2016-07-20 12:36:49'),(2,1213,1232,'UNREGISTERED','2016-07-20 12:36:53'),(2,1213,1232,'REGISTERED','2016-07-20 12:36:57'),(2,1212,1232,'UNREGISTERED','2016-07-20 12:37:01'),(2,1214,1596,'UNREGISTERED','2016-07-20 12:40:08'),(2,1213,1596,'REGISTERED','2016-07-20 12:40:18'),(2,1214,1565,'UNREGISTERED','2016-07-20 12:58:43'),(2,1214,1284,'UNREGISTERED','2016-07-20 13:09:28'),(2,1213,1622,'UNREGISTERED','2016-07-20 13:21:11'),(2,1215,1622,'REGISTERED','2016-07-20 13:21:22'),(1,1071,1051,'UNREGISTERED','2016-07-20 14:37:37'),(2,1213,1281,'REGISTERED','2016-07-20 14:57:49'),(2,1213,1225,'REGISTERED','2016-07-20 15:50:49'),(2,1213,1588,'REGISTERED','2016-07-20 15:51:14'),(1,1071,1120,'REGISTERED','2016-07-20 16:11:42'),(2,1222,1814,'REGISTERED','2016-07-20 17:47:42'),(2,1215,1000,'REGISTERED','2016-07-20 18:23:53'),(2,1215,1000,'UNREGISTERED','2016-07-20 18:24:13'),(2,1215,1272,'REGISTERED','2016-07-20 18:56:15'),(1,1073,1142,'REGISTERED','2016-07-21 03:35:07'),(2,1222,1730,'REGISTERED','2016-07-21 05:20:42'),(2,1220,1084,'REGISTERED','2016-07-21 05:45:40'),(2,1224,1084,'REGISTERED','2016-07-21 05:45:47'),(2,1223,1241,'UNREGISTERED','2016-07-21 08:01:15'),(2,1225,1241,'UNREGISTERED','2016-07-21 08:01:36'),(2,1227,1241,'UNREGISTERED','2016-07-21 08:01:46'),(1,1072,1029,'UNREGISTERED','2016-07-21 08:02:08'),(1,1072,1074,'CANCEL_STANDBY','2016-07-21 08:04:42'),(1,1072,1074,'REGISTERED','2016-07-21 08:04:45'),(1,1073,1130,'REGISTERED','2016-07-21 09:17:23'),(2,1215,1622,'UNREGISTERED','2016-07-21 10:32:49'),(2,1216,1574,'REGISTERED','2016-07-21 12:23:21'),(2,1216,1077,'REGISTERED','2016-07-21 13:04:07'),(2,1216,1650,'REGISTERED','2016-07-21 13:44:40'),(2,1216,1650,'UNREGISTERED','2016-07-21 13:44:40'),(2,1216,1650,'REGISTERED','2016-07-21 13:44:41'),(1,1075,1113,'REGISTERED','2016-07-21 14:00:27'),(1,1075,1107,'REGISTERED','2016-07-21 14:00:31'),(1,1075,1117,'REGISTERED','2016-07-21 14:00:35'),(1,1076,1113,'REGISTERED','2016-07-21 14:00:36'),(1,1077,1113,'REGISTERED','2016-07-21 14:00:44'),(1,1076,1117,'REGISTERED','2016-07-21 14:00:44'),(1,1076,1107,'REGISTERED','2016-07-21 14:00:46'),(1,1076,1051,'REGISTERED','2016-07-21 14:00:46'),(1,1076,1668,'REGISTERED','2016-07-21 14:00:52'),(1,1080,1117,'REGISTERED','2016-07-21 14:00:55'),(1,1079,1051,'REGISTERED','2016-07-21 14:00:56'),(1,1077,1107,'REGISTERED','2016-07-21 14:00:58'),(1,1079,1041,'REGISTERED','2016-07-21 14:01:01'),(1,1081,1051,'REGISTERED','2016-07-21 14:01:05'),(1,1079,1107,'REGISTERED','2016-07-21 14:01:11'),(1,1080,1668,'REGISTERED','2016-07-21 14:01:15'),(1,1081,1041,'REGISTERED','2016-07-21 14:01:38'),(1,1075,1031,'REGISTERED','2016-07-21 14:02:09'),(1,1075,1031,'UNREGISTERED','2016-07-21 14:02:09'),(1,1075,1031,'REGISTERED','2016-07-21 14:02:09'),(1,1075,1126,'REGISTERED','2016-07-21 14:02:19'),(1,1077,1126,'REGISTERED','2016-07-21 14:02:29'),(1,1077,1031,'REGISTERED','2016-07-21 14:02:34'),(1,1077,1031,'UNREGISTERED','2016-07-21 14:02:35'),(1,1077,1031,'REGISTERED','2016-07-21 14:02:35'),(1,1077,1031,'UNREGISTERED','2016-07-21 14:02:35'),(1,1077,1031,'REGISTERED','2016-07-21 14:02:35'),(1,1077,1031,'UNREGISTERED','2016-07-21 14:02:36'),(1,1077,1031,'REGISTERED','2016-07-21 14:02:36'),(1,1080,1126,'REGISTERED','2016-07-21 14:02:40'),(2,1216,1233,'UNREGISTERED','2016-07-21 14:04:16'),(1,1076,1067,'REGISTERED','2016-07-21 14:05:48'),(1,1079,1067,'REGISTERED','2016-07-21 14:06:03'),(1,1081,1067,'REGISTERED','2016-07-21 14:06:25'),(1,1075,1013,'REGISTERED','2016-07-21 14:06:48'),(1,1076,1013,'REGISTERED','2016-07-21 14:06:57'),(1,1077,1013,'REGISTERED','2016-07-21 14:07:05'),(1,1076,1084,'REGISTERED','2016-07-21 14:15:23'),(1,1081,1084,'REGISTERED','2016-07-21 14:15:30'),(1,1076,1122,'REGISTERED','2016-07-21 14:18:10'),(1,1079,1122,'REGISTERED','2016-07-21 14:18:20'),(1,1081,1122,'REGISTERED','2016-07-21 14:18:56'),(1,1078,1019,'REGISTERED','2016-07-21 14:41:20'),(1,1080,1019,'REGISTERED','2016-07-21 14:41:32'),(1,1076,1047,'REGISTERED','2016-07-21 14:49:07'),(1,1078,1047,'REGISTERED','2016-07-21 14:49:23'),(1,1081,1047,'REGISTERED','2016-07-21 14:49:36'),(1,1074,1012,'REGISTERED','2016-07-21 14:53:24'),(1,1080,1012,'REGISTERED','2016-07-21 14:53:40'),(1,1076,1054,'REGISTERED','2016-07-21 14:59:13'),(1,1079,1054,'REGISTERED','2016-07-21 14:59:26'),(1,1081,1054,'REGISTERED','2016-07-21 14:59:41'),(1,1072,1042,'UNREGISTERED','2016-07-21 15:03:43'),(1,1076,1042,'REGISTERED','2016-07-21 15:03:59'),(1,1079,1042,'REGISTERED','2016-07-21 15:04:08'),(1,1079,1042,'UNREGISTERED','2016-07-21 15:04:08'),(1,1079,1042,'REGISTERED','2016-07-21 15:04:08'),(1,1080,1042,'REGISTERED','2016-07-21 15:04:15'),(1,1080,1042,'UNREGISTERED','2016-07-21 15:04:15'),(1,1080,1042,'REGISTERED','2016-07-21 15:04:15'),(1,1075,1016,'REGISTERED','2016-07-21 15:09:09'),(1,1077,1016,'REGISTERED','2016-07-21 15:09:19'),(1,1076,1017,'REGISTERED','2016-07-21 15:11:43'),(1,1080,1017,'REGISTERED','2016-07-21 15:12:31'),(2,1215,1763,'REGISTERED','2016-07-21 15:17:01'),(1,1075,1127,'REGISTERED','2016-07-21 15:23:57'),(1,1079,1127,'REGISTERED','2016-07-21 15:24:12'),(1,1075,1786,'REGISTERED','2016-07-21 16:00:45'),(1,1079,1786,'REGISTERED','2016-07-21 16:01:06'),(1,1074,1066,'REGISTERED','2016-07-21 16:02:49'),(1,1077,1066,'REGISTERED','2016-07-21 16:03:10'),(2,1216,1204,'REGISTERED','2016-07-21 16:05:41'),(1,1075,1023,'REGISTERED','2016-07-21 16:34:36'),(1,1076,1023,'REGISTERED','2016-07-21 16:35:07'),(1,1077,1023,'REGISTERED','2016-07-21 16:35:23'),(2,1216,1301,'UNREGISTERED','2016-07-21 17:19:59'),(1,1076,1131,'REGISTERED','2016-07-21 17:28:50'),(1,1079,1131,'REGISTERED','2016-07-21 17:29:12'),(1,1079,1131,'UNREGISTERED','2016-07-21 17:29:12'),(1,1079,1131,'REGISTERED','2016-07-21 17:29:12'),(1,1072,1129,'REGISTERED','2016-07-21 17:47:00'),(1,1073,1129,'UNREGISTERED','2016-07-21 17:47:44'),(1,1072,1064,'STANDBY','2016-07-21 18:02:54'),(1,1076,1055,'REGISTERED','2016-07-21 18:22:35'),(1,1076,1129,'REGISTERED','2016-07-21 18:24:22'),(1,1078,1129,'REGISTERED','2016-07-21 18:25:06'),(2,1221,1443,'UNREGISTERED','2016-07-21 18:28:25'),(2,1237,1443,'REGISTERED','2016-07-21 18:28:41'),(1,1076,1037,'REGISTERED','2016-07-21 18:34:06'),(1,1079,1037,'REGISTERED','2016-07-21 18:34:17'),(1,1080,1037,'REGISTERED','2016-07-21 18:34:26'),(1,1075,1037,'REGISTERED','2016-07-21 18:35:00'),(1,1074,1057,'REGISTERED','2016-07-21 18:46:29'),(1,1078,1057,'REGISTERED','2016-07-21 18:46:42'),(1,1080,1057,'REGISTERED','2016-07-21 18:46:53'),(1,1073,1047,'REGISTERED','2016-07-21 18:53:08'),(1,1072,1047,'UNREGISTERED','2016-07-21 18:53:16'),(2,1216,1246,'REGISTERED','2016-07-21 18:55:24'),(2,1232,1246,'REGISTERED','2016-07-21 18:56:41'),(2,1232,1246,'UNREGISTERED','2016-07-21 18:56:41'),(2,1232,1246,'REGISTERED','2016-07-21 18:56:41'),(1,1075,1062,'REGISTERED','2016-07-21 19:11:44'),(1,1076,1062,'REGISTERED','2016-07-21 19:11:52'),(1,1077,1062,'REGISTERED','2016-07-21 19:12:00'),(1,1079,1062,'REGISTERED','2016-07-21 19:12:13'),(1,1081,1062,'REGISTERED','2016-07-21 19:12:22'),(1,1072,1064,'CANCEL_STANDBY','2016-07-21 19:23:36'),(1,1072,1064,'REGISTERED','2016-07-21 19:23:38'),(1,1074,1029,'REGISTERED','2016-07-21 19:56:52'),(1,1078,1029,'REGISTERED','2016-07-21 19:57:07'),(1,1080,1029,'REGISTERED','2016-07-21 19:57:20'),(1,1077,1123,'REGISTERED','2016-07-21 19:57:55'),(1,1076,1123,'STANDBY','2016-07-21 19:58:38'),(1,1080,1123,'REGISTERED','2016-07-21 19:58:50'),(1,1072,1126,'UNREGISTERED','2016-07-22 03:05:53'),(1,1072,1527,'REGISTERED','2016-07-22 03:44:45'),(1,1076,1022,'STANDBY','2016-07-22 03:45:45'),(1,1078,1022,'REGISTERED','2016-07-22 03:45:58'),(1,1080,1022,'REGISTERED','2016-07-22 03:46:07'),(1,1077,1022,'REGISTERED','2016-07-22 03:46:27'),(1,1077,1022,'UNREGISTERED','2016-07-22 03:46:30'),(1,1073,1527,'REGISTERED','2016-07-22 04:12:13'),(1,1072,1527,'UNREGISTERED','2016-07-22 04:13:30'),(1,1080,1796,'REGISTERED','2016-07-22 04:15:27'),(1,1074,1796,'REGISTERED','2016-07-22 04:15:38'),(1,1078,1796,'REGISTERED','2016-07-22 04:15:47'),(1,1075,1049,'REGISTERED','2016-07-22 04:32:33'),(1,1076,1049,'STANDBY','2016-07-22 04:32:52'),(1,1077,1049,'REGISTERED','2016-07-22 04:33:12'),(1,1080,1049,'REGISTERED','2016-07-22 04:33:21'),(1,1076,1058,'STANDBY','2016-07-22 06:53:11'),(2,1229,1304,'UNREGISTERED','2016-07-22 08:56:02'),(2,1225,1304,'REGISTERED','2016-07-22 08:56:10'),(2,1241,1304,'REGISTERED','2016-07-22 08:56:26'),(1,1075,1124,'REGISTERED','2016-07-22 21:30:09'),(1,1077,1124,'REGISTERED','2016-07-22 21:30:46'),(1,1077,1074,'REGISTERED','2016-07-23 06:00:39'),(1,1080,1074,'REGISTERED','2016-07-23 06:00:59'),(1,1076,1134,'STANDBY','2016-07-23 06:52:58'),(1,1075,1081,'REGISTERED','2016-07-23 07:02:05'),(1,1077,1081,'REGISTERED','2016-07-23 07:02:19'),(1,1075,1021,'REGISTERED','2016-07-23 07:45:33'),(1,1077,1021,'REGISTERED','2016-07-23 07:45:40'),(2,1221,1590,'REGISTERED','2016-07-23 08:28:30'),(1,1074,1044,'REGISTERED','2016-07-23 08:46:09'),(2,1222,1345,'REGISTERED','2016-07-23 09:24:43'),(2,1221,1230,'UNREGISTERED','2016-07-23 10:57:20'),(2,1222,1241,'UNREGISTERED','2016-07-23 15:27:32'),(2,1220,1084,'UNREGISTERED','2016-07-23 16:22:50'),(1,1075,1296,'REGISTERED','2016-07-23 18:45:06'),(2,1221,1296,'REGISTERED','2016-07-23 18:45:34'),(1,1074,1296,'REGISTERED','2016-07-23 18:45:47'),(1,1075,1296,'UNREGISTERED','2016-07-23 18:45:53'),(2,1223,1656,'REGISTERED','2016-07-23 19:07:24'),(1,1074,1062,'REGISTERED','2016-07-23 19:56:16'),(1,1074,1313,'REGISTERED','2016-07-23 20:22:52'),(1,1077,1646,'REGISTERED','2016-07-23 20:23:26'),(1,1076,1313,'STANDBY','2016-07-23 20:24:36'),(1,1080,1313,'REGISTERED','2016-07-23 20:25:05'),(1,1078,1313,'REGISTERED','2016-07-23 20:25:34'),(1,1074,1296,'UNREGISTERED','2016-07-23 22:15:33'),(2,1221,1588,'UNREGISTERED','2016-07-23 23:41:21'),(1,1074,1022,'REGISTERED','2016-07-24 03:55:30'),(1,1074,1062,'UNREGISTERED','2016-07-24 04:02:20'),(1,1074,1649,'REGISTERED','2016-07-24 04:56:07'),(2,1222,1778,'REGISTERED','2016-07-24 06:20:48'),(2,1222,1201,'REGISTERED','2016-07-24 06:21:19'),(2,1221,1589,'UNREGISTERED','2016-07-24 06:52:43'),(2,1221,1297,'UNREGISTERED','2016-07-24 07:14:49'),(2,1221,1297,'REGISTERED','2016-07-24 07:15:09'),(1,1079,1026,'REGISTERED','2016-07-24 07:30:32'),(1,1081,1026,'REGISTERED','2016-07-24 07:30:42'),(2,1222,1763,'REGISTERED','2016-07-24 08:12:26'),(2,1220,1819,'REGISTERED','2016-07-24 10:40:06'),(2,1224,1239,'REGISTERED','2016-07-24 10:42:21'),(2,1221,1819,'REGISTERED','2016-07-24 10:46:48'),(2,1220,1819,'UNREGISTERED','2016-07-24 11:02:27'),(2,1229,1248,'REGISTERED','2016-07-24 14:02:41'),(1,1075,1037,'UNREGISTERED','2016-07-24 14:17:22'),(2,1224,1288,'REGISTERED','2016-07-24 15:07:36'),(1,1075,1081,'UNREGISTERED','2016-07-24 15:44:14'),(2,1221,1746,'REGISTERED','2016-07-24 15:53:24'),(2,1229,1240,'UNREGISTERED','2016-07-24 16:29:23'),(2,1232,1240,'REGISTERED','2016-07-24 16:29:45'),(2,1232,1583,'REGISTERED','2016-07-24 17:20:50'),(2,1238,1308,'REGISTERED','2016-07-24 17:23:18'),(2,1222,1687,'REGISTERED','2016-07-24 17:54:51'),(2,1226,1463,'REGISTERED','2016-07-24 17:57:37'),(2,1224,1201,'REGISTERED','2016-07-24 18:57:09'),(2,1226,1233,'UNREGISTERED','2016-07-24 20:33:58'),(1,1081,1058,'REGISTERED','2016-07-24 21:21:39'),(1,1081,1058,'UNREGISTERED','2016-07-24 21:21:39'),(1,1081,1058,'REGISTERED','2016-07-24 21:21:39'),(2,1225,1596,'REGISTERED','2016-07-24 22:11:13'),(1,1078,1037,'REGISTERED','2016-07-25 05:01:20'),(1,1079,1037,'UNREGISTERED','2016-07-25 05:01:25'),(2,1229,1730,'REGISTERED','2016-07-25 05:34:44'),(2,1238,1730,'REGISTERED','2016-07-25 05:35:31'),(2,1237,1730,'STANDBY','2016-07-25 05:37:16'),(1,1077,1066,'UNREGISTERED','2016-07-25 06:14:43'),(2,1227,1427,'UNREGISTERED','2016-07-25 07:21:31'),(2,1225,1819,'REGISTERED','2016-07-25 10:14:07'),(1,1077,1055,'REGISTERED','2016-07-25 11:22:00'),(1,1081,1055,'REGISTERED','2016-07-25 11:22:25'),(1,1081,1055,'UNREGISTERED','2016-07-25 11:22:25'),(1,1081,1055,'REGISTERED','2016-07-25 11:22:25'),(1,1080,1055,'REGISTERED','2016-07-25 11:23:36'),(1,1081,1055,'UNREGISTERED','2016-07-25 11:23:45'),(1,1081,1055,'UNREGISTERED','2016-07-25 11:23:45'),(1,1076,1127,'STANDBY','2016-07-25 11:37:26'),(1,1076,1051,'UNREGISTERED','2016-07-25 12:08:32'),(1,1076,1058,'CANCEL_STANDBY','2016-07-25 12:09:10'),(1,1076,1058,'REGISTERED','2016-07-25 12:09:12'),(1,1080,1783,'REGISTERED','2016-07-25 12:57:03'),(1,1076,1022,'CANCEL_STANDBY','2016-07-25 13:27:10'),(1,1076,1022,'STANDBY','2016-07-25 13:27:25'),(1,1076,1047,'UNREGISTERED','2016-07-25 13:39:42'),(1,1076,1022,'CANCEL_STANDBY','2016-07-25 13:40:45'),(1,1076,1022,'REGISTERED','2016-07-25 13:40:47'),(1,1076,1049,'CANCEL_STANDBY','2016-07-25 13:41:11'),(2,1225,1730,'REGISTERED','2016-07-25 13:59:51'),(2,1229,1730,'UNREGISTERED','2016-07-25 14:00:00'),(2,1231,1730,'REGISTERED','2016-07-25 14:00:57'),(1,1077,1783,'REGISTERED','2016-07-25 14:07:20'),(2,1225,1822,'REGISTERED','2016-07-25 14:51:22'),(1,1076,1113,'UNREGISTERED','2016-07-25 15:52:01'),(1,1076,1324,'REGISTERED','2016-07-25 15:55:44'),(1,1076,1127,'CANCEL_STANDBY','2016-07-25 16:17:07'),(1,1076,1055,'UNREGISTERED','2016-07-25 16:21:52'),(1,1076,1055,'UNREGISTERED','2016-07-25 16:21:52'),(2,1229,1730,'REGISTERED','2016-07-25 16:38:16'),(2,1225,1730,'UNREGISTERED','2016-07-25 16:38:23'),(2,1231,1730,'UNREGISTERED','2016-07-25 16:38:31'),(1,1076,1058,'UNREGISTERED','2016-07-25 16:41:34'),(2,1230,1284,'REGISTERED','2016-07-25 17:45:44'),(2,1232,1284,'REGISTERED','2016-07-25 17:45:54'),(2,1225,1304,'UNREGISTERED','2016-07-25 17:47:22'),(2,1224,1427,'UNREGISTERED','2016-07-25 19:07:30'),(2,1229,1235,'UNREGISTERED','2016-07-25 19:18:02'),(2,1226,1463,'UNREGISTERED','2016-07-25 19:35:16'),(2,1224,1209,'REGISTERED','2016-07-26 04:16:27'),(1,1077,1127,'REGISTERED','2016-07-26 04:42:47'),(2,1231,1814,'REGISTERED','2016-07-26 05:49:10'),(1,1077,1324,'REGISTERED','2016-07-26 06:28:01'),(2,1227,1534,'REGISTERED','2016-07-26 06:56:19'),(1,1077,1324,'UNREGISTERED','2016-07-26 08:30:50'),(2,1231,1272,'REGISTERED','2016-07-26 08:40:05'),(2,1225,1588,'REGISTERED','2016-07-26 08:57:43'),(1,1077,1044,'REGISTERED','2016-07-26 09:46:52'),(2,1225,1650,'REGISTERED','2016-07-26 10:07:20'),(1,1077,1013,'UNREGISTERED','2016-07-26 10:46:18'),(2,1231,1589,'REGISTERED','2016-07-26 10:47:35'),(1,1079,1074,'REGISTERED','2016-07-26 12:57:49'),(2,1225,1296,'REGISTERED','2016-07-26 13:05:44'),(1,1077,1055,'UNREGISTERED','2016-07-26 13:23:44'),(1,1077,1049,'UNREGISTERED','2016-07-26 14:10:12'),(1,1078,1796,'UNREGISTERED','2016-07-26 14:22:10'),(2,1225,1201,'REGISTERED','2016-07-26 14:25:59'),(2,1225,1235,'REGISTERED','2016-07-26 14:33:04'),(2,1225,1235,'STANDBY','2016-07-26 14:33:04'),(2,1225,1235,'UNREGISTERED','2016-07-26 14:33:21'),(2,1225,1235,'UNREGISTERED','2016-07-26 14:33:21'),(2,1225,1235,'CANCEL_STANDBY','2016-07-26 14:33:21'),(2,1225,1235,'REGISTERED','2016-07-26 14:33:29'),(2,1225,1235,'STANDBY','2016-07-26 14:33:30'),(1,1077,1126,'UNREGISTERED','2016-07-26 14:47:08'),(1,1077,1031,'REGISTERED','2016-07-26 15:01:53'),(2,1225,1296,'UNREGISTERED','2016-07-26 15:12:11'),(1,1077,1783,'UNREGISTERED','2016-07-26 15:16:55'),(1,1078,1649,'REGISTERED','2016-07-26 15:34:51'),(1,1077,1021,'UNREGISTERED','2016-07-26 15:36:00'),(1,1077,1081,'UNREGISTERED','2016-07-26 15:41:45'),(1,1077,1113,'UNREGISTERED','2016-07-26 15:51:15'),(1,1081,1130,'REGISTERED','2016-07-26 16:26:16'),(2,1225,1596,'UNREGISTERED','2016-07-26 16:32:52'),(2,1230,1463,'REGISTERED','2016-07-26 17:22:50'),(2,1231,1233,'REGISTERED','2016-07-26 17:33:52'),(2,1231,1816,'REGISTERED','2016-07-26 19:04:53'),(2,1228,1000,'REGISTERED','2016-07-26 19:06:12'),(2,1228,1000,'UNREGISTERED','2016-07-26 19:06:24'),(2,1229,1000,'REGISTERED','2016-07-26 19:07:25'),(2,1230,1000,'REGISTERED','2016-07-26 19:07:37'),(2,1229,1000,'UNREGISTERED','2016-07-26 19:08:21'),(2,1230,1000,'UNREGISTERED','2016-07-26 19:08:30'),(2,1229,1000,'REGISTERED','2016-07-26 19:09:04'),(2,1229,1000,'UNREGISTERED','2016-07-26 19:09:15'),(2,1230,1463,'UNREGISTERED','2016-07-26 21:35:08'),(1,1078,1047,'UNREGISTERED','2016-07-26 21:55:39'),(1,1078,1783,'REGISTERED','2016-07-27 04:17:45'),(2,1236,1298,'REGISTERED','2016-07-27 05:13:39'),(2,1243,1298,'REGISTERED','2016-07-27 05:13:53'),(2,1229,1763,'REGISTERED','2016-07-27 05:27:40'),(2,1229,1730,'UNREGISTERED','2016-07-27 07:08:08'),(2,1230,1730,'REGISTERED','2016-07-27 07:08:16'),(2,1232,1201,'REGISTERED','2016-07-27 11:22:14'),(2,1232,1201,'UNREGISTERED','2016-07-27 11:22:14'),(2,1232,1201,'REGISTERED','2016-07-27 11:22:14'),(2,1230,1233,'UNREGISTERED','2016-07-27 11:27:25'),(2,1229,1697,'UNREGISTERED','2016-07-27 12:26:51'),(1,1079,1796,'REGISTERED','2016-07-27 12:27:24'),(1,1079,1296,'REGISTERED','2016-07-27 12:58:20'),(2,1229,1201,'REGISTERED','2016-07-27 14:24:14'),(2,1229,1304,'REGISTERED','2016-07-27 14:26:02'),(2,1231,1463,'REGISTERED','2016-07-27 14:28:59'),(1,1079,1646,'REGISTERED','2016-07-27 14:40:58'),(1,1079,1646,'UNREGISTERED','2016-07-27 14:40:58'),(1,1079,1646,'REGISTERED','2016-07-27 14:40:58'),(2,1230,1284,'UNREGISTERED','2016-07-27 14:41:08'),(2,1238,1201,'REGISTERED','2016-07-27 15:05:53'),(2,1229,1808,'REGISTERED','2016-07-27 15:11:03'),(1,1079,1127,'UNREGISTERED','2016-07-27 15:27:20'),(1,1079,1042,'UNREGISTERED','2016-07-27 15:40:40'),(1,1081,1296,'REGISTERED','2016-07-27 15:50:57'),(1,1079,1296,'UNREGISTERED','2016-07-27 16:15:57'),(2,1229,1250,'REGISTERED','2016-07-27 16:28:32'),(2,1231,1296,'REGISTERED','2016-07-27 16:36:20'),(2,1231,1463,'UNREGISTERED','2016-07-27 17:44:57'),(2,1231,1302,'REGISTERED','2016-07-27 18:11:58'),(2,1231,1302,'UNREGISTERED','2016-07-27 18:12:00'),(2,1231,1250,'UNREGISTERED','2016-07-28 03:51:36'),(1,1080,1019,'UNREGISTERED','2016-07-28 04:00:19'),(1,1080,1126,'UNREGISTERED','2016-07-28 04:42:33'),(2,1231,1201,'REGISTERED','2016-07-28 06:35:46'),(2,1232,1233,'UNREGISTERED','2016-07-28 09:30:27'),(2,1242,1233,'REGISTERED','2016-07-28 09:31:16'),(2,1246,1233,'REGISTERED','2016-07-28 09:31:26'),(2,1247,1233,'REGISTERED','2016-07-28 09:31:39'),(2,1233,1782,'REGISTERED','2016-07-28 09:45:24'),(2,1236,1084,'REGISTERED','2016-07-28 13:37:23'),(2,1240,1084,'REGISTERED','2016-07-28 13:37:37'),(1,1087,1041,'REGISTERED','2016-07-28 14:00:27'),(1,1083,1049,'REGISTERED','2016-07-28 14:00:29'),(1,1083,1113,'REGISTERED','2016-07-28 14:00:34'),(1,1089,1041,'REGISTERED','2016-07-28 14:00:35'),(1,1084,1049,'REGISTERED','2016-07-28 14:00:42'),(1,1084,1113,'REGISTERED','2016-07-28 14:00:43'),(1,1085,1049,'REGISTERED','2016-07-28 14:00:50'),(1,1085,1113,'REGISTERED','2016-07-28 14:00:52'),(1,1083,1087,'REGISTERED','2016-07-28 14:00:56'),(1,1084,1084,'REGISTERED','2016-07-28 14:00:56'),(1,1088,1049,'REGISTERED','2016-07-28 14:01:00'),(1,1089,1084,'REGISTERED','2016-07-28 14:01:03'),(1,1084,1037,'REGISTERED','2016-07-28 14:01:09'),(1,1085,1087,'REGISTERED','2016-07-28 14:01:10'),(1,1087,1037,'REGISTERED','2016-07-28 14:01:23'),(1,1087,1087,'REGISTERED','2016-07-28 14:01:27'),(1,1088,1037,'REGISTERED','2016-07-28 14:01:30'),(1,1088,1087,'REGISTERED','2016-07-28 14:02:22'),(1,1083,1107,'REGISTERED','2016-07-28 14:03:01'),(1,1084,1107,'REGISTERED','2016-07-28 14:03:15'),(1,1085,1107,'REGISTERED','2016-07-28 14:03:27'),(1,1087,1107,'REGISTERED','2016-07-28 14:03:47'),(1,1087,1012,'REGISTERED','2016-07-28 14:05:54'),(1,1085,1012,'REGISTERED','2016-07-28 14:06:06'),(1,1088,1012,'REGISTERED','2016-07-28 14:06:20'),(1,1083,1117,'REGISTERED','2016-07-28 14:06:26'),(1,1082,1012,'REGISTERED','2016-07-28 14:06:36'),(1,1084,1117,'REGISTERED','2016-07-28 14:06:39'),(1,1088,1117,'REGISTERED','2016-07-28 14:06:48'),(1,1084,1668,'REGISTERED','2016-07-28 14:12:58'),(1,1084,1668,'UNREGISTERED','2016-07-28 14:12:58'),(1,1084,1668,'REGISTERED','2016-07-28 14:12:58'),(1,1084,1668,'UNREGISTERED','2016-07-28 14:12:58'),(1,1084,1668,'REGISTERED','2016-07-28 14:12:58'),(1,1084,1668,'UNREGISTERED','2016-07-28 14:12:58'),(1,1084,1668,'REGISTERED','2016-07-28 14:12:58'),(1,1088,1668,'REGISTERED','2016-07-28 14:13:29'),(1,1088,1668,'UNREGISTERED','2016-07-28 14:13:29'),(1,1088,1668,'REGISTERED','2016-07-28 14:13:29'),(1,1088,1668,'UNREGISTERED','2016-07-28 14:13:29'),(1,1088,1668,'REGISTERED','2016-07-28 14:13:29'),(1,1088,1668,'UNREGISTERED','2016-07-28 14:13:29'),(1,1088,1668,'REGISTERED','2016-07-28 14:13:29'),(1,1084,1047,'REGISTERED','2016-07-28 14:16:29'),(1,1086,1047,'REGISTERED','2016-07-28 14:17:32'),(1,1088,1047,'REGISTERED','2016-07-28 14:17:42'),(1,1081,1047,'UNREGISTERED','2016-07-28 14:17:55'),(1,1084,1055,'REGISTERED','2016-07-28 14:19:43'),(1,1088,1055,'REGISTERED','2016-07-28 14:19:54'),(1,1082,1019,'REGISTERED','2016-07-28 14:20:50'),(1,1086,1019,'REGISTERED','2016-07-28 14:21:24'),(1,1088,1019,'REGISTERED','2016-07-28 14:21:46'),(1,1085,1013,'REGISTERED','2016-07-28 14:23:04'),(1,1083,1126,'REGISTERED','2016-07-28 14:26:06'),(1,1085,1126,'REGISTERED','2016-07-28 14:26:31'),(1,1088,1126,'REGISTERED','2016-07-28 14:26:45'),(1,1088,1126,'UNREGISTERED','2016-07-28 14:26:45'),(1,1088,1126,'REGISTERED','2016-07-28 14:26:45'),(1,1083,1031,'REGISTERED','2016-07-28 14:39:26'),(1,1085,1031,'REGISTERED','2016-07-28 14:39:45'),(1,1084,1054,'REGISTERED','2016-07-28 14:46:01'),(1,1087,1054,'REGISTERED','2016-07-28 14:46:17'),(1,1089,1054,'REGISTERED','2016-07-28 14:46:31'),(2,1232,1574,'REGISTERED','2016-07-28 16:36:42'),(2,1233,1574,'REGISTERED','2016-07-28 16:36:51'),(2,1231,1250,'REGISTERED','2016-07-28 16:49:37'),(1,1083,1016,'REGISTERED','2016-07-28 17:10:17'),(1,1085,1016,'REGISTERED','2016-07-28 17:10:35'),(1,1080,1783,'UNREGISTERED','2016-07-28 17:49:59'),(1,1084,1042,'REGISTERED','2016-07-28 18:30:20'),(1,1087,1042,'REGISTERED','2016-07-28 18:30:29'),(1,1088,1042,'REGISTERED','2016-07-28 18:30:39'),(1,1081,1130,'UNREGISTERED','2016-07-28 18:35:28'),(1,1083,1646,'REGISTERED','2016-07-28 18:54:13'),(1,1085,1646,'REGISTERED','2016-07-28 18:54:50'),(1,1088,1796,'REGISTERED','2016-07-28 19:03:34'),(1,1084,1796,'REGISTERED','2016-07-28 19:03:45'),(1,1082,1796,'REGISTERED','2016-07-28 19:04:02'),(2,1232,1808,'REGISTERED','2016-07-28 19:09:53'),(1,1082,1313,'REGISTERED','2016-07-28 19:12:19'),(1,1084,1313,'REGISTERED','2016-07-28 19:12:49'),(1,1086,1313,'REGISTERED','2016-07-28 19:13:16'),(1,1088,1313,'REGISTERED','2016-07-28 19:13:38'),(1,1084,1067,'REGISTERED','2016-07-28 19:52:34'),(1,1087,1067,'REGISTERED','2016-07-28 19:52:48'),(1,1089,1067,'REGISTERED','2016-07-28 19:53:05'),(2,1241,1240,'REGISTERED','2016-07-28 20:13:43'),(2,1248,1240,'REGISTERED','2016-07-28 20:13:59'),(1,1084,1026,'REGISTERED','2016-07-28 20:37:20'),(1,1084,1026,'UNREGISTERED','2016-07-28 20:37:21'),(1,1084,1026,'REGISTERED','2016-07-28 20:37:21'),(1,1084,1026,'UNREGISTERED','2016-07-28 20:37:21'),(1,1087,1026,'REGISTERED','2016-07-28 20:37:30'),(1,1087,1026,'UNREGISTERED','2016-07-28 20:37:30'),(1,1087,1026,'REGISTERED','2016-07-28 20:37:30'),(1,1087,1026,'UNREGISTERED','2016-07-28 20:37:30'),(1,1087,1026,'UNREGISTERED','2016-07-28 20:37:31'),(1,1089,1026,'REGISTERED','2016-07-28 20:37:40'),(1,1089,1026,'UNREGISTERED','2016-07-28 20:37:40'),(1,1089,1026,'REGISTERED','2016-07-28 20:37:40'),(1,1083,1123,'REGISTERED','2016-07-28 20:58:20'),(1,1085,1123,'REGISTERED','2016-07-28 20:58:49'),(1,1088,1123,'REGISTERED','2016-07-28 20:59:07'),(1,1083,1062,'REGISTERED','2016-07-28 21:36:45'),(1,1084,1062,'REGISTERED','2016-07-28 21:36:59'),(1,1085,1062,'REGISTERED','2016-07-28 21:37:12'),(1,1087,1062,'REGISTERED','2016-07-28 21:37:24'),(1,1089,1062,'REGISTERED','2016-07-28 21:37:51'),(1,1080,1062,'REGISTERED','2016-07-28 21:42:14'),(1,1081,1062,'UNREGISTERED','2016-07-28 21:42:23'),(1,1081,1296,'UNREGISTERED','2016-07-28 23:46:56'),(1,1081,1058,'UNREGISTERED','2016-07-29 01:53:27'),(1,1081,1527,'REGISTERED','2016-07-29 03:17:27'),(1,1084,1022,'REGISTERED','2016-07-29 03:39:30'),(1,1086,1022,'REGISTERED','2016-07-29 03:39:41'),(1,1088,1022,'REGISTERED','2016-07-29 03:39:53'),(1,1080,1668,'UNREGISTERED','2016-07-29 03:46:51'),(1,1080,1042,'UNREGISTERED','2016-07-29 03:58:38'),(1,1082,1029,'REGISTERED','2016-07-29 05:42:10'),(1,1086,1029,'REGISTERED','2016-07-29 05:42:24'),(1,1088,1029,'REGISTERED','2016-07-29 05:42:45'),(1,1084,1122,'REGISTERED','2016-07-29 08:29:24'),(1,1087,1122,'REGISTERED','2016-07-29 08:29:37'),(1,1089,1122,'REGISTERED','2016-07-29 08:29:53'),(1,1084,1786,'REGISTERED','2016-07-29 08:48:28'),(1,1087,1786,'REGISTERED','2016-07-29 08:48:45'),(2,1239,1808,'REGISTERED','2016-07-29 09:07:06'),(1,1082,1649,'REGISTERED','2016-07-29 10:48:14'),(1,1084,1129,'REGISTERED','2016-07-29 11:38:25'),(2,1236,1210,'REGISTERED','2016-07-29 12:30:07'),(1,1088,1026,'REGISTERED','2016-07-29 12:35:49'),(1,1089,1026,'UNREGISTERED','2016-07-29 12:35:56'),(2,1237,1276,'UNREGISTERED','2016-07-29 12:56:25'),(2,1240,1276,'REGISTERED','2016-07-29 12:56:46'),(2,1247,1276,'REGISTERED','2016-07-29 12:57:01'),(2,1237,1730,'CANCEL_STANDBY','2016-07-29 13:03:56'),(2,1237,1730,'REGISTERED','2016-07-29 13:03:58'),(2,1238,1730,'UNREGISTERED','2016-07-29 13:04:06'),(2,1233,1782,'UNREGISTERED','2016-07-29 15:18:55'),(2,1234,1459,'REGISTERED','2016-07-29 15:21:13'),(2,1234,1690,'REGISTERED','2016-07-29 15:33:03'),(1,1084,1051,'STANDBY','2016-07-29 15:38:10'),(1,1087,1051,'REGISTERED','2016-07-29 15:38:19'),(1,1089,1051,'REGISTERED','2016-07-29 15:38:26'),(2,1238,1233,'UNREGISTERED','2016-07-29 16:14:46'),(2,1237,1230,'UNREGISTERED','2016-07-30 02:42:56'),(1,1082,1066,'REGISTERED','2016-07-30 06:03:14'),(1,1082,1066,'UNREGISTERED','2016-07-30 06:03:14'),(1,1082,1066,'REGISTERED','2016-07-30 06:03:15'),(1,1085,1066,'REGISTERED','2016-07-30 06:03:54'),(1,1085,1066,'UNREGISTERED','2016-07-30 06:03:54'),(1,1085,1066,'REGISTERED','2016-07-30 06:03:54'),(1,1084,1127,'STANDBY','2016-07-30 06:58:00'),(1,1087,1127,'REGISTERED','2016-07-30 06:58:13'),(1,1087,1127,'UNREGISTERED','2016-07-30 06:58:13'),(1,1087,1127,'REGISTERED','2016-07-30 06:58:13'),(1,1088,1127,'REGISTERED','2016-07-30 06:58:25'),(1,1088,1127,'UNREGISTERED','2016-07-30 06:58:25'),(1,1088,1127,'REGISTERED','2016-07-30 06:58:26'),(1,1083,1124,'REGISTERED','2016-07-30 07:38:30'),(1,1085,1124,'REGISTERED','2016-07-30 07:39:24'),(1,1085,1124,'UNREGISTERED','2016-07-30 07:39:48'),(1,1082,1668,'REGISTERED','2016-07-30 08:00:18'),(1,1083,1021,'REGISTERED','2016-07-30 12:30:06'),(1,1085,1021,'REGISTERED','2016-07-30 12:45:32'),(2,1236,1239,'REGISTERED','2016-07-30 14:17:36'),(2,1236,1218,'REGISTERED','2016-07-30 15:13:39'),(2,1238,1233,'REGISTERED','2016-07-30 16:58:30'),(2,1234,1259,'REGISTERED','2016-07-30 17:38:46'),(1,1082,1044,'REGISTERED','2016-07-30 18:04:23'),(2,1234,1459,'UNREGISTERED','2016-07-30 19:10:34'),(1,1084,1023,'STANDBY','2016-07-30 19:10:51'),(1,1085,1023,'REGISTERED','2016-07-30 19:11:30'),(2,1238,1077,'REGISTERED','2016-07-30 19:21:32'),(1,1084,1058,'STANDBY','2016-07-30 19:39:49'),(2,1238,1345,'REGISTERED','2016-07-30 20:56:44'),(2,1238,1335,'REGISTERED','2016-07-30 21:07:00'),(2,1238,1459,'REGISTERED','2016-07-30 21:08:36'),(2,1238,1257,'REGISTERED','2016-07-30 21:13:43'),(2,1238,1257,'UNREGISTERED','2016-07-30 21:13:44'),(2,1238,1257,'REGISTERED','2016-07-30 21:13:46'),(2,1236,1623,'REGISTERED','2016-07-31 04:32:36'),(1,1082,1313,'UNREGISTERED','2016-07-31 04:44:17'),(2,1237,1297,'UNREGISTERED','2016-07-31 05:20:25'),(2,1236,1297,'REGISTERED','2016-07-31 05:20:30'),(2,1237,1763,'REGISTERED','2016-07-31 05:28:25'),(2,1248,1443,'REGISTERED','2016-07-31 05:28:51'),(2,1248,1443,'UNREGISTERED','2016-07-31 05:28:54'),(2,1240,1298,'REGISTERED','2016-07-31 05:36:20'),(2,1243,1298,'UNREGISTERED','2016-07-31 05:36:34'),(1,1083,1296,'REGISTERED','2016-07-31 05:51:40'),(1,1083,1783,'REGISTERED','2016-07-31 07:06:51'),(2,1236,1822,'REGISTERED','2016-07-31 07:26:41'),(2,1240,1335,'REGISTERED','2016-07-31 07:44:04'),(1,1083,1031,'UNREGISTERED','2016-07-31 08:14:43'),(1,1083,1117,'UNREGISTERED','2016-07-31 09:00:23'),(1,1087,1117,'REGISTERED','2016-07-31 09:00:34'),(2,1236,1237,'REGISTERED','2016-07-31 11:09:32'),(2,1240,1204,'REGISTERED','2016-07-31 11:23:42'),(1,1087,1131,'REGISTERED','2016-07-31 11:23:50'),(2,1248,1204,'REGISTERED','2016-07-31 11:23:59'),(1,1088,1131,'REGISTERED','2016-07-31 11:24:03'),(2,1237,1730,'UNREGISTERED','2016-07-31 12:30:30'),(2,1239,1284,'REGISTERED','2016-07-31 12:42:04'),(2,1246,1284,'REGISTERED','2016-07-31 12:42:16'),(2,1248,1284,'REGISTERED','2016-07-31 12:42:24'),(1,1083,1021,'UNREGISTERED','2016-07-31 12:48:07'),(2,1247,1221,'REGISTERED','2016-07-31 13:14:49'),(1,1087,1074,'REGISTERED','2016-07-31 13:16:58'),(1,1088,1074,'STANDBY','2016-07-31 13:17:12'),(2,1242,1228,'REGISTERED','2016-07-31 14:12:28'),(1,1083,1783,'UNREGISTERED','2016-07-31 14:23:58'),(1,1083,1126,'UNREGISTERED','2016-07-31 15:00:57'),(2,1239,1296,'REGISTERED','2016-07-31 15:06:45'),(1,1083,1124,'UNREGISTERED','2016-07-31 15:22:47'),(2,1245,1697,'REGISTERED','2016-07-31 15:44:53'),(2,1238,1596,'REGISTERED','2016-07-31 16:08:48'),(2,1238,1688,'REGISTERED','2016-07-31 17:11:03'),(2,1238,1257,'UNREGISTERED','2016-07-31 17:17:08'),(1,1088,1129,'STANDBY','2016-07-31 18:01:50'),(2,1239,1077,'REGISTERED','2016-07-31 18:54:27'),(2,1240,1832,'REGISTERED','2016-07-31 19:02:28'),(2,1239,1077,'UNREGISTERED','2016-07-31 19:19:56'),(2,1239,1284,'UNREGISTERED','2016-07-31 19:45:54'),(2,1248,1565,'REGISTERED','2016-07-31 20:18:34'),(1,1087,1131,'UNREGISTERED','2016-07-31 20:53:14'),(1,1085,1131,'REGISTERED','2016-07-31 20:53:28'),(2,1241,1250,'REGISTERED','2016-07-31 22:24:09'),(2,1239,1808,'UNREGISTERED','2016-08-01 01:50:05'),(2,1242,1589,'REGISTERED','2016-08-01 07:56:41'),(2,1242,1589,'UNREGISTERED','2016-08-01 07:56:41'),(2,1242,1589,'REGISTERED','2016-08-01 07:56:41'),(2,1242,1589,'UNREGISTERED','2016-08-01 07:56:43'),(2,1242,1589,'UNREGISTERED','2016-08-01 07:56:43'),(1,1084,1055,'UNREGISTERED','2016-08-01 10:32:18'),(1,1084,1127,'CANCEL_STANDBY','2016-08-01 10:33:26'),(1,1084,1127,'REGISTERED','2016-08-01 10:33:27'),(1,1085,1107,'UNREGISTERED','2016-08-01 11:12:07'),(1,1084,1313,'UNREGISTERED','2016-08-01 11:41:19'),(1,1086,1649,'REGISTERED','2016-08-01 11:58:23'),(1,1086,1649,'UNREGISTERED','2016-08-01 11:58:23'),(1,1086,1649,'REGISTERED','2016-08-01 11:58:23'),(1,1084,1051,'CANCEL_STANDBY','2016-08-01 12:11:49'),(1,1084,1051,'REGISTERED','2016-08-01 12:11:51'),(2,1240,1210,'REGISTERED','2016-08-01 12:31:49'),(2,1242,1463,'REGISTERED','2016-08-01 13:35:37'),(2,1245,1300,'REGISTERED','2016-08-01 13:41:35'),(2,1248,1300,'REGISTERED','2016-08-01 13:41:42'),(1,1084,1047,'UNREGISTERED','2016-08-01 14:00:03'),(1,1084,1058,'CANCEL_STANDBY','2016-08-01 14:00:24'),(1,1084,1058,'REGISTERED','2016-08-01 14:00:26'),(1,1085,1012,'UNREGISTERED','2016-08-01 14:03:12'),(2,1241,1301,'REGISTERED','2016-08-01 14:07:26'),(2,1248,1301,'REGISTERED','2016-08-01 14:07:40'),(2,1248,1246,'REGISTERED','2016-08-01 14:28:52'),(1,1085,1044,'REGISTERED','2016-08-01 14:51:33'),(1,1084,1113,'UNREGISTERED','2016-08-01 15:50:14'),(1,1084,1023,'CANCEL_STANDBY','2016-08-01 16:18:30'),(1,1084,1023,'REGISTERED','2016-08-01 16:18:33'),(1,1084,1127,'UNREGISTERED','2016-08-01 16:21:14'),(1,1085,1127,'REGISTERED','2016-08-01 16:35:27'),(1,1088,1084,'STANDBY','2016-08-01 16:59:35'),(2,1240,1201,'REGISTERED','2016-08-01 18:10:42'),(2,1240,1201,'UNREGISTERED','2016-08-01 18:10:42'),(2,1240,1201,'REGISTERED','2016-08-01 18:10:42'),(2,1241,1822,'REGISTERED','2016-08-01 18:53:04'),(2,1241,1297,'REGISTERED','2016-08-01 18:53:11'),(2,1242,1233,'UNREGISTERED','2016-08-01 18:56:07'),(2,1241,1304,'UNREGISTERED','2016-08-01 19:55:38'),(2,1245,1583,'REGISTERED','2016-08-01 20:31:42'),(2,1240,1239,'REGISTERED','2016-08-01 20:54:48'),(2,1242,1463,'UNREGISTERED','2016-08-02 04:16:46'),(2,1246,1463,'REGISTERED','2016-08-02 04:20:26'),(1,1085,1049,'UNREGISTERED','2016-08-02 04:39:40'),(1,1085,1055,'REGISTERED','2016-08-02 10:42:57'),(2,1241,1232,'REGISTERED','2016-08-02 11:07:03'),(1,1085,1126,'UNREGISTERED','2016-08-02 12:48:55'),(1,1085,1013,'UNREGISTERED','2016-08-02 13:03:50'),(1,1085,1123,'UNREGISTERED','2016-08-02 14:05:33'),(1,1085,1031,'UNREGISTERED','2016-08-02 14:33:14'),(2,1240,1209,'REGISTERED','2016-08-02 14:36:32'),(1,1085,1126,'REGISTERED','2016-08-02 14:37:06'),(1,1085,1126,'UNREGISTERED','2016-08-02 14:37:09'),(1,1086,1313,'UNREGISTERED','2016-08-02 15:06:15'),(2,1241,1201,'REGISTERED','2016-08-02 15:06:39'),(1,1085,1062,'UNREGISTERED','2016-08-02 15:28:55'),(1,1088,1064,'STANDBY','2016-08-02 15:41:25'),(1,1085,1055,'UNREGISTERED','2016-08-02 15:57:36'),(2,1241,1235,'REGISTERED','2016-08-02 16:16:37'),(2,1241,1589,'REGISTERED','2016-08-02 16:46:45'),(1,1087,1000,'REGISTERED','2016-08-02 17:16:50'),(1,1087,1000,'UNREGISTERED','2016-08-02 17:16:57'),(1,1086,1047,'UNREGISTERED','2016-08-02 17:25:26'),(2,1246,1219,'REGISTERED','2016-08-02 19:53:54'),(1,1086,1019,'UNREGISTERED','2016-08-02 20:01:29'),(1,1089,1043,'REGISTERED','2016-08-03 04:58:07'),(2,1457,1230,'REGISTERED','2016-08-03 05:05:48'),(2,1483,1230,'REGISTERED','2016-08-03 05:05:58'),(2,1496,1230,'REGISTERED','2016-08-03 05:06:08'),(2,1245,1833,'REGISTERED','2016-08-03 05:37:22'),(2,1247,1201,'REGISTERED','2016-08-03 05:37:26'),(2,1457,1250,'REGISTERED','2016-08-03 06:06:31'),(2,1245,1263,'UNREGISTERED','2016-08-03 06:31:30'),(2,1245,1263,'REGISTERED','2016-08-03 06:35:32'),(2,1245,1829,'REGISTERED','2016-08-03 06:39:42'),(2,1457,1697,'REGISTERED','2016-08-03 07:46:01'),(2,1460,1697,'REGISTERED','2016-08-03 07:46:15'),(2,1463,1697,'REGISTERED','2016-08-03 07:46:24'),(2,1473,1697,'REGISTERED','2016-08-03 07:46:41'),(2,1245,1763,'REGISTERED','2016-08-03 08:38:35'),(2,1457,1730,'REGISTERED','2016-08-03 08:46:43'),(2,1462,1730,'REGISTERED','2016-08-03 08:46:59'),(2,1462,1730,'UNREGISTERED','2016-08-03 08:47:05'),(2,1463,1730,'REGISTERED','2016-08-03 08:47:17'),(2,1473,1730,'REGISTERED','2016-08-03 08:47:44'),(2,1245,1829,'UNREGISTERED','2016-08-03 09:39:30'),(2,1245,1269,'REGISTERED','2016-08-03 09:40:54'),(2,1463,1269,'REGISTERED','2016-08-03 09:41:06'),(2,1476,1269,'REGISTERED','2016-08-03 09:41:17'),(2,1502,1269,'REGISTERED','2016-08-03 09:41:30'),(2,1465,1518,'REGISTERED','2016-08-03 09:48:14'),(2,1247,1233,'UNREGISTERED','2016-08-03 09:59:58'),(2,1458,1233,'REGISTERED','2016-08-03 10:00:15'),(2,1461,1233,'REGISTERED','2016-08-03 10:00:25'),(2,1464,1233,'REGISTERED','2016-08-03 10:00:36'),(2,1465,1233,'REGISTERED','2016-08-03 10:00:57'),(2,1474,1233,'REGISTERED','2016-08-03 10:01:23'),(2,1465,1233,'UNREGISTERED','2016-08-03 10:02:04'),(2,1478,1233,'REGISTERED','2016-08-03 10:02:23'),(2,1245,1583,'UNREGISTERED','2016-08-03 10:04:36'),(2,1457,1588,'REGISTERED','2016-08-03 11:35:47'),(2,1245,1201,'REGISTERED','2016-08-03 11:41:45'),(2,1245,1335,'REGISTERED','2016-08-03 11:48:03'),(1,1088,1796,'UNREGISTERED','2016-08-03 11:53:48'),(1,1088,1796,'REGISTERED','2016-08-03 11:53:56'),(1,1088,1084,'CANCEL_STANDBY','2016-08-03 11:55:48'),(1,1088,1074,'CANCEL_STANDBY','2016-08-03 12:02:39'),(1,1088,1074,'STANDBY','2016-08-03 12:02:42'),(1,1087,1783,'REGISTERED','2016-08-03 12:15:15'),(2,1457,1276,'REGISTERED','2016-08-03 13:16:13'),(2,1483,1276,'REGISTERED','2016-08-03 13:16:19'),(2,1496,1276,'REGISTERED','2016-08-03 13:16:27'),(2,1246,1778,'REGISTERED','2016-08-03 13:17:47'),(2,1245,1077,'REGISTERED','2016-08-03 13:18:23'),(2,1246,1520,'REGISTERED','2016-08-03 13:19:31'),(2,1245,1583,'REGISTERED','2016-08-03 13:20:35'),(1,1087,1124,'REGISTERED','2016-08-03 14:33:40'),(2,1459,1084,'REGISTERED','2016-08-03 14:45:36'),(1,1087,1041,'UNREGISTERED','2016-08-03 15:00:59'),(2,1246,1296,'REGISTERED','2016-08-03 15:07:47'),(1,1087,1067,'UNREGISTERED','2016-08-03 15:26:21'),(2,1245,1397,'REGISTERED','2016-08-03 15:42:39'),(1,1087,1783,'UNREGISTERED','2016-08-03 16:13:27'),(1,1087,1041,'REGISTERED','2016-08-03 16:14:50'),(2,1245,1588,'REGISTERED','2016-08-03 16:31:52'),(1,1089,1074,'REGISTERED','2016-08-03 16:35:11'),(1,1087,1042,'UNREGISTERED','2016-08-03 16:35:55'),(2,1459,1117,'REGISTERED','2016-08-03 18:59:31'),(2,1472,1117,'REGISTERED','2016-08-03 18:59:41'),(2,1485,1117,'REGISTERED','2016-08-03 19:00:00'),(2,1498,1117,'REGISTERED','2016-08-03 19:00:14'),(2,1498,1117,'UNREGISTERED','2016-08-03 19:00:14'),(2,1498,1117,'REGISTERED','2016-08-03 19:00:15'),(2,1458,1778,'REGISTERED','2016-08-03 19:04:00'),(2,1458,1463,'REGISTERED','2016-08-03 19:05:03'),(2,1249,1583,'REGISTERED','2016-08-03 20:39:51'),(2,1249,1583,'UNREGISTERED','2016-08-03 20:40:17'),(2,1249,1583,'REGISTERED','2016-08-03 20:40:33'),(1,1089,1142,'REGISTERED','2016-08-03 20:56:01'),(2,1457,1443,'REGISTERED','2016-08-04 04:30:25'),(2,1483,1588,'REGISTERED','2016-08-04 07:54:08'),(1,1089,1058,'REGISTERED','2016-08-04 11:37:16'),(2,1248,1491,'REGISTERED','2016-08-04 12:00:37'),(2,1248,1332,'REGISTERED','2016-08-04 13:14:04'),(1,1383,1013,'REGISTERED','2016-08-04 14:00:26'),(1,1384,1013,'REGISTERED','2016-08-04 14:00:36'),(1,1387,1041,'REGISTERED','2016-08-04 14:00:37'),(1,1389,1041,'REGISTERED','2016-08-04 14:00:45'),(1,1385,1013,'REGISTERED','2016-08-04 14:00:45'),(1,1383,1107,'REGISTERED','2016-08-04 14:01:11'),(1,1384,1107,'REGISTERED','2016-08-04 14:01:18'),(1,1384,1107,'UNREGISTERED','2016-08-04 14:01:18'),(1,1384,1107,'REGISTERED','2016-08-04 14:01:18'),(1,1384,1107,'UNREGISTERED','2016-08-04 14:01:18'),(1,1384,1107,'REGISTERED','2016-08-04 14:01:19'),(1,1385,1107,'REGISTERED','2016-08-04 14:01:25'),(1,1385,1107,'UNREGISTERED','2016-08-04 14:01:26'),(1,1385,1107,'REGISTERED','2016-08-04 14:01:26'),(1,1385,1107,'UNREGISTERED','2016-08-04 14:01:26'),(1,1385,1107,'REGISTERED','2016-08-04 14:01:26'),(1,1387,1107,'REGISTERED','2016-08-04 14:01:33'),(1,1387,1107,'UNREGISTERED','2016-08-04 14:01:34'),(1,1387,1107,'REGISTERED','2016-08-04 14:01:34'),(1,1387,1107,'UNREGISTERED','2016-08-04 14:01:34'),(1,1387,1107,'REGISTERED','2016-08-04 14:01:34'),(1,1384,1668,'REGISTERED','2016-08-04 14:03:01'),(1,1388,1668,'REGISTERED','2016-08-04 14:03:16'),(1,1384,1087,'REGISTERED','2016-08-04 14:03:42'),(1,1387,1087,'REGISTERED','2016-08-04 14:03:50'),(1,1388,1087,'REGISTERED','2016-08-04 14:04:00'),(1,1384,1051,'REGISTERED','2016-08-04 14:05:42'),(1,1387,1051,'REGISTERED','2016-08-04 14:05:53'),(1,1389,1051,'REGISTERED','2016-08-04 14:06:01'),(1,1383,1113,'REGISTERED','2016-08-04 14:10:51'),(1,1384,1113,'REGISTERED','2016-08-04 14:11:00'),(1,1385,1113,'REGISTERED','2016-08-04 14:11:08'),(1,1382,1012,'REGISTERED','2016-08-04 14:14:59'),(1,1385,1012,'REGISTERED','2016-08-04 14:15:13'),(1,1387,1012,'REGISTERED','2016-08-04 14:15:25'),(1,1388,1012,'REGISTERED','2016-08-04 14:15:40'),(1,1384,1122,'REGISTERED','2016-08-04 14:25:29'),(1,1387,1122,'REGISTERED','2016-08-04 14:25:52'),(1,1389,1122,'REGISTERED','2016-08-04 14:26:12'),(1,1383,1786,'REGISTERED','2016-08-04 14:38:47'),(1,1387,1786,'REGISTERED','2016-08-04 14:38:57'),(1,1384,1084,'REGISTERED','2016-08-04 14:44:31'),(1,1389,1084,'REGISTERED','2016-08-04 14:44:44'),(1,1383,1126,'REGISTERED','2016-08-04 15:04:44'),(1,1385,1126,'REGISTERED','2016-08-04 15:04:53'),(1,1388,1126,'REGISTERED','2016-08-04 15:05:04'),(1,1384,1054,'REGISTERED','2016-08-04 15:10:10'),(1,1387,1054,'REGISTERED','2016-08-04 15:10:23'),(1,1389,1054,'REGISTERED','2016-08-04 15:10:34'),(1,1384,1047,'REGISTERED','2016-08-04 15:29:07'),(1,1384,1047,'UNREGISTERED','2016-08-04 15:29:07'),(1,1384,1047,'REGISTERED','2016-08-04 15:29:07'),(1,1386,1047,'REGISTERED','2016-08-04 15:29:26'),(1,1386,1047,'UNREGISTERED','2016-08-04 15:29:26'),(1,1386,1047,'REGISTERED','2016-08-04 15:29:26'),(1,1389,1047,'REGISTERED','2016-08-04 15:29:53'),(1,1389,1047,'UNREGISTERED','2016-08-04 15:29:53'),(1,1389,1047,'REGISTERED','2016-08-04 15:29:53'),(1,1089,1047,'REGISTERED','2016-08-04 15:31:27'),(1,1088,1047,'UNREGISTERED','2016-08-04 15:31:38'),(1,1088,1047,'UNREGISTERED','2016-08-04 15:31:38'),(1,1088,1074,'CANCEL_STANDBY','2016-08-04 15:35:54'),(1,1088,1074,'REGISTERED','2016-08-04 15:35:56'),(2,1247,1201,'UNREGISTERED','2016-08-04 15:36:45'),(1,1384,1129,'REGISTERED','2016-08-04 16:05:45'),(1,1388,1129,'REGISTERED','2016-08-04 16:06:18'),(1,1388,1129,'UNREGISTERED','2016-08-04 16:06:18'),(1,1388,1129,'REGISTERED','2016-08-04 16:06:18'),(1,1088,1087,'UNREGISTERED','2016-08-04 16:15:32'),(1,1088,1129,'CANCEL_STANDBY','2016-08-04 16:34:39'),(1,1088,1129,'REGISTERED','2016-08-04 16:35:00'),(1,1386,1019,'REGISTERED','2016-08-04 16:43:47'),(1,1388,1019,'REGISTERED','2016-08-04 16:44:07'),(1,1384,1022,'REGISTERED','2016-08-04 16:49:31'),(1,1386,1022,'REGISTERED','2016-08-04 16:49:45'),(1,1388,1022,'REGISTERED','2016-08-04 16:49:59'),(2,1248,1201,'REGISTERED','2016-08-04 16:53:21'),(1,1383,1031,'REGISTERED','2016-08-04 17:02:14'),(1,1385,1031,'REGISTERED','2016-08-04 17:02:30'),(1,1383,1796,'REGISTERED','2016-08-04 17:58:52'),(1,1386,1796,'REGISTERED','2016-08-04 17:59:09'),(1,1388,1796,'REGISTERED','2016-08-04 17:59:28'),(1,1388,1026,'REGISTERED','2016-08-04 17:59:42'),(2,1248,1574,'REGISTERED','2016-08-04 18:13:14'),(2,1248,1574,'UNREGISTERED','2016-08-04 18:13:14'),(2,1248,1574,'REGISTERED','2016-08-04 18:13:16'),(5,1532,1852,'REGISTERED','2016-08-04 18:42:51'),(5,1534,1852,'REGISTERED','2016-08-04 18:44:50'),(1,1384,1055,'REGISTERED','2016-08-04 18:46:48'),(1,1388,1055,'REGISTERED','2016-08-04 18:47:24'),(2,1248,1565,'UNREGISTERED','2016-08-04 18:51:10'),(5,1520,1849,'REGISTERED','2016-08-04 18:53:30'),(5,1524,1849,'REGISTERED','2016-08-04 18:53:42'),(5,1526,1849,'REGISTERED','2016-08-04 18:53:52'),(5,1532,1849,'REGISTERED','2016-08-04 18:54:13'),(5,1536,1849,'REGISTERED','2016-08-04 18:54:32'),(5,1538,1849,'REGISTERED','2016-08-04 18:54:38'),(1,1383,1016,'REGISTERED','2016-08-04 19:44:18'),(1,1385,1016,'REGISTERED','2016-08-04 19:44:28'),(5,1526,1848,'REGISTERED','2016-08-04 20:04:07'),(5,1520,1848,'REGISTERED','2016-08-04 20:06:27'),(2,1248,1782,'REGISTERED','2016-08-04 20:13:38'),(1,1382,1066,'REGISTERED','2016-08-04 20:20:32'),(1,1385,1066,'REGISTERED','2016-08-04 20:20:55'),(1,1384,1037,'REGISTERED','2016-08-04 20:58:08'),(1,1387,1037,'REGISTERED','2016-08-04 20:58:16'),(1,1388,1037,'REGISTERED','2016-08-04 20:58:23'),(1,1383,1117,'REGISTERED','2016-08-04 21:45:54'),(1,1384,1117,'REGISTERED','2016-08-04 21:46:02'),(1,1388,1117,'REGISTERED','2016-08-04 21:46:19'),(1,1383,1062,'REGISTERED','2016-08-04 22:18:59'),(1,1384,1062,'REGISTERED','2016-08-04 22:19:12'),(1,1385,1062,'REGISTERED','2016-08-04 22:19:24'),(1,1387,1062,'REGISTERED','2016-08-04 22:19:34'),(1,1389,1062,'REGISTERED','2016-08-04 22:19:48'),(1,1383,1049,'REGISTERED','2016-08-05 03:00:42'),(1,1384,1049,'REGISTERED','2016-08-05 03:00:50'),(1,1385,1049,'REGISTERED','2016-08-05 03:01:02'),(1,1388,1049,'REGISTERED','2016-08-05 03:01:14'),(1,1088,1123,'UNREGISTERED','2016-08-05 03:15:49'),(2,1457,1304,'REGISTERED','2016-08-05 04:05:10'),(2,1460,1304,'REGISTERED','2016-08-05 04:05:20'),(1,1388,1064,'REGISTERED','2016-08-05 04:49:38'),(2,1466,1300,'REGISTERED','2016-08-05 05:21:14'),(2,1479,1300,'REGISTERED','2016-08-05 05:21:22'),(2,1463,1300,'REGISTERED','2016-08-05 05:21:32'),(2,1476,1300,'REGISTERED','2016-08-05 05:21:53'),(2,1489,1300,'REGISTERED','2016-08-05 05:22:21'),(2,1492,1300,'REGISTERED','2016-08-05 05:22:30'),(2,1502,1300,'REGISTERED','2016-08-05 05:22:42'),(1,1382,1029,'REGISTERED','2016-08-05 05:32:03'),(1,1386,1029,'REGISTERED','2016-08-05 05:32:15'),(1,1388,1029,'REGISTERED','2016-08-05 05:32:28'),(1,1383,1646,'REGISTERED','2016-08-05 05:42:34'),(1,1385,1646,'REGISTERED','2016-08-05 05:42:45'),(2,1457,1301,'REGISTERED','2016-08-05 06:25:47'),(2,1460,1301,'REGISTERED','2016-08-05 06:25:59'),(2,1466,1301,'REGISTERED','2016-08-05 06:26:09'),(2,1473,1301,'REGISTERED','2016-08-05 06:26:40'),(2,1456,1210,'REGISTERED','2016-08-05 12:50:56'),(2,1459,1210,'REGISTERED','2016-08-05 12:51:10'),(1,1382,1044,'REGISTERED','2016-08-05 13:24:43'),(1,1385,1044,'REGISTERED','2016-08-05 13:25:33'),(1,1382,1649,'REGISTERED','2016-08-05 14:17:20'),(1,1383,1127,'REGISTERED','2016-08-05 14:31:31'),(1,1387,1127,'REGISTERED','2016-08-05 14:31:40'),(1,1389,1127,'REGISTERED','2016-08-05 14:31:54'),(1,1383,1131,'REGISTERED','2016-08-05 15:20:43'),(1,1387,1131,'REGISTERED','2016-08-05 15:25:48'),(1,1388,1131,'REGISTERED','2016-08-05 15:26:14'),(2,1249,1583,'UNREGISTERED','2016-08-05 15:36:25'),(1,1384,1062,'UNREGISTERED','2016-08-05 16:38:43'),(1,1385,1062,'UNREGISTERED','2016-08-05 16:39:22'),(1,1387,1062,'UNREGISTERED','2016-08-05 16:40:10'),(1,1384,1023,'REGISTERED','2016-08-05 16:47:36'),(1,1385,1023,'REGISTERED','2016-08-05 16:47:54'),(2,1457,1331,'REGISTERED','2016-08-05 17:05:39'),(2,1460,1331,'REGISTERED','2016-08-05 17:05:53'),(2,1465,1331,'REGISTERED','2016-08-05 17:06:03'),(2,1473,1331,'REGISTERED','2016-08-05 17:06:45'),(2,1458,1345,'REGISTERED','2016-08-05 20:09:48'),(2,1458,1345,'UNREGISTERED','2016-08-05 20:09:48'),(2,1458,1345,'REGISTERED','2016-08-05 20:09:48'),(2,1463,1230,'REGISTERED','2016-08-06 04:13:38'),(1,1383,1124,'REGISTERED','2016-08-06 07:18:11'),(1,1385,1124,'REGISTERED','2016-08-06 07:19:00'),(1,1382,1313,'REGISTERED','2016-08-06 12:53:19'),(1,1384,1313,'REGISTERED','2016-08-06 12:53:34'),(1,1386,1313,'REGISTERED','2016-08-06 12:54:01'),(1,1386,1313,'UNREGISTERED','2016-08-06 12:54:02'),(1,1386,1313,'REGISTERED','2016-08-06 12:54:05'),(1,1386,1313,'UNREGISTERED','2016-08-06 12:54:07'),(1,1386,1313,'REGISTERED','2016-08-06 12:54:12'),(1,1388,1313,'REGISTERED','2016-08-06 12:55:15'),(1,1388,1313,'UNREGISTERED','2016-08-06 12:55:17'),(1,1388,1313,'REGISTERED','2016-08-06 12:55:20'),(1,1382,1668,'REGISTERED','2016-08-06 13:03:15'),(2,1456,1237,'REGISTERED','2016-08-06 13:19:49'),(2,1457,1589,'REGISTERED','2016-08-06 13:57:10'),(2,1483,1589,'REGISTERED','2016-08-06 13:58:41'),(2,1457,1225,'REGISTERED','2016-08-06 14:51:44'),(2,1473,1697,'UNREGISTERED','2016-08-06 17:27:42'),(2,1483,1697,'REGISTERED','2016-08-06 17:27:53'),(2,1456,1622,'REGISTERED','2016-08-06 18:17:36'),(2,1456,1623,'REGISTERED','2016-08-06 18:18:11'),(1,1383,1049,'UNREGISTERED','2016-08-06 19:20:00'),(5,1532,1854,'REGISTERED','2016-08-06 20:57:19'),(5,1536,1854,'REGISTERED','2016-08-06 20:59:15'),(5,1536,1847,'REGISTERED','2016-08-06 21:14:18'),(5,1539,1847,'REGISTERED','2016-08-06 21:14:54'),(5,1551,1847,'REGISTERED','2016-08-06 21:15:43'),(2,1457,1263,'STANDBY','2016-08-06 22:22:15'),(2,1456,1298,'REGISTERED','2016-08-07 02:46:36'),(1,1384,1130,'REGISTERED','2016-08-07 05:29:40'),(1,1389,1130,'REGISTERED','2016-08-07 05:41:27'),(2,1459,1117,'UNREGISTERED','2016-08-07 08:34:32'),(2,1496,1589,'REGISTERED','2016-08-07 09:33:00'),(2,1460,1516,'REGISTERED','2016-08-07 09:39:12'),(1,1383,1023,'REGISTERED','2016-08-07 11:37:47'),(1,1383,1023,'UNREGISTERED','2016-08-07 11:37:47'),(1,1383,1023,'REGISTERED','2016-08-07 11:37:47'),(1,1383,1023,'UNREGISTERED','2016-08-07 11:37:48'),(1,1383,1023,'REGISTERED','2016-08-07 11:37:48'),(1,1383,1081,'REGISTERED','2016-08-07 11:48:04'),(1,1385,1081,'REGISTERED','2016-08-07 11:48:16'),(2,1456,1201,'REGISTERED','2016-08-07 12:39:52'),(1,1385,1021,'REGISTERED','2016-08-07 13:18:27'),(1,1384,1296,'STANDBY','2016-08-07 13:39:17'),(2,1460,1296,'REGISTERED','2016-08-07 13:41:46'),(2,1463,1296,'REGISTERED','2016-08-07 13:42:03'),(1,1383,1051,'REGISTERED','2016-08-07 14:22:28'),(2,1458,1463,'UNREGISTERED','2016-08-07 14:52:31'),(2,1456,1622,'UNREGISTERED','2016-08-07 14:59:46'),(2,1458,1778,'UNREGISTERED','2016-08-07 15:07:11'),(2,1461,1345,'REGISTERED','2016-08-07 15:31:49'),(1,1388,1043,'REGISTERED','2016-08-07 15:52:10'),(1,1386,1043,'REGISTERED','2016-08-07 15:52:26'),(2,1483,1730,'REGISTERED','2016-08-07 16:57:18'),(2,1489,1730,'REGISTERED','2016-08-07 16:57:32'),(2,1499,1730,'REGISTERED','2016-08-07 16:58:04'),(2,1459,1201,'REGISTERED','2016-08-07 17:32:30'),(2,1460,1235,'REGISTERED','2016-08-07 17:44:24'),(2,1466,1235,'REGISTERED','2016-08-07 17:44:50'),(2,1473,1235,'REGISTERED','2016-08-07 17:45:03'),(2,1479,1235,'REGISTERED','2016-08-07 17:46:02'),(2,1458,1308,'REGISTERED','2016-08-07 17:50:08'),(2,1483,1235,'REGISTERED','2016-08-07 18:00:16'),(2,1489,1235,'REGISTERED','2016-08-07 18:00:30'),(2,1492,1235,'REGISTERED','2016-08-07 18:00:39'),(2,1496,1235,'REGISTERED','2016-08-07 18:00:52'),(2,1502,1235,'REGISTERED','2016-08-07 18:01:03'),(2,1483,1443,'REGISTERED','2016-08-07 19:48:45'),(2,1496,1443,'REGISTERED','2016-08-07 19:49:03'),(2,1463,1434,'REGISTERED','2016-08-07 20:17:54'),(2,1460,1304,'UNREGISTERED','2016-08-07 20:20:09'),(2,1473,1304,'REGISTERED','2016-08-07 20:20:26'),(1,1387,1074,'REGISTERED','2016-08-08 03:54:19'),(1,1388,1074,'REGISTERED','2016-08-08 03:54:34'),(2,1459,1832,'REGISTERED','2016-08-08 04:47:38'),(2,1472,1832,'REGISTERED','2016-08-08 04:47:56'),(1,1384,1017,'STANDBY','2016-08-08 07:39:46'),(1,1388,1017,'STANDBY','2016-08-08 07:40:10'),(2,1461,1201,'REGISTERED','2016-08-08 08:01:03'),(1,1384,1049,'UNREGISTERED','2016-08-08 09:48:42'),(1,1384,1017,'CANCEL_STANDBY','2016-08-08 09:59:36'),(1,1384,1017,'REGISTERED','2016-08-08 09:59:38'),(5,1539,1847,'UNREGISTERED','2016-08-08 12:29:44'),(5,1536,1847,'UNREGISTERED','2016-08-08 12:30:05'),(5,1533,1847,'REGISTERED','2016-08-08 12:31:10'),(1,1384,1130,'UNREGISTERED','2016-08-08 14:31:37'),(2,1460,1301,'UNREGISTERED','2016-08-08 15:06:35'),(2,1464,1301,'REGISTERED','2016-08-08 15:06:45'),(1,1384,1047,'UNREGISTERED','2016-08-08 15:55:44'),(1,1384,1113,'UNREGISTERED','2016-08-08 15:56:46'),(1,1384,1296,'CANCEL_STANDBY','2016-08-08 16:01:25'),(1,1384,1129,'UNREGISTERED','2016-08-08 16:40:09'),(5,1535,1840,'REGISTERED','2016-08-08 19:20:53'),(5,1536,1840,'REGISTERED','2016-08-08 19:21:15'),(5,1535,1840,'UNREGISTERED','2016-08-08 19:21:45'),(5,1536,1840,'UNREGISTERED','2016-08-08 19:21:52'),(5,1531,1840,'REGISTERED','2016-08-08 19:22:05'),(5,1531,1840,'UNREGISTERED','2016-08-08 19:26:34'),(5,1533,1840,'REGISTERED','2016-08-08 19:26:44'),(2,1490,1233,'REGISTERED','2016-08-08 19:59:35'),(1,1387,1041,'UNREGISTERED','2016-08-09 03:33:48'),(6,1586,1883,'REGISTERED','2016-08-09 05:33:13'),(2,1461,1864,'REGISTERED','2016-08-09 06:01:54'),(2,1461,1863,'REGISTERED','2016-08-09 06:02:35'),(2,1496,1588,'REGISTERED','2016-08-09 07:04:10'),(2,1463,1589,'REGISTERED','2016-08-09 07:58:26'),(5,1545,1850,'REGISTERED','2016-08-09 08:02:33'),(5,1545,1851,'REGISTERED','2016-08-09 08:02:33'),(5,1548,1850,'REGISTERED','2016-08-09 08:03:28'),(5,1548,1851,'REGISTERED','2016-08-09 08:03:31'),(1,1385,1044,'UNREGISTERED','2016-08-09 08:03:51'),(5,1556,1850,'REGISTERED','2016-08-09 08:04:01'),(5,1556,1851,'REGISTERED','2016-08-09 08:04:02'),(5,1560,1851,'REGISTERED','2016-08-09 08:04:06'),(5,1560,1850,'REGISTERED','2016-08-09 08:04:17'),(5,1537,1851,'REGISTERED','2016-08-09 08:06:54'),(5,1531,1850,'REGISTERED','2016-08-09 08:06:56'),(5,1536,1850,'REGISTERED','2016-08-09 08:07:44'),(5,1533,1851,'REGISTERED','2016-08-09 08:07:59'),(5,1536,1851,'STANDBY','2016-08-09 08:18:51'),(5,1536,1851,'CANCEL_STANDBY','2016-08-09 08:19:09'),(2,1466,1240,'REGISTERED','2016-08-09 08:28:19'),(2,1473,1240,'REGISTERED','2016-08-09 08:28:41'),(2,1479,1240,'REGISTERED','2016-08-09 08:28:51'),(2,1486,1240,'REGISTERED','2016-08-09 08:29:11'),(5,1531,1842,'REGISTERED','2016-08-09 08:29:16'),(2,1492,1240,'REGISTERED','2016-08-09 08:29:18'),(2,1499,1240,'REGISTERED','2016-08-09 08:29:40'),(5,1537,1842,'REGISTERED','2016-08-09 08:30:18'),(5,1543,1842,'REGISTERED','2016-08-09 08:30:45'),(5,1547,1842,'REGISTERED','2016-08-09 08:31:55'),(5,1556,1842,'REGISTERED','2016-08-09 08:33:01'),(5,1561,1842,'REGISTERED','2016-08-09 08:33:25'),(5,1547,1842,'UNREGISTERED','2016-08-09 08:35:05'),(5,1548,1842,'REGISTERED','2016-08-09 08:35:11'),(5,1561,1842,'UNREGISTERED','2016-08-09 08:42:31'),(5,1560,1842,'REGISTERED','2016-08-09 08:42:37'),(1,1385,1013,'UNREGISTERED','2016-08-09 09:53:15'),(1,1385,1783,'REGISTERED','2016-08-09 11:22:42'),(5,1545,1842,'REGISTERED','2016-08-09 14:09:29'),(5,1543,1842,'UNREGISTERED','2016-08-09 14:09:38'),(5,1531,1853,'REGISTERED','2016-08-09 14:57:37'),(1,1385,1031,'UNREGISTERED','2016-08-09 14:59:06'),(5,1535,1853,'REGISTERED','2016-08-09 15:01:32'),(2,1459,1276,'REGISTERED','2016-08-09 15:06:30'),(1,1385,1124,'UNREGISTERED','2016-08-09 15:17:10'),(1,1385,1081,'UNREGISTERED','2016-08-09 15:25:47'),(5,1538,1848,'REGISTERED','2016-08-09 15:34:37'),(5,1536,1848,'STANDBY','2016-08-09 15:39:01'),(5,1536,1848,'CANCEL_STANDBY','2016-08-09 15:39:04'),(5,1532,1848,'STANDBY','2016-08-09 15:39:35'),(5,1538,1849,'UNREGISTERED','2016-08-09 15:40:16'),(1,1385,1113,'UNREGISTERED','2016-08-09 15:42:57'),(5,1544,1848,'REGISTERED','2016-08-09 15:47:50'),(5,1550,1848,'REGISTERED','2016-08-09 15:47:57'),(5,1556,1848,'STANDBY','2016-08-09 15:48:06'),(5,1556,1848,'CANCEL_STANDBY','2016-08-09 15:48:09'),(1,1385,1066,'UNREGISTERED','2016-08-09 15:53:16'),(5,1544,1854,'REGISTERED','2016-08-09 16:54:42'),(5,1549,1854,'REGISTERED','2016-08-09 16:55:53'),(2,1460,1588,'REGISTERED','2016-08-09 16:56:31'),(5,1557,1854,'REGISTERED','2016-08-09 16:57:02'),(5,1561,1854,'REGISTERED','2016-08-09 16:57:28'),(2,1461,1201,'UNREGISTERED','2016-08-09 17:43:58'),(5,1537,1894,'REGISTERED','2016-08-09 18:47:25'),(5,1539,1894,'REGISTERED','2016-08-09 18:47:49'),(5,1539,1839,'REGISTERED','2016-08-09 18:49:44'),(5,1537,1839,'STANDBY','2016-08-09 18:50:00'),(5,1551,1894,'REGISTERED','2016-08-09 18:51:06'),(5,1549,1839,'REGISTERED','2016-08-09 18:51:31'),(5,1549,1839,'UNREGISTERED','2016-08-09 18:51:31'),(5,1549,1839,'REGISTERED','2016-08-09 18:51:31'),(5,1549,1894,'REGISTERED','2016-08-09 18:51:52'),(5,1551,1854,'REGISTERED','2016-08-09 19:17:22'),(5,1551,1854,'UNREGISTERED','2016-08-09 19:17:26'),(5,1552,1854,'REGISTERED','2016-08-09 19:17:36'),(5,1544,1854,'UNREGISTERED','2016-08-09 19:17:51'),(5,1532,1854,'UNREGISTERED','2016-08-09 19:20:50'),(5,1531,1854,'REGISTERED','2016-08-09 19:20:59'),(1,1387,1124,'REGISTERED','2016-08-09 19:22:08'),(5,1532,1848,'CANCEL_STANDBY','2016-08-09 19:22:27'),(5,1532,1848,'REGISTERED','2016-08-09 19:22:29'),(2,1463,1697,'UNREGISTERED','2016-08-09 19:39:10'),(2,1486,1697,'REGISTERED','2016-08-09 19:39:37'),(5,1527,1894,'REGISTERED','2016-08-09 19:40:45'),(5,1538,1894,'REGISTERED','2016-08-09 19:42:33'),(5,1532,1000,'STANDBY','2016-08-09 20:29:42'),(5,1532,1000,'CANCEL_STANDBY','2016-08-09 20:29:44'),(1,1386,1796,'UNREGISTERED','2016-08-10 01:20:22'),(1,1386,1313,'UNREGISTERED','2016-08-10 04:40:09'),(5,1531,1838,'REGISTERED','2016-08-10 06:51:46'),(5,1530,1836,'REGISTERED','2016-08-10 06:52:50'),(5,1535,1838,'REGISTERED','2016-08-10 06:53:04'),(5,1534,1836,'REGISTERED','2016-08-10 06:58:41'),(5,1548,1836,'STANDBY','2016-08-10 06:59:41'),(2,1463,1296,'UNREGISTERED','2016-08-10 08:19:17'),(5,1535,1844,'REGISTERED','2016-08-10 09:32:58'),(5,1530,1844,'REGISTERED','2016-08-10 09:34:21'),(5,1530,1844,'UNREGISTERED','2016-08-10 09:34:30'),(5,1531,1844,'STANDBY','2016-08-10 09:34:42'),(2,1463,1201,'REGISTERED','2016-08-10 09:43:33'),(5,1543,1840,'REGISTERED','2016-08-10 11:19:49'),(2,1465,1204,'REGISTERED','2016-08-10 11:20:04'),(5,1552,1840,'REGISTERED','2016-08-10 11:20:16'),(1,1388,1126,'UNREGISTERED','2016-08-10 12:06:49'),(1,1388,1017,'CANCEL_STANDBY','2016-08-10 12:07:53'),(1,1388,1017,'REGISTERED','2016-08-10 12:07:56'),(1,1389,1067,'REGISTERED','2016-08-10 12:27:07'),(2,1463,1225,'REGISTERED','2016-08-10 12:57:16'),(2,1476,1730,'REGISTERED','2016-08-10 13:43:05'),(2,1463,1763,'REGISTERED','2016-08-10 13:46:02'),(1,1387,1087,'UNREGISTERED','2016-08-10 13:52:37'),(2,1464,1301,'UNREGISTERED','2016-08-10 14:09:30'),(1,1389,1296,'REGISTERED','2016-08-10 15:08:47'),(2,1465,1518,'UNREGISTERED','2016-08-10 15:10:27'),(5,1530,1844,'REGISTERED','2016-08-10 15:41:53'),(1,1387,1122,'UNREGISTERED','2016-08-10 15:42:08'),(5,1530,1901,'REGISTERED','2016-08-10 15:57:02'),(5,1535,1901,'REGISTERED','2016-08-10 15:57:26'),(2,1463,1434,'UNREGISTERED','2016-08-10 16:17:57'),(5,1531,1838,'UNREGISTERED','2016-08-10 17:01:54'),(5,1530,1838,'REGISTERED','2016-08-10 17:02:06'),(5,1531,1844,'CANCEL_STANDBY','2016-08-10 17:05:32'),(2,1472,1084,'REGISTERED','2016-08-10 17:27:33'),(5,1548,1842,'UNREGISTERED','2016-08-11 11:01:39'),(5,1548,1842,'UNREGISTERED','2016-08-11 11:01:39'),(5,1550,1842,'REGISTERED','2016-08-11 11:02:03'),(5,1550,1842,'UNREGISTERED','2016-08-11 11:02:03'),(5,1550,1842,'REGISTERED','2016-08-11 11:02:04'),(5,1550,1842,'UNREGISTERED','2016-08-11 11:02:04'),(5,1550,1842,'REGISTERED','2016-08-11 11:02:04'),(1,1388,1049,'UNREGISTERED','2016-08-11 13:19:40'),(1,1390,1796,'REGISTERED','2016-08-11 14:07:35'),(1,1390,1013,'REGISTERED','2016-08-11 14:11:28'),(1,1390,1087,'REGISTERED','2016-08-11 14:11:38'),(1,1390,1084,'REGISTERED','2016-08-11 14:11:44'),(1,1391,1013,'REGISTERED','2016-08-11 14:11:46'),(1,1393,1087,'REGISTERED','2016-08-11 14:11:58'),(1,1388,1668,'UNREGISTERED','2016-08-11 14:12:16'),(1,1395,1084,'REGISTERED','2016-08-11 14:12:18'),(1,1394,1087,'REGISTERED','2016-08-11 14:12:22'),(1,1390,1668,'REGISTERED','2016-08-11 14:12:37'),(1,1391,1087,'REGISTERED','2016-08-11 14:12:47'),(1,1390,1126,'REGISTERED','2016-08-11 14:12:50');
/*!40000 ALTER TABLE `registration` ENABLE KEYS */;
UNLOCK TABLES;
/*!40103 SET TIME_ZONE=@OLD_TIME_ZONE */;

/*!40101 SET SQL_MODE=@OLD_SQL_MODE */;
/*!40014 SET FOREIGN_KEY_CHECKS=@OLD_FOREIGN_KEY_CHECKS */;
/*!40014 SET UNIQUE_CHECKS=@OLD_UNIQUE_CHECKS */;
/*!40101 SET CHARACTER_SET_CLIENT=@OLD_CHARACTER_SET_CLIENT */;
/*!40101 SET CHARACTER_SET_RESULTS=@OLD_CHARACTER_SET_RESULTS */;
/*!40101 SET COLLATION_CONNECTION=@OLD_COLLATION_CONNECTION */;
/*!40111 SET SQL_NOTES=@OLD_SQL_NOTES */;

-- Dump completed on 2016-08-11 17:15:37
