-- MySQL dump 10.13  Distrib 5.6.26, for Win64 (x86_64)
--
-- Host: 173.194.234.205    Database: spinnerDB
-- ------------------------------------------------------
-- Server version	5.6.26

/*!40101 SET @OLD_CHARACTER_SET_CLIENT=@@CHARACTER_SET_CLIENT */;
/*!40101 SET @OLD_CHARACTER_SET_RESULTS=@@CHARACTER_SET_RESULTS */;
/*!40101 SET @OLD_COLLATION_CONNECTION=@@COLLATION_CONNECTION */;
/*!40101 SET NAMES utf8 */;
/*!40103 SET @OLD_TIME_ZONE=@@TIME_ZONE */;
/*!40103 SET TIME_ZONE='+00:00' */;
/*!40014 SET @OLD_UNIQUE_CHECKS=@@UNIQUE_CHECKS, UNIQUE_CHECKS=0 */;
/*!40014 SET @OLD_FOREIGN_KEY_CHECKS=@@FOREIGN_KEY_CHECKS, FOREIGN_KEY_CHECKS=0 */;
/*!40101 SET @OLD_SQL_MODE=@@SQL_MODE, SQL_MODE='NO_AUTO_VALUE_ON_ZERO' */;
/*!40111 SET @OLD_SQL_NOTES=@@SQL_NOTES, SQL_NOTES=0 */;

--
-- Table structure for table `class`
--

DROP TABLE IF EXISTS `class`;
/*!40101 SET @saved_cs_client     = @@character_set_client */;
/*!40101 SET character_set_client = utf8 */;
CREATE TABLE `class` (
  `classId` int(11) NOT NULL AUTO_INCREMENT,
  `className` varchar(20) NOT NULL,
  `hyperLink` varchar(255) DEFAULT NULL,
  PRIMARY KEY (`classId`)
) ENGINE=InnoDB AUTO_INCREMENT=4 DEFAULT CHARSET=utf8;
/*!40101 SET character_set_client = @saved_cs_client */;

--
-- Dumping data for table `class`
--

LOCK TABLES `class` WRITE;
/*!40000 ALTER TABLE `class` DISABLE KEYS */;
INSERT INTO `class` VALUES (1,'KY SPINNERS',NULL),(2,'TRX In & Out','http://maayangilat.wix.com/trxoutdoor#!-/cbwn'),(3,'Test Class',NULL);
/*!40000 ALTER TABLE `class` ENABLE KEYS */;
UNLOCK TABLES;

--
-- Table structure for table `events`
--

DROP TABLE IF EXISTS `events`;
/*!40101 SET @saved_cs_client     = @@character_set_client */;
/*!40101 SET character_set_client = utf8 */;
CREATE TABLE `events` (
  `eventId` int(11) NOT NULL AUTO_INCREMENT,
  `classId` int(11) NOT NULL,
  `eventName` varchar(20) NOT NULL,
  `fromDate` datetime NOT NULL,
  `toDate` datetime DEFAULT NULL,
  `openDate` datetime DEFAULT CURRENT_TIMESTAMP,
  `lockTime` int(11) DEFAULT '0',
  `maxCapacity` int(11) DEFAULT NULL,
  `instructorId` int(11) DEFAULT NULL,
  `address` varchar(255) DEFAULT NULL,
  `comments` varchar(255) DEFAULT NULL,
  `created` datetime DEFAULT CURRENT_TIMESTAMP,
  `lastUpdated` datetime DEFAULT CURRENT_TIMESTAMP ON UPDATE CURRENT_TIMESTAMP,
  `status` varchar(255) DEFAULT 'EVENT_OPEN',
  PRIMARY KEY (`eventId`,`classId`,`eventName`,`fromDate`),
  KEY `classId` (`classId`),
  KEY `instructorId` (`instructorId`),
  CONSTRAINT `events_ibfk_1` FOREIGN KEY (`classId`) REFERENCES `class` (`classId`),
  CONSTRAINT `events_ibfk_2` FOREIGN KEY (`instructorId`) REFERENCES `person` (`personId`)
) ENGINE=InnoDB AUTO_INCREMENT=544 DEFAULT CHARSET=utf8;
/*!40101 SET character_set_client = @saved_cs_client */;

--
-- Dumping data for table `events`
--

LOCK TABLES `events` WRITE;
/*!40000 ALTER TABLE `events` DISABLE KEYS */;
INSERT INTO `events` VALUES (178,2,'TRX FLOW Pilates PM','2016-03-01 17:00:00','2016-03-01 17:50:00','2016-01-20 22:00:00',0,12,1335,'','','2016-01-28 15:46:12','2016-03-01 17:31:32','EVENT_LOCKED'),(179,2,'TRX HIIT - PM','2016-03-01 18:00:00','2016-03-01 18:50:00','2016-01-20 22:00:00',0,12,1335,'סטודיו כוכב יאיר','אימון בעצימות גבוהה לשריפת שומן מוגברת','2016-01-28 15:46:12','2016-03-01 18:11:39','EVENT_LOCKED'),(180,2,'TRX FLOW - AM','2016-03-02 06:30:00','2016-03-02 07:20:00','2016-01-20 22:00:00',0,12,1201,'סטודיו כוכב יאיר','שיעור המשלב אלמנטים מעולם היוגה והפילאטיס. עבודה על חיזוק, בניית עצם והארכת שרירים','2016-01-28 15:46:12','2016-03-02 07:09:27','EVENT_LOCKED'),(182,2,'TEEN TRX - PM','2016-03-02 17:00:00','2016-03-02 17:50:00','2016-01-20 22:00:00',0,12,1333,'סטודיו כוכב יאיר','שיעור נערות לגילאי 14-18','2016-01-28 15:46:12','2016-03-02 17:00:32','EVENT_LOCKED'),(183,2,'TRX HIIT - PM','2016-03-02 18:00:00','2016-03-02 18:50:00','2016-01-20 22:00:00',0,12,1201,'סטודיו כוכב יאיר','אימון בעצימות גבוהה לשריפת שומן מוגברת','2016-01-28 15:46:12','2016-03-02 18:02:18','EVENT_LOCKED'),(184,2,'TRX HIIT - PM','2016-03-02 19:00:00','2016-03-02 19:50:00','2016-01-20 22:00:00',0,12,1201,'סטודיו כוכב יאיר','אימון בעצימות גבוהה לשריפת שומן מוגברת','2016-01-28 15:46:13','2016-03-02 19:01:22','EVENT_LOCKED'),(185,2,'TRX OUT DOOR - PM','2016-03-03 18:30:00','2016-03-03 19:20:00','2016-01-20 22:00:00',0,10,1201,'גן שעשועים כוכב יאיר','','2016-01-28 15:46:13','2016-03-03 18:32:44','EVENT_LOCKED'),(186,2,'TRH HIIT - AM','2016-03-04 06:00:00','2016-03-04 06:50:00','2016-01-20 22:00:00',0,12,1077,'סטודיו כוכב יאיר','','2016-01-28 15:46:13','2016-03-04 06:01:25','EVENT_LOCKED'),(187,2,'TRX HIIT - AM','2016-03-04 07:00:00','2016-03-04 07:50:00','2016-01-20 22:00:00',0,12,1077,'סטודיו כוכב יאיר','אימון בעצימות גבוהה לשריפת שומן מוגברת','2016-01-28 15:46:13','2016-03-04 07:09:23','EVENT_LOCKED'),(209,2,'TRX 360 - AM','2016-03-05 08:00:00','2016-03-05 08:50:00','2016-01-23 22:00:00',0,12,-1,'סטודיו כוכב יאיר','אימון תחנות פונקציונאלי - סבב מדריכים','2016-01-31 20:20:45','2016-03-05 08:08:59','EVENT_LOCKED'),(242,2,'TEEN TRX - PM','2016-03-06 16:00:00','2016-03-06 16:50:00','2016-02-14 22:00:00',600,12,1201,'סטודיו כוכב יאיר','שיעור נערות לגילאי 14-18','2016-02-22 20:51:52','2016-03-06 16:12:17','EVENT_LOCKED'),(243,2,'TRX FLOW - PM','2016-03-06 17:00:00','2016-03-06 17:50:00','2016-02-14 22:00:00',600,12,1201,'סטודיו כוכב יאיר','שיעור המשלב אלמנטים מעולם היוגה והפילאטיס. עבודה על חיזוק, בניית עצם והארכת שרירים','2016-02-22 20:51:52','2016-03-06 17:00:02','EVENT_LOCKED'),(244,2,'PURE TRX - PM','2016-03-06 18:00:00','2016-03-06 18:50:00','2016-02-14 22:00:00',600,12,1077,'סטודיו כוכב יאיר','','2016-02-22 20:51:52','2016-03-06 18:00:53','EVENT_LOCKED'),(245,2,'PURE TRX - PM','2016-03-06 19:00:00','2016-03-06 19:50:00','2016-02-14 22:00:00',600,12,1333,'סטודיו כוכב יאיר','אימון לנשים בלבד','2016-02-22 20:51:53','2016-03-06 19:00:19','EVENT_LOCKED'),(246,2,'FIT-TRX - AM','2016-03-07 06:30:00','2016-03-07 07:20:00','2016-02-14 22:00:00',600,12,1077,'סטודיו כוכב יאיר','שיעור עיצוב וחיטוב','2016-02-22 20:51:53','2016-03-07 07:28:27','EVENT_LOCKED'),(247,2,'TRX FLOW - PM','2016-03-08 17:00:00','2016-03-08 17:50:00','2016-02-14 22:00:00',600,12,1335,'סטודיו כוכב יאיר','שיעור המשלב אלמנטים מעולם היוגה והפילאטיס. עבודה על חיזוק, בניית עצם והארכת שרירים','2016-02-22 20:51:53','2016-03-08 17:18:44','EVENT_LOCKED'),(248,2,'TRX HIIT - PM','2016-03-08 18:00:00','2016-03-08 18:50:00','2016-02-14 22:00:00',600,12,1335,'סטודיו כוכב יאיר','אימון בעצימות גבוהה לשריפת שומן מוגברת','2016-02-22 20:51:53','2016-03-08 18:03:31','EVENT_LOCKED'),(249,2,'TRX FLOW - AM','2016-03-09 06:30:00','2016-03-09 07:20:00','2016-02-14 22:00:00',600,12,1201,'סטודיו כוכב יאיר','שיעור המשלב אלמנטים מעולם היוגה והפילאטיס. עבודה על חיזוק, בניית עצם והארכת שרירים','2016-02-22 20:51:53','2016-03-09 06:30:10','EVENT_LOCKED'),(250,2,'TEEN TRX - PM','2016-03-09 17:00:00','2016-03-09 17:50:00','2016-02-14 22:00:00',600,12,1333,'סטודיו כוכב יאיר','שיעור נערות לגילאי 14-18','2016-02-22 20:51:53','2016-03-09 17:07:41','EVENT_LOCKED'),(251,2,'TRX HIIT - PM','2016-03-09 18:00:00','2016-03-09 18:50:00','2016-02-14 22:00:00',600,12,1201,'סטודיו כוכב יאיר','אימון בעצימות גבוהה לשריפת שומן מוגברת','2016-02-22 20:51:53','2016-03-09 18:39:11','EVENT_LOCKED'),(252,2,'TRX HIIT - PM','2016-03-09 19:00:00','2016-03-09 19:50:00','2016-02-14 22:00:00',600,12,1201,'סטודיו כוכב יאיר','אימון בעצימות גבוהה לשריפת שומן מוגברת','2016-02-22 20:51:53','2016-03-09 19:20:50','EVENT_LOCKED'),(253,2,'TRX OUT DOOR - PM','2016-03-10 18:30:00','2016-03-10 19:20:00','2016-02-14 22:00:00',600,10,1201,'גן שעשועים כוכב יאיר','','2016-02-22 20:51:54','2016-03-10 18:34:28','EVENT_LOCKED'),(254,2,'TRH HIIT - AM','2016-03-11 06:00:00','2016-03-11 06:50:00','2016-02-14 22:00:00',600,12,1077,'סטודיו כוכב יאיר','','2016-02-22 20:51:54','2016-03-11 06:25:45','EVENT_LOCKED'),(255,2,'TRX HIIT - AM','2016-03-11 07:00:00','2016-03-11 07:50:00','2016-02-14 22:00:00',600,12,1077,'סטודיו כוכב יאיר','אימון בעצימות גבוהה לשריפת שומן מוגברת','2016-02-22 20:51:54','2016-03-11 07:04:05','EVENT_LOCKED'),(256,2,'TRX 360 - AM','2016-03-12 08:00:00','2016-03-12 08:50:00','2016-02-14 22:00:00',600,12,-1,'סטודיו כוכב יאיר','אימון תחנות פונקציונאלי - סבב מדריכים','2016-02-22 20:51:54','2016-03-12 08:09:49','EVENT_LOCKED'),(257,2,'TEEN TRX - PM','2016-03-13 16:00:00','2016-03-13 16:50:00','2016-02-14 22:00:00',600,12,1201,'סטודיו כוכב יאיר','שיעור נערות לגילאי 14-18','2016-02-22 20:52:46','2016-03-13 16:02:09','EVENT_LOCKED'),(258,2,'TRX FLOW - PM','2016-03-13 17:00:00','2016-03-13 17:50:00','2016-02-14 22:00:00',600,12,1201,'סטודיו כוכב יאיר','שיעור המשלב אלמנטים מעולם היוגה והפילאטיס. עבודה על חיזוק, בניית עצם והארכת שרירים','2016-02-22 20:52:46','2016-03-13 17:00:06','EVENT_LOCKED'),(259,2,'PURE TRX - PM','2016-03-13 18:00:00','2016-03-13 18:50:00','2016-02-14 22:00:00',600,12,1077,'סטודיו כוכב יאיר','','2016-02-22 20:52:46','2016-03-13 18:04:28','EVENT_LOCKED'),(260,2,'PURE TRX - PM','2016-03-13 19:00:00','2016-03-13 19:50:00','2016-02-14 22:00:00',600,12,1333,'סטודיו כוכב יאיר','אימון לנשים בלבד','2016-02-22 20:52:46','2016-03-13 19:00:50','EVENT_LOCKED'),(261,2,'FIT-TRX - AM','2016-03-14 06:30:00','2016-03-14 07:20:00','2016-02-14 22:00:00',600,12,1077,'סטודיו כוכב יאיר','שיעור עיצוב וחיטוב','2016-02-22 20:52:46','2016-03-14 07:13:42','EVENT_LOCKED'),(262,2,'TRX FLOW - PM','2016-03-15 17:00:00','2016-03-15 17:50:00','2016-02-14 22:00:00',600,12,1335,'סטודיו כוכב יאיר','שיעור המשלב אלמנטים מעולם היוגה והפילאטיס. עבודה על חיזוק, בניית עצם והארכת שרירים','2016-02-22 20:52:46','2016-03-15 17:03:04','EVENT_LOCKED'),(263,2,'TRX HIIT - PM','2016-03-15 18:00:00','2016-03-15 18:50:00','2016-02-14 22:00:00',600,12,1335,'סטודיו כוכב יאיר','אימון בעצימות גבוהה לשריפת שומן מוגברת','2016-02-22 20:52:46','2016-03-15 18:08:07','EVENT_LOCKED'),(264,2,'TRX FLOW - AM','2016-03-16 06:30:00','2016-03-16 07:20:00','2016-02-14 22:00:00',600,12,1201,'סטודיו כוכב יאיר','שיעור המשלב אלמנטים מעולם היוגה והפילאטיס. עבודה על חיזוק, בניית עצם והארכת שרירים','2016-02-22 20:52:47','2016-03-16 07:11:27','EVENT_LOCKED'),(265,2,'TEEN TRX - PM','2016-03-16 17:00:00','2016-03-16 17:50:00','2016-02-14 22:00:00',600,12,1333,'סטודיו כוכב יאיר','שיעור נערות לגילאי 14-18','2016-02-22 20:52:47','2016-03-16 17:10:14','EVENT_LOCKED'),(266,2,'TRX HIIT - PM','2016-03-16 18:00:00','2016-03-16 18:50:00','2016-02-14 22:00:00',600,12,1201,'סטודיו כוכב יאיר','אימון בעצימות גבוהה לשריפת שומן מוגברת','2016-02-22 20:52:47','2016-03-16 18:29:46','EVENT_LOCKED'),(267,2,'TRX HIIT - PM','2016-03-16 19:00:00','2016-03-16 19:50:00','2016-02-14 22:00:00',600,12,1201,'סטודיו כוכב יאיר','אימון בעצימות גבוהה לשריפת שומן מוגברת','2016-02-22 20:52:47','2016-03-16 19:39:03','EVENT_LOCKED'),(268,2,'TRX OUT DOOR - PM','2016-03-17 18:30:00','2016-03-17 19:20:00','2016-02-14 22:00:00',600,10,1201,'גן שעשועים כוכב יאיר','','2016-02-22 20:52:47','2016-03-17 18:30:35','EVENT_LOCKED'),(269,2,'TRH HIIT - AM','2016-03-18 06:00:00','2016-03-18 06:50:00','2016-02-14 22:00:00',600,12,1077,'סטודיו כוכב יאיר','','2016-02-22 20:52:47','2016-03-18 06:00:23','EVENT_LOCKED'),(270,2,'TRX HIIT - AM','2016-03-18 07:00:00','2016-03-18 07:50:00','2016-02-14 22:00:00',600,12,1077,'סטודיו כוכב יאיר','אימון בעצימות גבוהה לשריפת שומן מוגברת','2016-02-22 20:52:47','2016-03-18 07:01:52','EVENT_LOCKED'),(271,2,'TRX 360 - AM','2016-03-19 08:00:00','2016-03-19 08:50:00','2016-02-14 22:00:00',600,12,-1,'סטודיו כוכב יאיר','אימון תחנות פונקציונאלי - סבב מדריכים','2016-02-22 20:52:47','2016-03-19 09:36:35','EVENT_LOCKED'),(272,2,'TEEN TRX - PM','2016-03-20 16:00:00','2016-03-20 16:50:00','2016-02-14 22:00:00',600,12,1201,'סטודיו כוכב יאיר','שיעור נערות לגילאי 14-18','2016-02-22 20:53:24','2016-03-20 16:04:05','EVENT_LOCKED'),(273,2,'TRX FLOW - PM','2016-03-20 17:00:00','2016-03-20 17:50:00','2016-02-14 22:00:00',600,12,1201,'סטודיו כוכב יאיר','שיעור המשלב אלמנטים מעולם היוגה והפילאטיס. עבודה על חיזוק, בניית עצם והארכת שרירים','2016-02-22 20:53:24','2016-03-20 17:06:21','EVENT_LOCKED'),(274,2,'PURE TRX - PM','2016-03-20 18:00:00','2016-03-20 18:50:00','2016-02-14 22:00:00',600,12,1077,'סטודיו כוכב יאיר','','2016-02-22 20:53:24','2016-03-20 18:15:05','EVENT_LOCKED'),(275,2,'PURE TRX - PM','2016-03-20 19:00:00','2016-03-20 19:50:00','2016-02-14 22:00:00',600,12,1333,'סטודיו כוכב יאיר','אימון לנשים בלבד','2016-02-22 20:53:24','2016-03-20 19:00:53','EVENT_LOCKED'),(276,2,'FIT-TRX - AM','2016-03-21 06:30:00','2016-03-21 07:20:00','2016-02-14 22:00:00',600,12,1077,'סטודיו כוכב יאיר','שיעור עיצוב וחיטוב','2016-02-22 20:53:24','2016-03-21 06:30:17','EVENT_LOCKED'),(277,2,'TRX FLOW - PM','2016-03-22 17:00:00','2016-03-22 17:50:00','2016-02-14 22:00:00',600,12,1335,'סטודיו כוכב יאיר','שיעור המשלב אלמנטים מעולם היוגה והפילאטיס. עבודה על חיזוק, בניית עצם והארכת שרירים','2016-02-22 20:53:24','2016-03-22 17:10:14','EVENT_LOCKED'),(278,2,'TRX HIIT - PM','2016-03-22 18:00:00','2016-03-22 18:50:00','2016-02-14 22:00:00',600,12,1335,'סטודיו כוכב יאיר','אימון בעצימות גבוהה לשריפת שומן מוגברת','2016-02-22 20:53:24','2016-03-22 18:13:06','EVENT_LOCKED'),(279,2,'TRX FLOW - AM','2016-03-23 06:30:00','2016-03-23 07:20:00','2016-02-14 22:00:00',600,12,1201,'סטודיו כוכב יאיר','שיעור המשלב אלמנטים מעולם היוגה והפילאטיס. עבודה על חיזוק, בניית עצם והארכת שרירים','2016-02-22 20:53:24','2016-03-23 06:31:50','EVENT_LOCKED'),(280,2,'TEEN TRX - PM','2016-03-23 17:00:00','2016-03-23 17:50:00','2016-02-14 22:00:00',600,12,1333,'סטודיו כוכב יאיר','שיעור נערות לגילאי 14-18','2016-02-22 20:53:25','2016-03-23 17:08:32','EVENT_LOCKED'),(281,2,'TRX HIIT - PM','2016-03-23 18:00:00','2016-03-23 18:50:00','2016-02-14 22:00:00',600,12,1201,'סטודיו כוכב יאיר','אימון בעצימות גבוהה לשריפת שומן מוגברת','2016-02-22 20:53:25','2016-03-23 18:03:28','EVENT_LOCKED'),(282,2,'TRX HIIT - PM','2016-03-23 19:00:00','2016-03-23 19:50:00','2016-02-14 22:00:00',600,12,1201,'סטודיו כוכב יאיר','אימון בעצימות גבוהה לשריפת שומן מוגברת','2016-02-22 20:53:25','2016-03-23 19:01:24','EVENT_LOCKED'),(283,2,'TRX OUT DOOR - PM','2016-03-24 18:30:00','2016-03-24 19:20:00','2016-02-14 22:00:00',600,10,1201,'גן שעשועים כוכב יאיר','','2016-02-22 20:53:25','2016-03-24 18:58:40','EVENT_LOCKED'),(284,2,'TRH HIIT - AM','2016-03-25 05:00:00','2016-03-25 05:50:00','2016-02-14 22:00:00',600,12,1077,'סטודיו כוכב יאיר','','2016-02-22 20:53:25','2016-03-25 05:19:20','EVENT_LOCKED'),(285,2,'TRX HIIT - AM','2016-03-25 06:00:00','2016-03-25 06:50:00','2016-02-14 22:00:00',600,12,1077,'סטודיו כוכב יאיר','אימון בעצימות גבוהה לשריפת שומן מוגברת','2016-02-22 20:53:25','2016-03-25 06:04:00','EVENT_LOCKED'),(286,2,'TRX 360 - AM','2016-03-26 07:00:00','2016-03-26 07:50:00','2016-02-14 22:00:00',600,12,-1,'סטודיו כוכב יאיר','אימון תחנות פונקציונאלי - סבב מדריכים','2016-02-22 20:53:25','2016-03-26 07:45:47','EVENT_LOCKED'),(287,2,'TEEN TRX - PM','2016-03-27 15:00:00','2016-03-27 15:50:00','2016-02-14 22:00:00',600,12,1201,'סטודיו כוכב יאיר','שיעור נערות לגילאי 14-18','2016-02-22 20:53:54','2016-03-27 15:20:15','EVENT_LOCKED'),(288,2,'TRX FLOW - PM','2016-03-27 16:00:00','2016-03-27 16:50:00','2016-02-14 22:00:00',600,12,1201,'סטודיו כוכב יאיר','שיעור המשלב אלמנטים מעולם היוגה והפילאטיס. עבודה על חיזוק, בניית עצם והארכת שרירים','2016-02-22 20:53:54','2016-03-27 16:01:54','EVENT_LOCKED'),(289,2,'PURE TRX - PM','2016-03-27 17:00:00','2016-03-27 17:50:00','2016-02-14 22:00:00',600,12,1077,'סטודיו כוכב יאיר','','2016-02-22 20:53:54','2016-03-27 17:01:53','EVENT_LOCKED'),(290,2,'PURE TRX - PM','2016-03-27 18:00:00','2016-03-27 18:50:00','2016-02-14 22:00:00',600,12,1333,'סטודיו כוכב יאיר','אימון לנשים בלבד','2016-02-22 20:53:54','2016-03-27 18:02:20','EVENT_LOCKED'),(291,2,'FIT-TRX - AM','2016-03-28 05:30:00','2016-03-28 06:20:00','2016-02-14 22:00:00',600,12,1077,'סטודיו כוכב יאיר','שיעור עיצוב וחיטוב','2016-02-22 20:53:54','2016-03-28 06:31:09','EVENT_LOCKED'),(292,2,'TRX FLOW - PM','2016-03-29 16:00:00','2016-03-29 16:50:00','2016-02-14 22:00:00',600,12,1335,'סטודיו כוכב יאיר','שיעור המשלב אלמנטים מעולם היוגה והפילאטיס. עבודה על חיזוק, בניית עצם והארכת שרירים','2016-02-22 20:53:54','2016-03-29 16:17:22','EVENT_LOCKED'),(293,2,'TRX HIIT - PM','2016-03-29 17:00:00','2016-03-29 17:50:00','2016-02-14 22:00:00',600,12,1335,'סטודיו כוכב יאיר','אימון בעצימות גבוהה לשריפת שומן מוגברת','2016-02-22 20:53:54','2016-03-29 17:07:42','EVENT_LOCKED'),(294,2,'TRX FLOW - AM','2016-03-30 05:30:00','2016-03-30 06:20:00','2016-02-14 22:00:00',600,12,1201,'סטודיו כוכב יאיר','שיעור המשלב אלמנטים מעולם היוגה והפילאטיס. עבודה על חיזוק, בניית עצם והארכת שרירים','2016-02-22 20:53:54','2016-03-30 05:31:04','EVENT_LOCKED'),(295,2,'TEEN TRX - PM','2016-03-30 16:00:00','2016-03-30 16:50:00','2016-02-14 22:00:00',600,12,1333,'סטודיו כוכב יאיר','שיעור נערות לגילאי 14-18','2016-02-22 20:53:55','2016-03-30 16:00:21','EVENT_LOCKED'),(296,2,'TRX HIIT - PM','2016-03-30 17:00:00','2016-03-30 17:50:00','2016-02-14 22:00:00',600,12,1201,'סטודיו כוכב יאיר','אימון בעצימות גבוהה לשריפת שומן מוגברת','2016-02-22 20:53:55','2016-03-30 17:19:26','EVENT_LOCKED'),(297,2,'TRX HIIT - PM','2016-03-30 18:00:00','2016-03-30 18:50:00','2016-02-14 22:00:00',600,12,1201,'סטודיו כוכב יאיר','אימון בעצימות גבוהה לשריפת שומן מוגברת','2016-02-22 20:53:55','2016-03-30 18:00:49','EVENT_LOCKED'),(298,2,'TRX OUT DOOR - PM','2016-03-31 17:30:00','2016-03-31 18:20:00','2016-02-14 22:00:00',600,10,1201,'גן שעשועים כוכב יאיר','','2016-02-22 20:53:55','2016-03-31 17:37:15','EVENT_LOCKED'),(299,2,'TRH HIIT - AM','2016-04-01 05:00:00','2016-04-01 05:50:00','2016-02-14 22:00:00',600,12,1077,'סטודיו כוכב יאיר','','2016-02-22 20:53:55','2016-04-01 05:02:20','EVENT_LOCKED'),(300,2,'TRX HIIT - AM','2016-04-01 06:00:00','2016-04-01 06:50:00','2016-02-14 22:00:00',600,12,1077,'סטודיו כוכב יאיר','אימון בעצימות גבוהה לשריפת שומן מוגברת','2016-02-22 20:53:55','2016-04-01 06:00:10','EVENT_LOCKED'),(301,2,'TRX 360 - AM','2016-04-02 07:00:00','2016-04-02 07:50:00','2016-02-14 22:00:00',600,12,-1,'סטודיו כוכב יאיר','אימון תחנות פונקציונאלי - סבב מדריכים','2016-02-22 20:53:56','2016-04-02 08:59:13','EVENT_LOCKED'),(345,1,'Friday - AM1','2016-04-01 04:30:00','2016-04-01 05:30:00','2016-03-24 15:00:00',0,19,1079,'מתנס כוכב יאיר','שיעור ספינינג מתנס כוכב יאיר','2016-02-23 18:23:07','2016-04-01 04:50:43','EVENT_LOCKED'),(346,1,'Friday - AM2','2016-04-01 05:30:00','2016-04-01 06:30:00','2016-03-24 15:00:00',0,19,1079,'מתנס כוכב יאיר','שיעור ספינינג מתנס כוכב יאיר','2016-02-23 18:23:07','2016-04-01 09:54:57','EVENT_LOCKED'),(348,3,'Sunday - AM','2016-02-28 06:00:00','2016-02-28 07:00:00','2016-02-25 15:00:00',0,3,1004,'מתנס כוכב יאיר','מתנס כוכב יאיר','2016-02-27 07:28:21','2016-03-09 18:21:57','EVENT_LOCKED'),(349,3,'Sunday - PM','2016-02-28 17:15:00','2016-02-28 18:15:00','2016-02-25 15:00:00',0,3,1004,'מתנס כוכב יאיר','מתנס כוכב יאיר','2016-02-27 07:28:21','2016-03-09 18:21:57','EVENT_LOCKED'),(350,3,'Monday - PM','2016-02-29 18:00:00','2016-02-29 19:00:00','2016-02-25 15:00:00',0,3,1004,'מתנס כוכב יאיר','מתנס כוכב יאיר','2016-02-27 07:28:21','2016-03-09 18:21:57','EVENT_LOCKED'),(351,3,'Tuesday - PM','2016-03-01 17:15:00','2016-03-01 18:15:00','2016-02-25 15:00:00',0,3,1004,'מתנס כוכב יאיר','מתנס כוכב יאיר','2016-02-27 07:28:21','2016-03-09 18:21:57','EVENT_LOCKED'),(352,3,'Wednesday - AM','2016-03-02 06:15:00','2016-03-02 07:15:00','2016-02-25 15:00:00',0,3,1004,'מתנס כוכב יאיר','Open Date Test','2016-02-27 07:28:21','2016-03-09 18:21:57','EVENT_LOCKED'),(353,3,'Wednesday -PM','2016-03-02 17:15:00','2016-03-02 18:15:00','2016-02-25 15:00:00',0,3,1004,'מתנס כוכב יאיר','מתנס כוכב יאיר','2016-02-27 07:28:21','2016-03-09 18:21:57','EVENT_LOCKED'),(354,3,'Friday - AM1','2016-03-04 05:30:00','2016-03-04 06:30:00','2016-02-25 15:00:00',0,3,1004,'מתנס כוכב יאיר','מתנס כוכב יאיר','2016-02-27 07:28:21','2016-03-09 18:21:57','EVENT_LOCKED'),(355,3,'Friday - AM2','2016-03-04 06:30:00','2016-03-04 07:30:00','2016-02-25 15:00:00',0,3,1004,'מתנס כוכב יאיר','מתנס כוכב יאיר','2016-02-27 07:28:22','2016-03-09 18:21:57','EVENT_LOCKED'),(357,3,'24 March Test','2016-03-24 06:00:00','2016-03-24 07:00:00','2016-02-25 15:00:00',0,3,1004,'מתנס כוכב יאיר','מתנס כוכב יאיר','2016-03-09 18:39:23','2016-03-25 07:18:36','EVENT_LOCKED'),(358,3,'25 March Test','2016-03-25 16:15:00','2016-03-25 17:15:00','2016-02-25 15:00:00',0,3,1004,'מתנס כוכב יאיר','מתנס כוכב יאיר','2016-03-09 18:39:23','2016-03-27 17:56:10','EVENT_LOCKED'),(359,1,'Sunday - AM','2016-04-03 05:00:00','2016-04-03 06:00:00','2016-03-31 14:00:00',0,19,1076,'מתנס כוכב יאיר','שיעור ספינינג מתנס כוכב יאיר','2016-03-22 19:39:56','2016-04-03 05:01:18','EVENT_LOCKED'),(360,1,'Sunday - PM','2016-04-03 16:15:00','2016-04-03 17:15:00','2016-03-31 14:00:00',0,19,1076,'מתנס כוכב יאיר','שיעור ספינינג מתנס כוכב יאיר','2016-03-22 19:39:56','2016-04-03 18:08:39','EVENT_LOCKED'),(361,1,'Monday - PM1','2016-04-04 16:15:00','2016-04-04 17:15:00','2016-03-31 14:00:00',0,19,1078,'מתנס כוכב יאיר','שיעור ספינינג מתנס כוכב יאיר','2016-03-22 19:39:57','2016-04-04 16:41:57','EVENT_LOCKED'),(362,1,'Monday - PM2','2016-04-04 17:15:00','2016-04-04 18:15:00','2016-03-31 14:00:00',0,19,1078,'מתנס כוכב יאיר','שיעור ספינינג מתנס כוכב יאיר','2016-03-22 19:39:57','2016-04-05 05:49:28','EVENT_LOCKED'),(363,1,'Tuesday - PM','2016-04-05 16:15:00','2016-04-05 17:15:00','2016-03-31 14:00:00',0,19,1076,'מתנס כוכב יאיר','שיעור ספינינג מתנס כוכב יאיר','2016-03-22 19:39:57','2016-04-05 16:16:04','EVENT_LOCKED'),(364,1,'Wednesday - AM','2016-04-06 05:00:00','2016-04-06 06:00:00','2016-03-31 14:00:00',0,19,1077,'מתנס כוכב יאיר','שיעור ספינינג מתנס כוכב יאיר','2016-03-22 19:39:57','2016-04-06 05:36:27','EVENT_LOCKED'),(365,1,'Wednesday -PM','2016-04-06 17:00:00','2016-04-06 18:00:00','2016-03-31 14:00:00',0,19,1077,'מתנס כוכב יאיר','שיעור ספינינג מתנס כוכב יאיר','2016-03-22 19:39:57','2016-04-06 17:40:06','EVENT_LOCKED'),(366,1,'Friday - AM1','2016-04-08 04:30:00','2016-04-08 05:30:00','2016-03-31 14:00:00',0,19,1079,'מתנס כוכב יאיר','שיעור ספינינג מתנס כוכב יאיר','2016-03-22 19:39:57','2016-04-08 04:50:49','EVENT_LOCKED'),(367,1,'Friday - AM2','2016-04-08 05:30:00','2016-04-08 06:30:00','2016-03-31 14:00:00',0,19,1079,'מתנס כוכב יאיר','שיעור ספינינג מתנס כוכב יאיר','2016-03-22 19:39:57','2016-04-08 06:07:30','EVENT_LOCKED'),(368,1,'Sunday - AM','2016-04-10 05:00:00','2016-04-10 06:00:00','2016-04-07 14:00:00',0,19,1076,'מתנס כוכב יאיר','שיעור ספינינג מתנס כוכב יאיר','2016-03-22 19:39:57','2016-04-10 07:39:33','EVENT_LOCKED'),(369,1,'Sunday - PM','2016-04-10 16:15:00','2016-04-10 17:15:00','2016-04-07 14:00:00',0,19,1076,'מתנס כוכב יאיר','שיעור ספינינג מתנס כוכב יאיר','2016-03-22 19:39:57','2016-04-10 16:15:18','EVENT_LOCKED'),(370,1,'Monday - PM1','2016-04-11 17:00:00','2016-04-11 18:00:00','2016-04-07 14:00:00',0,19,1078,'מתנס כוכב יאיר','שיעור ספינינג מתנס כוכב יאיר','2016-03-22 19:39:57','2016-04-11 18:21:21','EVENT_LOCKED'),(372,1,'Tuesday - PM','2016-04-12 16:15:00','2016-04-12 17:15:00','2016-04-07 14:00:00',0,19,1076,'מתנס כוכב יאיר','שיעור ספינינג מתנס כוכב יאיר','2016-03-22 19:39:58','2016-04-12 16:15:04','EVENT_LOCKED'),(373,1,'Wednesday - AM','2016-04-13 05:00:00','2016-04-13 06:00:00','2016-04-07 14:00:00',0,19,1077,'מתנס כוכב יאיר','שיעור ספינינג מתנס כוכב יאיר','2016-03-22 19:39:58','2016-04-13 06:32:00','EVENT_LOCKED'),(375,1,'Friday - AM1','2016-04-15 04:30:00','2016-04-15 05:30:00','2016-04-07 14:00:00',0,19,1079,'מתנס כוכב יאיר','שיעור ספינינג מתנס כוכב יאיר','2016-03-22 19:39:58','2016-04-15 05:29:14','EVENT_LOCKED'),(376,1,'Friday - AM2','2016-04-15 05:30:00','2016-04-15 06:30:00','2016-04-07 14:00:00',0,19,1079,'מתנס כוכב יאיר','שיעור ספינינג מתנס כוכב יאיר','2016-03-22 19:39:58','2016-04-15 06:05:41','EVENT_LOCKED'),(377,1,'Sunday - AM','2016-04-17 05:00:00','2016-04-17 06:00:00','2016-04-14 14:00:00',0,19,1076,'מתנס כוכב יאיר','שיעור ספינינג מתנס כוכב יאיר','2016-03-22 19:39:58','2016-04-17 06:13:36','EVENT_LOCKED'),(378,1,'Sunday - PM','2016-04-17 16:15:00','2016-04-17 17:15:00','2016-04-14 14:00:00',0,19,1076,'מתנס כוכב יאיר','שיעור ספינינג מתנס כוכב יאיר','2016-03-22 19:39:58','2016-04-17 18:35:00','EVENT_LOCKED'),(379,1,'Monday - PM1','2016-04-18 17:00:00','2016-04-18 18:00:00','2016-04-14 14:00:00',0,19,1078,'מתנס כוכב יאיר','שיעור ספינינג מתנס כוכב יאיר','2016-03-22 19:39:58','2016-04-18 17:01:11','EVENT_LOCKED'),(381,1,'Tuesday - PM','2016-04-19 16:15:00','2016-04-19 17:15:00','2016-04-14 14:00:00',0,19,1076,'מתנס כוכב יאיר','שיעור ספינינג מתנס כוכב יאיר','2016-03-22 19:39:59','2016-04-19 17:01:31','EVENT_LOCKED'),(382,1,'Wednesday - AM','2016-04-20 05:00:00','2016-04-20 06:00:00','2016-04-14 14:00:00',0,19,1077,'מתנס כוכב יאיר','שיעור ספינינג מתנס כוכב יאיר','2016-03-22 19:39:59','2016-04-20 05:59:48','EVENT_LOCKED'),(383,1,'Wednesday -PM','2016-04-20 17:00:00','2016-04-20 18:00:00','2016-04-14 14:00:00',0,19,1077,'מתנס כוכב יאיר','שיעור ספינינג מתנס כוכב יאיר','2016-03-22 19:39:59','2016-04-20 18:59:59','EVENT_LOCKED'),(384,1,'Friday - AM1','2016-04-22 04:30:00','2016-04-22 05:30:00','2016-04-14 14:00:00',0,19,1079,'מתנס כוכב יאיר','שיעור ספינינג מתנס כוכב יאיר','2016-03-22 19:39:59','2016-04-22 06:26:22','EVENT_LOCKED'),(385,1,'Friday - AM2','2016-04-22 05:30:00','2016-04-22 06:30:00','2016-04-14 14:00:00',0,19,1079,'מתנס כוכב יאיר','שיעור ספינינג מתנס כוכב יאיר','2016-03-22 19:39:59','2016-04-22 06:26:22','EVENT_LOCKED'),(386,1,'Sunday - AM','2016-04-24 05:00:00','2016-04-24 06:00:00','2016-04-21 14:00:00',0,19,1076,'מתנס כוכב יאיר','שיעור ספינינג מתנס כוכב יאיר','2016-03-22 19:39:59','2016-04-21 14:00:45','EVENT_OPEN'),(387,1,'Sunday - PM','2016-04-24 16:15:00','2016-04-24 17:15:00','2016-04-21 14:00:00',0,19,1076,'מתנס כוכב יאיר','שיעור ספינינג מתנס כוכב יאיר','2016-03-22 19:39:59','2016-04-21 14:00:45','EVENT_OPEN'),(388,1,'Monday - PM1','2016-04-25 17:00:00','2016-04-25 18:00:00','2016-04-21 14:00:00',0,19,1078,'מתנס כוכב יאיר','שיעור ספינינג מתנס כוכב יאיר','2016-03-22 19:39:59','2016-04-21 14:00:46','EVENT_OPEN'),(389,1,'Tuesday - PM','2016-04-26 16:15:00','2016-04-26 17:15:00','2016-04-21 14:00:00',0,19,1076,'מתנס כוכב יאיר','שיעור ספינינג מתנס כוכב יאיר','2016-03-22 19:39:59','2016-04-21 14:00:46','EVENT_OPEN'),(391,1,'Wednesday -PM','2016-04-27 17:00:00','2016-04-27 18:00:00','2016-04-21 14:00:00',0,19,1077,'מתנס כוכב יאיר','שיעור ספינינג מתנס כוכב יאיר','2016-03-22 19:40:00','2016-04-21 14:00:46','EVENT_OPEN'),(392,1,'Sunday - AM','2016-05-01 05:00:00','2016-05-01 06:00:00','2016-04-28 14:00:00',0,19,1076,'מתנס כוכב יאיר','שיעור ספינינג מתנס כוכב יאיר','2016-03-22 19:45:56','2016-03-22 19:45:56','EVENT_LOCKED'),(393,1,'Sunday - PM','2016-05-01 16:15:00','2016-05-01 17:15:00','2016-04-28 14:00:00',0,19,1076,'מתנס כוכב יאיר','שיעור ספינינג מתנס כוכב יאיר','2016-03-22 19:45:56','2016-03-22 19:45:56','EVENT_LOCKED'),(394,1,'Monday - PM1','2016-05-02 17:00:00','2016-05-02 18:00:00','2016-04-28 14:00:00',0,19,1078,'מתנס כוכב יאיר','שיעור ספינינג מתנס כוכב יאיר','2016-03-22 19:45:57','2016-04-05 18:20:16','EVENT_LOCKED'),(396,1,'Tuesday - PM','2016-05-03 16:15:00','2016-05-03 17:15:00','2016-04-28 14:00:00',0,19,1076,'מתנס כוכב יאיר','שיעור ספינינג מתנס כוכב יאיר','2016-03-22 19:45:57','2016-03-22 19:45:57','EVENT_LOCKED'),(397,1,'Wednesday - AM','2016-05-04 05:00:00','2016-05-04 06:00:00','2016-04-28 14:00:00',0,19,1077,'מתנס כוכב יאיר','שיעור ספינינג מתנס כוכב יאיר','2016-03-22 19:45:57','2016-03-22 19:45:57','EVENT_LOCKED'),(398,1,'Friday - AM1','2016-05-06 04:30:00','2016-05-06 05:30:00','2016-04-28 14:00:00',0,19,1079,'מתנס כוכב יאיר','שיעור ספינינג מתנס כוכב יאיר','2016-03-22 19:45:57','2016-03-22 19:45:57','EVENT_LOCKED'),(399,1,'Friday - AM2','2016-05-06 05:30:00','2016-05-06 06:30:00','2016-04-28 14:00:00',0,19,1079,'מתנס כוכב יאיר','שיעור ספינינג מתנס כוכב יאיר','2016-03-22 19:45:57','2016-03-22 19:45:57','EVENT_LOCKED'),(400,1,'Sunday - AM','2016-05-08 05:00:00','2016-05-08 06:00:00','2016-05-05 14:00:00',0,19,1076,'מתנס כוכב יאיר','שיעור ספינינג מתנס כוכב יאיר','2016-03-22 19:45:57','2016-03-22 19:45:57','EVENT_LOCKED'),(401,1,'Sunday - PM','2016-05-08 16:15:00','2016-05-08 17:15:00','2016-05-05 14:00:00',0,19,1076,'מתנס כוכב יאיר','שיעור ספינינג מתנס כוכב יאיר','2016-03-22 19:45:57','2016-03-22 19:45:57','EVENT_LOCKED'),(402,1,'Monday - PM1','2016-05-09 17:00:00','2016-05-09 18:00:00','2016-05-05 14:00:00',0,19,1078,'מתנס כוכב יאיר','שיעור ספינינג מתנס כוכב יאיר','2016-03-22 19:45:57','2016-04-05 18:20:23','EVENT_LOCKED'),(404,1,'Friday - AM1','2016-05-13 04:30:00','2016-05-13 05:30:00','2016-05-05 14:00:00',0,19,1079,'מתנס כוכב יאיר','שיעור ספינינג מתנס כוכב יאיר','2016-03-22 19:45:58','2016-03-22 19:45:58','EVENT_LOCKED'),(405,1,'Friday - AM2','2016-05-13 05:30:00','2016-05-13 06:30:00','2016-05-05 14:00:00',0,19,1079,'מתנס כוכב יאיר','שיעור ספינינג מתנס כוכב יאיר','2016-03-22 19:45:58','2016-03-22 19:45:58','EVENT_LOCKED'),(406,1,'Sunday - AM','2016-05-15 05:00:00','2016-05-15 06:00:00','2016-05-12 14:00:00',0,19,1076,'מתנס כוכב יאיר','שיעור ספינינג מתנס כוכב יאיר','2016-03-22 19:45:58','2016-03-22 19:45:58','EVENT_LOCKED'),(407,1,'Sunday - PM','2016-05-15 16:15:00','2016-05-15 17:15:00','2016-05-12 14:00:00',0,19,1076,'מתנס כוכב יאיר','שיעור ספינינג מתנס כוכב יאיר','2016-03-22 19:45:58','2016-03-22 19:45:58','EVENT_LOCKED'),(408,1,'Monday - PM1','2016-05-16 17:00:00','2016-05-16 18:00:00','2016-05-12 14:00:00',0,19,1078,'מתנס כוכב יאיר','שיעור ספינינג מתנס כוכב יאיר','2016-03-22 19:45:58','2016-04-05 18:20:26','EVENT_LOCKED'),(410,1,'Tuesday - PM','2016-05-17 16:15:00','2016-05-17 17:15:00','2016-05-12 14:00:00',0,19,1076,'מתנס כוכב יאיר','שיעור ספינינג מתנס כוכב יאיר','2016-03-22 19:45:58','2016-03-22 19:45:58','EVENT_LOCKED'),(411,1,'Wednesday - AM','2016-05-18 05:00:00','2016-05-18 06:00:00','2016-05-12 14:00:00',0,19,1077,'מתנס כוכב יאיר','שיעור ספינינג מתנס כוכב יאיר','2016-03-22 19:45:58','2016-03-22 19:45:58','EVENT_LOCKED'),(412,1,'Wednesday -PM','2016-05-18 17:00:00','2016-05-18 18:00:00','2016-05-12 14:00:00',0,19,1077,'מתנס כוכב יאיר','שיעור ספינינג מתנס כוכב יאיר','2016-03-22 19:45:59','2016-03-22 19:45:59','EVENT_LOCKED'),(413,1,'Friday - AM1','2016-05-20 04:30:00','2016-05-20 05:30:00','2016-05-12 14:00:00',0,19,1079,'מתנס כוכב יאיר','שיעור ספינינג מתנס כוכב יאיר','2016-03-22 19:45:59','2016-03-22 19:45:59','EVENT_LOCKED'),(414,1,'Friday - AM2','2016-05-20 05:30:00','2016-05-20 06:30:00','2016-05-12 14:00:00',0,19,1079,'מתנס כוכב יאיר','שיעור ספינינג מתנס כוכב יאיר','2016-03-22 19:45:59','2016-03-22 19:45:59','EVENT_LOCKED'),(415,1,'Sunday - AM','2016-05-22 05:00:00','2016-05-22 06:00:00','2016-05-19 14:00:00',0,19,1076,'מתנס כוכב יאיר','שיעור ספינינג מתנס כוכב יאיר','2016-03-22 19:45:59','2016-03-22 19:45:59','EVENT_LOCKED'),(416,1,'Sunday - PM','2016-05-22 16:15:00','2016-05-22 17:15:00','2016-05-19 14:00:00',0,19,1076,'מתנס כוכב יאיר','שיעור ספינינג מתנס כוכב יאיר','2016-03-22 19:45:59','2016-03-22 19:45:59','EVENT_LOCKED'),(417,1,'Monday - PM1','2016-05-23 17:00:00','2016-05-23 18:00:00','2016-05-19 14:00:00',0,19,1078,'מתנס כוכב יאיר','שיעור ספינינג מתנס כוכב יאיר','2016-03-22 19:45:59','2016-04-05 18:20:30','EVENT_LOCKED'),(419,1,'Tuesday - PM','2016-05-24 16:15:00','2016-05-24 17:15:00','2016-05-19 14:00:00',0,19,1076,'מתנס כוכב יאיר','שיעור ספינינג מתנס כוכב יאיר','2016-03-22 19:45:59','2016-03-22 19:45:59','EVENT_LOCKED'),(420,1,'Wednesday - AM','2016-05-25 05:00:00','2016-05-25 06:00:00','2016-05-19 14:00:00',0,19,1077,'מתנס כוכב יאיר','שיעור ספינינג מתנס כוכב יאיר','2016-03-22 19:45:59','2016-03-22 19:45:59','EVENT_LOCKED'),(421,1,'Wednesday -PM','2016-05-25 17:00:00','2016-05-25 18:00:00','2016-05-19 14:00:00',0,19,1077,'מתנס כוכב יאיר','שיעור ספינינג מתנס כוכב יאיר','2016-03-22 19:46:00','2016-03-22 19:46:00','EVENT_LOCKED'),(422,1,'Friday - AM1','2016-05-27 04:30:00','2016-05-27 05:30:00','2016-05-19 14:00:00',0,19,1079,'מתנס כוכב יאיר','שיעור ספינינג מתנס כוכב יאיר','2016-03-22 19:46:00','2016-03-22 19:46:00','EVENT_LOCKED'),(423,1,'Friday - AM2','2016-05-27 05:30:00','2016-05-27 06:30:00','2016-05-19 14:00:00',0,19,1079,'מתנס כוכב יאיר','שיעור ספינינג מתנס כוכב יאיר','2016-03-22 19:46:00','2016-03-22 19:46:00','EVENT_LOCKED'),(424,2,'TEEN TRX - PM','2016-04-03 15:00:00','2016-04-03 15:50:00','2016-03-31 21:00:00',600,12,1201,'סטודיו כוכב יאיר','שיעור נערות לגילאי 14-18','2016-03-22 20:08:53','2016-04-03 15:23:22','EVENT_LOCKED'),(425,2,'TRX FLOW - PM','2016-04-03 16:00:00','2016-04-03 16:50:00','2016-03-31 21:00:00',600,12,1201,'סטודיו כוכב יאיר','שיעור המשלב אלמנטים מעולם היוגה והפילאטיס. עבודה על חיזוק, בניית עצם והארכת שרירים','2016-03-22 20:08:53','2016-04-03 16:01:46','EVENT_LOCKED'),(426,2,'PURE TRX - PM','2016-04-03 17:00:00','2016-04-03 17:50:00','2016-03-31 21:00:00',600,12,1077,'סטודיו כוכב יאיר','','2016-03-22 20:08:53','2016-04-03 17:06:45','EVENT_LOCKED'),(427,2,'PURE TRX - PM','2016-04-03 18:00:00','2016-04-03 18:50:00','2016-03-31 21:00:00',600,12,1333,'סטודיו כוכב יאיר','אימון לנשים בלבד','2016-03-22 20:08:53','2016-04-03 18:06:56','EVENT_LOCKED'),(428,2,'FIT-TRX - AM','2016-04-04 05:30:00','2016-04-04 06:20:00','2016-03-31 21:00:00',600,12,1077,'סטודיו כוכב יאיר','שיעור עיצוב וחיטוב','2016-03-22 20:08:54','2016-04-04 05:30:56','EVENT_LOCKED'),(429,2,'TRX FLOW - PM','2016-04-05 16:00:00','2016-04-05 16:50:00','2016-03-31 21:00:00',600,12,1335,'סטודיו כוכב יאיר','שיעור המשלב אלמנטים מעולם היוגה והפילאטיס. עבודה על חיזוק, בניית עצם והארכת שרירים','2016-03-22 20:08:54','2016-04-05 16:00:25','EVENT_LOCKED'),(430,2,'TRX HIIT - PM','2016-04-05 17:00:00','2016-04-05 17:50:00','2016-03-31 21:00:00',600,12,1335,'סטודיו כוכב יאיר','אימון בעצימות גבוהה לשריפת שומן מוגברת','2016-03-22 20:08:54','2016-04-05 17:32:57','EVENT_LOCKED'),(431,2,'TRX FLOW - AM','2016-04-06 05:30:00','2016-04-06 06:20:00','2016-03-31 21:00:00',600,12,1201,'סטודיו כוכב יאיר','שיעור המשלב אלמנטים מעולם היוגה והפילאטיס. עבודה על חיזוק, בניית עצם והארכת שרירים','2016-03-22 20:08:54','2016-04-06 05:33:18','EVENT_LOCKED'),(432,2,'TEEN TRX - PM','2016-04-06 16:00:00','2016-04-06 16:50:00','2016-03-31 21:00:00',600,12,1333,'סטודיו כוכב יאיר','שיעור נערות לגילאי 14-18','2016-03-22 20:08:54','2016-04-06 16:11:39','EVENT_LOCKED'),(433,2,'TRX HIIT - PM','2016-04-06 17:00:00','2016-04-06 17:50:00','2016-03-31 21:00:00',600,12,1201,'סטודיו כוכב יאיר','אימון בעצימות גבוהה לשריפת שומן מוגברת','2016-03-22 20:08:54','2016-04-06 17:00:33','EVENT_LOCKED'),(434,2,'TRX HIIT - PM','2016-04-06 18:00:00','2016-04-06 18:50:00','2016-03-31 21:00:00',600,12,1201,'סטודיו כוכב יאיר','אימון בעצימות גבוהה לשריפת שומן מוגברת','2016-03-22 20:08:54','2016-04-06 18:02:46','EVENT_LOCKED'),(436,2,'TRH HIIT - AM','2016-04-08 05:00:00','2016-04-08 05:50:00','2016-03-31 21:00:00',600,12,1077,'סטודיו כוכב יאיר','','2016-03-22 20:08:55','2016-04-08 05:47:20','EVENT_LOCKED'),(437,2,'TRX HIIT - AM','2016-04-08 06:00:00','2016-04-08 06:50:00','2016-03-31 21:00:00',600,12,1077,'סטודיו כוכב יאיר','אימון בעצימות גבוהה לשריפת שומן מוגברת','2016-03-22 20:08:55','2016-04-08 06:09:42','EVENT_LOCKED'),(438,2,'TRX 360 - AM','2016-04-09 07:00:00','2016-04-09 07:50:00','2016-03-31 21:00:00',600,12,-1,'סטודיו כוכב יאיר','אימון תחנות פונקציונאלי - סבב מדריכים','2016-03-22 20:08:55','2016-04-09 07:18:06','EVENT_LOCKED'),(439,2,'TEEN TRX - PM','2016-04-10 15:00:00','2016-04-10 15:50:00','2016-03-31 21:00:00',600,12,1201,'סטודיו כוכב יאיר','שיעור נערות לגילאי 14-18','2016-03-22 20:11:52','2016-04-10 15:01:08','EVENT_LOCKED'),(440,2,'TRX FLOW - PM','2016-04-10 16:00:00','2016-04-10 16:50:00','2016-03-31 21:00:00',600,12,1201,'סטודיו כוכב יאיר','שיעור המשלב אלמנטים מעולם היוגה והפילאטיס. עבודה על חיזוק, בניית עצם והארכת שרירים','2016-03-22 20:11:53','2016-04-10 16:02:36','EVENT_LOCKED'),(441,2,'PURE TRX - PM','2016-04-10 17:00:00','2016-04-10 17:50:00','2016-03-31 21:00:00',600,12,1077,'סטודיו כוכב יאיר','','2016-03-22 20:11:53','2016-04-10 17:08:34','EVENT_LOCKED'),(442,2,'PURE TRX - PM','2016-04-10 18:00:00','2016-04-10 18:50:00','2016-03-31 21:00:00',600,12,1333,'סטודיו כוכב יאיר','אימון לנשים בלבד','2016-03-22 20:11:53','2016-04-10 18:01:08','EVENT_LOCKED'),(443,2,'FIT-TRX - AM','2016-04-11 05:30:00','2016-04-11 06:20:00','2016-03-31 21:00:00',600,12,1077,'סטודיו כוכב יאיר','שיעור עיצוב וחיטוב','2016-03-22 20:11:53','2016-04-11 05:58:20','EVENT_LOCKED'),(444,2,'TRX FLOW - PM','2016-04-12 16:00:00','2016-04-12 16:50:00','2016-03-31 21:00:00',600,12,1335,'סטודיו כוכב יאיר','שיעור המשלב אלמנטים מעולם היוגה והפילאטיס. עבודה על חיזוק, בניית עצם והארכת שרירים','2016-03-22 20:11:53','2016-04-12 16:15:12','EVENT_LOCKED'),(445,2,'TRX HIIT - PM','2016-04-12 17:00:00','2016-04-12 17:50:00','2016-03-31 21:00:00',600,12,1335,'סטודיו כוכב יאיר','אימון בעצימות גבוהה לשריפת שומן מוגברת','2016-03-22 20:11:53','2016-04-12 17:13:20','EVENT_LOCKED'),(446,2,'TRX FLOW - AM','2016-04-13 05:30:00','2016-04-13 06:20:00','2016-03-31 21:00:00',600,12,1201,'סטודיו כוכב יאיר','שיעור המשלב אלמנטים מעולם היוגה והפילאטיס. עבודה על חיזוק, בניית עצם והארכת שרירים','2016-03-22 20:11:54','2016-04-13 06:20:33','EVENT_LOCKED'),(447,2,'TEEN TRX - PM','2016-04-13 16:00:00','2016-04-13 16:50:00','2016-03-31 21:00:00',600,12,1333,'סטודיו כוכב יאיר','שיעור נערות לגילאי 14-18','2016-03-22 20:11:54','2016-04-13 16:04:25','EVENT_LOCKED'),(448,2,'TRX HIIT - PM','2016-04-13 17:00:00','2016-04-13 17:50:00','2016-03-31 21:00:00',600,12,1201,'סטודיו כוכב יאיר','אימון בעצימות גבוהה לשריפת שומן מוגברת','2016-03-22 20:11:54','2016-04-13 17:01:51','EVENT_LOCKED'),(449,2,'TRX HIIT - PM','2016-04-13 18:00:00','2016-04-13 18:50:00','2016-03-31 21:00:00',600,12,1201,'סטודיו כוכב יאיר','אימון בעצימות גבוהה לשריפת שומן מוגברת','2016-03-22 20:11:54','2016-04-13 18:01:55','EVENT_LOCKED'),(450,2,'TRX OUT DOOR - PM','2016-04-14 17:30:00','2016-04-14 18:20:00','2016-03-31 21:00:00',600,10,1201,'גן שעשועים כוכב יאיר','','2016-03-22 20:11:54','2016-04-14 18:10:02','EVENT_LOCKED'),(451,2,'TRH HIIT - AM','2016-04-15 05:00:00','2016-04-15 05:50:00','2016-03-31 21:00:00',600,12,1077,'סטודיו כוכב יאיר','','2016-03-22 20:11:54','2016-04-15 05:01:57','EVENT_LOCKED'),(452,2,'TRX HIIT - AM','2016-04-15 06:00:00','2016-04-15 06:50:00','2016-03-31 21:00:00',600,12,1077,'סטודיו כוכב יאיר','אימון בעצימות גבוהה לשריפת שומן מוגברת','2016-03-22 20:11:54','2016-04-15 06:58:48','EVENT_LOCKED'),(453,2,'TRX 360 - AM','2016-04-16 07:00:00','2016-04-16 07:50:00','2016-03-31 21:00:00',600,12,-1,'סטודיו כוכב יאיר','אימון תחנות פונקציונאלי - סבב מדריכים','2016-03-22 20:11:54','2016-04-16 08:57:51','EVENT_LOCKED'),(454,2,'TEEN TRX - PM','2016-04-17 15:00:00','2016-04-17 15:50:00','2016-03-31 21:00:00',600,12,1201,'סטודיו כוכב יאיר','שיעור נערות לגילאי 14-18','2016-03-22 20:11:54','2016-04-17 15:01:22','EVENT_LOCKED'),(455,2,'TRX FLOW - PM','2016-04-17 16:00:00','2016-04-17 16:50:00','2016-03-31 21:00:00',600,12,1201,'סטודיו כוכב יאיר','שיעור המשלב אלמנטים מעולם היוגה והפילאטיס. עבודה על חיזוק, בניית עצם והארכת שרירים','2016-03-22 20:11:54','2016-04-17 16:01:42','EVENT_LOCKED'),(456,2,'PURE TRX - PM','2016-04-17 17:00:00','2016-04-17 17:50:00','2016-03-31 21:00:00',600,12,1077,'סטודיו כוכב יאיר','','2016-03-22 20:11:55','2016-04-17 17:19:52','EVENT_LOCKED'),(457,2,'PURE TRX - PM','2016-04-17 18:00:00','2016-04-17 18:50:00','2016-03-31 21:00:00',600,12,1333,'סטודיו כוכב יאיר','אימון לנשים בלבד','2016-03-22 20:11:55','2016-04-17 18:02:15','EVENT_LOCKED'),(458,2,'FIT-TRX - AM','2016-04-18 05:30:00','2016-04-18 06:20:00','2016-03-31 21:00:00',600,12,1077,'סטודיו כוכב יאיר','שיעור עיצוב וחיטוב','2016-03-22 20:11:55','2016-04-18 06:20:15','EVENT_LOCKED'),(459,2,'TRX FLOW - PM','2016-04-19 16:00:00','2016-04-19 16:50:00','2016-03-31 21:00:00',600,12,1335,'סטודיו כוכב יאיר','שיעור המשלב אלמנטים מעולם היוגה והפילאטיס. עבודה על חיזוק, בניית עצם והארכת שרירים','2016-03-22 20:11:55','2016-04-19 16:02:30','EVENT_LOCKED'),(460,2,'TRX HIIT - PM','2016-04-19 17:00:00','2016-04-19 17:50:00','2016-03-31 21:00:00',600,12,1335,'סטודיו כוכב יאיר','אימון בעצימות גבוהה לשריפת שומן מוגברת','2016-03-22 20:11:55','2016-04-19 17:03:11','EVENT_LOCKED'),(461,2,'TRX FLOW - AM','2016-04-20 05:30:00','2016-04-20 06:20:00','2016-03-31 21:00:00',600,12,1201,'סטודיו כוכב יאיר','שיעור המשלב אלמנטים מעולם היוגה והפילאטיס. עבודה על חיזוק, בניית עצם והארכת שרירים','2016-03-22 20:11:55','2016-04-20 05:44:43','EVENT_LOCKED'),(462,2,'TEEN TRX - PM','2016-04-20 16:00:00','2016-04-20 16:50:00','2016-03-31 21:00:00',600,12,1333,'סטודיו כוכב יאיר','שיעור נערות לגילאי 14-18','2016-03-22 20:11:55','2016-04-20 16:32:04','EVENT_LOCKED'),(463,2,'TRX HIIT - PM','2016-04-20 17:00:00','2016-04-20 17:50:00','2016-03-31 21:00:00',600,12,1201,'סטודיו כוכב יאיר','אימון בעצימות גבוהה לשריפת שומן מוגברת','2016-03-22 20:11:55','2016-04-20 17:16:30','EVENT_LOCKED'),(464,2,'TRX HIIT - PM','2016-04-20 18:00:00','2016-04-20 18:50:00','2016-03-31 21:00:00',600,12,1201,'סטודיו כוכב יאיר','אימון בעצימות גבוהה לשריפת שומן מוגברת','2016-03-22 20:11:55','2016-04-20 19:51:45','EVENT_LOCKED'),(465,2,'TRX OUT DOOR - PM','2016-04-21 17:30:00','2016-04-21 18:20:00','2016-03-31 21:00:00',600,10,1201,'גן שעשועים כוכב יאיר','','2016-03-22 20:11:55','2016-04-21 18:36:53','EVENT_LOCKED'),(466,2,'TRX HIIT - AM','2016-04-22 05:30:00','2016-04-22 06:20:00','2016-03-31 21:00:00',600,12,1077,'סטודיו כוכב יאיר','אימון בעצימות גבוהה לשריפת שומן מוגברת','2016-03-22 20:11:56','2016-04-22 05:51:05','EVENT_LOCKED'),(467,2,'TEEN TRX - PM','2016-04-24 15:00:00','2016-04-24 15:50:00','2016-03-31 21:00:00',600,12,1201,'סטודיו כוכב יאיר','שיעור נערות לגילאי 14-18','2016-03-22 20:11:56','2016-03-31 21:00:08','EVENT_OPEN'),(468,2,'TRX FLOW - PM','2016-04-24 16:00:00','2016-04-24 16:50:00','2016-03-31 21:00:00',600,12,1201,'סטודיו כוכב יאיר','שיעור המשלב אלמנטים מעולם היוגה והפילאטיס. עבודה על חיזוק, בניית עצם והארכת שרירים','2016-03-22 20:11:56','2016-03-31 21:00:08','EVENT_OPEN'),(469,2,'PURE TRX - PM','2016-04-24 17:00:00','2016-04-24 17:50:00','2016-03-31 21:00:00',600,12,1077,'סטודיו כוכב יאיר','','2016-03-22 20:11:56','2016-03-31 21:00:08','EVENT_OPEN'),(470,2,'PURE TRX - PM','2016-04-24 18:00:00','2016-04-24 18:50:00','2016-03-31 21:00:00',600,12,1333,'סטודיו כוכב יאיר','אימון לנשים בלבד','2016-03-22 20:11:56','2016-03-31 21:00:08','EVENT_OPEN'),(471,2,'FIT-TRX - AM','2016-04-25 05:30:00','2016-04-25 06:20:00','2016-03-31 21:00:00',600,12,1077,'סטודיו כוכב יאיר','שיעור עיצוב וחיטוב','2016-03-22 20:11:56','2016-03-31 21:00:08','EVENT_OPEN'),(472,2,'TRX FLOW - PM','2016-04-26 16:00:00','2016-04-26 16:50:00','2016-03-31 21:00:00',600,12,1335,'סטודיו כוכב יאיר','שיעור המשלב אלמנטים מעולם היוגה והפילאטיס. עבודה על חיזוק, בניית עצם והארכת שרירים','2016-03-22 20:11:56','2016-03-31 21:00:08','EVENT_OPEN'),(473,2,'TRX HIIT - PM','2016-04-26 17:00:00','2016-04-26 17:50:00','2016-03-31 21:00:00',600,12,1335,'סטודיו כוכב יאיר','אימון בעצימות גבוהה לשריפת שומן מוגברת','2016-03-22 20:11:56','2016-03-31 21:00:08','EVENT_OPEN'),(474,2,'TRX FLOW - AM','2016-04-27 05:30:00','2016-04-27 06:20:00','2016-03-31 21:00:00',600,12,1201,'סטודיו כוכב יאיר','שיעור המשלב אלמנטים מעולם היוגה והפילאטיס. עבודה על חיזוק, בניית עצם והארכת שרירים','2016-03-22 20:11:56','2016-03-31 21:00:08','EVENT_OPEN'),(475,2,'TEEN TRX - PM','2016-04-27 16:00:00','2016-04-27 16:50:00','2016-03-31 21:00:00',600,12,1333,'סטודיו כוכב יאיר','שיעור נערות לגילאי 14-18','2016-03-22 20:11:56','2016-03-31 21:00:08','EVENT_OPEN'),(476,2,'TRX HIIT - PM','2016-04-27 17:00:00','2016-04-27 17:50:00','2016-03-31 21:00:00',600,12,1201,'סטודיו כוכב יאיר','אימון בעצימות גבוהה לשריפת שומן מוגברת','2016-03-22 20:11:57','2016-03-31 21:00:07','EVENT_OPEN'),(477,2,'TRX HIIT - PM','2016-04-27 18:00:00','2016-04-27 18:50:00','2016-03-31 21:00:00',600,12,1201,'סטודיו כוכב יאיר','אימון בעצימות גבוהה לשריפת שומן מוגברת','2016-03-22 20:11:57','2016-03-31 21:00:07','EVENT_OPEN'),(480,1,'Thursday - PM','2016-04-14 17:00:00','2016-04-14 18:00:00','2016-04-07 14:00:00',0,19,1077,'מתנס כוכב יאיר','שיעור ספינינג מתנס כוכב יאיר','2016-04-06 17:40:07','2016-04-14 17:03:00','EVENT_LOCKED'),(481,1,'Thursday - AM','2016-04-28 05:00:00','2016-04-28 06:00:00','2016-04-21 02:00:00',0,19,1077,'מתנס כוכב יאיר','שיעור ספינינג מתנס כוכב יאיר','2016-04-06 17:40:08','2016-04-21 05:17:31','EVENT_OPEN'),(482,2,'TEEN TRX - PM','2016-05-01 15:00:00','2016-05-01 15:50:00','2016-04-23 20:00:00',600,12,1201,'סטודיו כוכב יאיר','שיעור נערות לגילאי 14-18','2016-04-22 11:42:37','2016-04-23 16:45:28','EVENT_LOCKED'),(483,2,'TRX FLOW - PM','2016-05-01 16:00:00','2016-05-01 16:50:00','2016-04-23 20:00:00',600,12,1201,'סטודיו כוכב יאיר','שיעור המשלב אלמנטים מעולם היוגה והפילאטיס. עבודה על חיזוק, בניית עצם והארכת שרירים','2016-04-22 11:42:38','2016-04-23 16:45:28','EVENT_LOCKED'),(484,2,'PURE TRX - PM','2016-05-01 17:00:00','2016-05-01 17:50:00','2016-04-23 20:00:00',600,12,1077,'סטודיו כוכב יאיר','','2016-04-22 11:42:38','2016-04-23 16:45:28','EVENT_LOCKED'),(485,2,'PURE TRX - PM','2016-05-01 18:00:00','2016-05-01 18:50:00','2016-04-23 20:00:00',600,12,1077,'סטודיו כוכב יאיר','','2016-04-22 11:42:38','2016-04-23 16:45:28','EVENT_LOCKED'),(486,2,'FIT-TRX - AM','2016-05-02 05:30:00','2016-05-02 06:20:00','2016-04-23 20:00:00',600,12,1077,'סטודיו כוכב יאיר','שיעור עיצוב וחיטוב','2016-04-22 11:42:38','2016-04-23 16:45:28','EVENT_LOCKED'),(487,2,'TRX FLOW - PM','2016-05-03 16:00:00','2016-05-03 16:50:00','2016-04-23 20:00:00',600,12,1335,'סטודיו כוכב יאיר','שיעור המשלב אלמנטים מעולם היוגה והפילאטיס. עבודה על חיזוק, בניית עצם והארכת שרירים','2016-04-22 11:42:38','2016-04-23 16:45:28','EVENT_LOCKED'),(488,2,'TRX HIIT - PM','2016-05-03 17:00:00','2016-05-03 17:50:00','2016-04-23 20:00:00',600,12,1335,'סטודיו כוכב יאיר','אימון בעצימות גבוהה לשריפת שומן מוגברת','2016-04-22 11:42:38','2016-04-23 16:45:28','EVENT_LOCKED'),(489,2,'TRX FLOW - AM','2016-05-04 05:30:00','2016-05-04 06:20:00','2016-04-23 20:00:00',600,12,1201,'סטודיו כוכב יאיר','שיעור המשלב אלמנטים מעולם היוגה והפילאטיס. עבודה על חיזוק, בניית עצם והארכת שרירים','2016-04-22 11:42:38','2016-04-23 16:45:28','EVENT_LOCKED'),(490,2,'TRX OUT DOOR - PM','2016-05-05 17:30:00','2016-05-05 18:20:00','2016-04-23 20:00:00',600,10,1201,'גן שעשועים כוכב יאיר','','2016-04-22 11:46:21','2016-04-23 16:45:28','EVENT_LOCKED'),(491,2,'TRH HIIT - AM','2016-05-06 05:00:00','2016-05-06 05:50:00','2016-04-23 20:00:00',600,12,1077,'סטודיו כוכב יאיר','','2016-04-22 11:46:21','2016-04-23 16:45:28','EVENT_LOCKED'),(492,2,'TRX HIIT - AM','2016-05-06 06:00:00','2016-05-06 06:50:00','2016-04-23 20:00:00',600,12,1077,'סטודיו כוכב יאיר','אימון בעצימות גבוהה לשריפת שומן מוגברת','2016-04-22 11:46:21','2016-04-23 16:45:28','EVENT_LOCKED'),(493,2,'TRX 360 - AM','2016-05-07 07:00:00','2016-05-07 07:50:00','2016-04-23 20:00:00',600,12,-1,'סטודיו כוכב יאיר','אימון תחנות פונקציונאלי - סבב מדריכים','2016-04-22 11:46:21','2016-04-23 16:45:28','EVENT_LOCKED'),(494,2,'TEEN TRX - PM','2016-05-08 15:00:00','2016-05-08 15:50:00','2016-04-23 20:00:00',600,12,1201,'סטודיו כוכב יאיר','שיעור נערות לגילאי 14-18','2016-04-22 11:46:22','2016-04-23 16:45:28','EVENT_LOCKED'),(495,2,'TRX FLOW - PM','2016-05-08 16:00:00','2016-05-08 16:50:00','2016-04-23 20:00:00',600,12,1201,'סטודיו כוכב יאיר','שיעור המשלב אלמנטים מעולם היוגה והפילאטיס. עבודה על חיזוק, בניית עצם והארכת שרירים','2016-04-22 11:46:22','2016-04-23 16:45:28','EVENT_LOCKED'),(496,2,'PURE TRX - PM','2016-05-08 17:00:00','2016-05-08 17:50:00','2016-04-23 20:00:00',600,12,1077,'סטודיו כוכב יאיר','','2016-04-22 11:46:22','2016-04-23 16:45:28','EVENT_LOCKED'),(497,2,'PURE TRX - PM','2016-05-08 18:00:00','2016-05-08 18:50:00','2016-04-23 20:00:00',600,12,1077,'סטודיו כוכב יאיר','','2016-04-22 11:46:22','2016-04-23 16:45:28','EVENT_LOCKED'),(498,2,'FIT-TRX - AM','2016-05-09 05:30:00','2016-05-09 06:20:00','2016-04-23 20:00:00',600,12,1077,'סטודיו כוכב יאיר','שיעור עיצוב וחיטוב','2016-04-22 11:46:22','2016-04-23 16:45:28','EVENT_LOCKED'),(499,2,'TRH HIIT - AM','2016-05-13 05:00:00','2016-05-13 05:50:00','2016-04-23 20:00:00',600,12,1077,'סטודיו כוכב יאיר','','2016-04-22 11:46:22','2016-04-23 16:45:28','EVENT_LOCKED'),(500,2,'TRX HIIT - AM','2016-05-13 06:00:00','2016-05-13 06:50:00','2016-04-23 20:00:00',600,12,1077,'סטודיו כוכב יאיר','אימון בעצימות גבוהה לשריפת שומן מוגברת','2016-04-22 11:46:22','2016-04-23 16:45:28','EVENT_LOCKED'),(501,2,'TRX 360 - AM','2016-05-14 07:00:00','2016-05-14 07:50:00','2016-04-23 20:00:00',600,12,-1,'סטודיו כוכב יאיר','אימון תחנות פונקציונאלי - סבב מדריכים','2016-04-22 11:46:22','2016-04-23 16:45:28','EVENT_LOCKED'),(502,2,'TEEN TRX - PM','2016-05-15 15:00:00','2016-05-15 15:50:00','2016-04-23 20:00:00',600,12,1201,'סטודיו כוכב יאיר','שיעור נערות לגילאי 14-18','2016-04-22 11:46:22','2016-04-23 16:45:28','EVENT_LOCKED'),(503,2,'TRX FLOW - PM','2016-05-15 16:00:00','2016-05-15 16:50:00','2016-04-23 20:00:00',600,12,1201,'סטודיו כוכב יאיר','שיעור המשלב אלמנטים מעולם היוגה והפילאטיס. עבודה על חיזוק, בניית עצם והארכת שרירים','2016-04-22 11:46:22','2016-04-23 16:45:28','EVENT_LOCKED'),(504,2,'PURE TRX - PM','2016-05-15 17:00:00','2016-05-15 17:50:00','2016-04-23 20:00:00',600,12,1077,'סטודיו כוכב יאיר','','2016-04-22 11:46:23','2016-04-23 16:45:28','EVENT_LOCKED'),(505,2,'PURE TRX - PM','2016-05-15 18:00:00','2016-05-15 18:50:00','2016-04-23 20:00:00',600,12,1077,'סטודיו כוכב יאיר','','2016-04-22 11:46:23','2016-04-23 16:45:28','EVENT_LOCKED'),(506,2,'FIT-TRX - AM','2016-05-16 05:30:00','2016-05-16 06:20:00','2016-04-23 20:00:00',600,12,1077,'סטודיו כוכב יאיר','שיעור עיצוב וחיטוב','2016-04-22 11:46:23','2016-04-23 16:45:28','EVENT_LOCKED'),(507,2,'TRX FLOW - PM','2016-05-17 16:00:00','2016-05-17 16:50:00','2016-04-23 20:00:00',600,12,1335,'סטודיו כוכב יאיר','שיעור המשלב אלמנטים מעולם היוגה והפילאטיס. עבודה על חיזוק, בניית עצם והארכת שרירים','2016-04-22 11:46:23','2016-04-23 16:45:28','EVENT_LOCKED'),(508,2,'TRX HIIT - PM','2016-05-17 17:00:00','2016-05-17 17:50:00','2016-04-23 20:00:00',600,12,1335,'סטודיו כוכב יאיר','אימון בעצימות גבוהה לשריפת שומן מוגברת','2016-04-22 11:46:23','2016-04-23 16:45:28','EVENT_LOCKED'),(509,2,'TRX FLOW - AM','2016-05-18 05:30:00','2016-05-18 06:20:00','2016-04-23 20:00:00',600,12,1201,'סטודיו כוכב יאיר','שיעור המשלב אלמנטים מעולם היוגה והפילאטיס. עבודה על חיזוק, בניית עצם והארכת שרירים','2016-04-22 11:46:23','2016-04-23 16:45:28','EVENT_LOCKED'),(510,2,'TRX HIIT - PM','2016-05-18 16:30:00','2016-05-18 17:20:00','2016-04-23 20:00:00',600,12,1201,'סטודיו כוכב יאיר','אימון בעצימות גבוהה לשריפת שומן מוגברת','2016-04-22 11:46:23','2016-04-23 16:45:28','EVENT_LOCKED'),(511,2,'TRX HIIT - PM','2016-05-18 17:30:00','2016-05-18 18:20:00','2016-04-23 20:00:00',600,12,1201,'סטודיו כוכב יאיר','אימון בעצימות גבוהה לשריפת שומן מוגברת','2016-04-22 11:46:23','2016-04-23 16:45:28','EVENT_LOCKED'),(512,2,'TRX OUT DOOR - PM','2016-05-19 17:30:00','2016-05-19 18:20:00','2016-04-23 20:00:00',600,10,1201,'גן שעשועים כוכב יאיר','','2016-04-22 11:46:23','2016-04-23 16:45:28','EVENT_LOCKED'),(513,2,'TRH HIIT - AM','2016-05-20 05:00:00','2016-05-20 05:50:00','2016-04-23 20:00:00',600,12,1077,'סטודיו כוכב יאיר','','2016-04-22 11:46:24','2016-04-23 16:45:28','EVENT_LOCKED'),(514,2,'TRX HIIT - AM','2016-05-20 06:00:00','2016-05-20 06:50:00','2016-04-23 20:00:00',600,12,1077,'סטודיו כוכב יאיר','אימון בעצימות גבוהה לשריפת שומן מוגברת','2016-04-22 11:46:24','2016-04-23 16:45:28','EVENT_LOCKED'),(515,2,'TRX 360 - AM','2016-05-21 07:00:00','2016-05-21 07:50:00','2016-04-23 20:00:00',600,12,-1,'סטודיו כוכב יאיר','אימון תחנות פונקציונאלי - סבב מדריכים','2016-04-22 11:46:24','2016-04-23 16:45:28','EVENT_LOCKED'),(516,2,'TEEN TRX - PM','2016-05-22 15:00:00','2016-05-22 15:50:00','2016-04-23 20:00:00',600,12,1201,'סטודיו כוכב יאיר','שיעור נערות לגילאי 14-18','2016-04-22 11:46:24','2016-04-23 16:45:28','EVENT_LOCKED'),(517,2,'TRX FLOW - PM','2016-05-22 16:00:00','2016-05-22 16:50:00','2016-04-23 20:00:00',600,12,1201,'סטודיו כוכב יאיר','שיעור המשלב אלמנטים מעולם היוגה והפילאטיס. עבודה על חיזוק, בניית עצם והארכת שרירים','2016-04-22 11:46:24','2016-04-23 16:45:28','EVENT_LOCKED'),(518,2,'PURE TRX - PM','2016-05-22 17:00:00','2016-05-22 17:50:00','2016-04-23 20:00:00',600,12,1077,'סטודיו כוכב יאיר','','2016-04-22 11:46:24','2016-04-23 16:45:28','EVENT_LOCKED'),(519,2,'PURE TRX - PM','2016-05-22 18:00:00','2016-05-22 18:50:00','2016-04-23 20:00:00',600,12,1077,'סטודיו כוכב יאיר','','2016-04-22 11:46:24','2016-04-23 16:45:28','EVENT_LOCKED'),(520,2,'FIT-TRX - AM','2016-05-23 05:30:00','2016-05-23 06:20:00','2016-04-23 20:00:00',600,12,1077,'סטודיו כוכב יאיר','שיעור עיצוב וחיטוב','2016-04-22 11:46:24','2016-04-23 16:45:28','EVENT_LOCKED'),(521,2,'TRX FLOW - PM','2016-05-24 16:00:00','2016-05-24 16:50:00','2016-04-23 20:00:00',600,12,1335,'סטודיו כוכב יאיר','שיעור המשלב אלמנטים מעולם היוגה והפילאטיס. עבודה על חיזוק, בניית עצם והארכת שרירים','2016-04-22 11:46:24','2016-04-23 16:45:28','EVENT_LOCKED'),(522,2,'TRX HIIT - PM','2016-05-24 17:00:00','2016-05-24 17:50:00','2016-04-23 20:00:00',600,12,1335,'סטודיו כוכב יאיר','אימון בעצימות גבוהה לשריפת שומן מוגברת','2016-04-22 11:46:25','2016-04-23 16:45:28','EVENT_LOCKED'),(523,2,'TRX FLOW - AM','2016-05-25 05:30:00','2016-05-25 06:20:00','2016-04-23 20:00:00',600,12,1201,'סטודיו כוכב יאיר','שיעור המשלב אלמנטים מעולם היוגה והפילאטיס. עבודה על חיזוק, בניית עצם והארכת שרירים','2016-04-22 11:46:25','2016-04-23 16:45:28','EVENT_LOCKED'),(524,2,'TRX HIIT - PM','2016-05-25 16:30:00','2016-05-25 17:20:00','2016-04-23 20:00:00',600,12,1201,'סטודיו כוכב יאיר','אימון בעצימות גבוהה לשריפת שומן מוגברת','2016-04-22 11:46:25','2016-04-23 16:45:28','EVENT_LOCKED'),(525,2,'TRX HIIT - PM','2016-05-25 17:30:00','2016-05-25 18:20:00','2016-04-23 20:00:00',600,12,1201,'סטודיו כוכב יאיר','אימון בעצימות גבוהה לשריפת שומן מוגברת','2016-04-22 11:46:25','2016-04-23 16:45:28','EVENT_LOCKED'),(526,2,'TRX OUT DOOR - PM','2016-05-26 17:30:00','2016-05-26 18:20:00','2016-04-23 20:00:00',600,10,1201,'גן שעשועים כוכב יאיר','','2016-04-22 11:46:25','2016-04-23 16:45:28','EVENT_LOCKED'),(527,2,'TRH HIIT - AM','2016-05-27 05:00:00','2016-05-27 05:50:00','2016-04-23 20:00:00',600,12,1077,'סטודיו כוכב יאיר','','2016-04-22 11:46:25','2016-04-23 16:45:28','EVENT_LOCKED'),(528,2,'TRX HIIT - AM','2016-05-27 06:00:00','2016-05-27 06:50:00','2016-04-23 20:00:00',600,12,1077,'סטודיו כוכב יאיר','אימון בעצימות גבוהה לשריפת שומן מוגברת','2016-04-22 11:46:25','2016-04-23 16:45:28','EVENT_LOCKED'),(529,2,'TRX 360 - AM','2016-05-28 07:00:00','2016-05-28 07:50:00','2016-04-23 20:00:00',600,12,-1,'סטודיו כוכב יאיר','אימון תחנות פונקציונאלי - סבב מדריכים','2016-04-22 11:46:25','2016-04-23 16:45:28','EVENT_LOCKED'),(530,2,'TEEN TRX - PM','2016-05-29 15:00:00','2016-05-29 15:50:00','2016-04-23 20:00:00',600,12,1201,'סטודיו כוכב יאיר','שיעור נערות לגילאי 14-18','2016-04-22 11:46:25','2016-04-23 16:45:28','EVENT_LOCKED'),(531,2,'TRX FLOW - PM','2016-05-29 16:00:00','2016-05-29 16:50:00','2016-04-23 20:00:00',600,12,1201,'סטודיו כוכב יאיר','שיעור המשלב אלמנטים מעולם היוגה והפילאטיס. עבודה על חיזוק, בניית עצם והארכת שרירים','2016-04-22 11:46:26','2016-04-23 16:45:28','EVENT_LOCKED'),(532,2,'PURE TRX - PM','2016-05-29 17:00:00','2016-05-29 17:50:00','2016-04-23 20:00:00',600,12,1077,'סטודיו כוכב יאיר','','2016-04-22 11:46:26','2016-04-23 16:45:28','EVENT_LOCKED'),(533,2,'PURE TRX - PM','2016-05-29 18:00:00','2016-05-29 18:50:00','2016-04-23 20:00:00',600,12,1077,'סטודיו כוכב יאיר','','2016-04-22 11:46:26','2016-04-23 16:45:28','EVENT_LOCKED'),(534,2,'FIT-TRX - AM','2016-05-30 05:30:00','2016-05-30 06:20:00','2016-04-23 20:00:00',600,12,1077,'סטודיו כוכב יאיר','שיעור עיצוב וחיטוב','2016-04-22 11:46:26','2016-04-23 16:45:28','EVENT_LOCKED'),(535,2,'TRX FLOW - PM','2016-05-31 16:00:00','2016-05-31 16:50:00','2016-04-23 20:00:00',600,12,1335,'סטודיו כוכב יאיר','שיעור המשלב אלמנטים מעולם היוגה והפילאטיס. עבודה על חיזוק, בניית עצם והארכת שרירים','2016-04-22 11:46:26','2016-04-23 16:45:28','EVENT_LOCKED'),(536,2,'TRX HIIT - PM','2016-05-31 17:00:00','2016-05-31 17:50:00','2016-04-23 20:00:00',600,12,1335,'סטודיו כוכב יאיר','אימון בעצימות גבוהה לשריפת שומן מוגברת','2016-04-22 11:46:26','2016-04-23 16:45:28','EVENT_LOCKED'),(537,2,'TRX FLOW - AM','2016-06-01 05:30:00','2016-06-01 06:20:00','2016-04-23 20:00:00',600,12,1201,'סטודיו כוכב יאיר','שיעור המשלב אלמנטים מעולם היוגה והפילאטיס. עבודה על חיזוק, בניית עצם והארכת שרירים','2016-04-22 11:46:26','2016-04-23 16:45:28','EVENT_LOCKED'),(538,2,'TRX HIIT - PM','2016-06-01 16:30:00','2016-06-01 17:20:00','2016-04-23 20:00:00',600,12,1201,'סטודיו כוכב יאיר','אימון בעצימות גבוהה לשריפת שומן מוגברת','2016-04-22 11:46:26','2016-04-23 16:45:28','EVENT_LOCKED'),(539,2,'TRX HIIT - PM','2016-06-01 17:30:00','2016-06-01 18:20:00','2016-04-23 20:00:00',600,12,1201,'סטודיו כוכב יאיר','אימון בעצימות גבוהה לשריפת שומן מוגברת','2016-04-22 11:46:26','2016-04-23 16:45:28','EVENT_LOCKED'),(540,2,'TRX OUT DOOR - PM','2016-06-02 17:30:00','2016-06-02 18:20:00','2016-04-23 20:00:00',600,10,1201,'גן שעשועים כוכב יאיר','','2016-04-22 11:46:27','2016-04-23 16:45:28','EVENT_LOCKED'),(541,2,'TRH HIIT - AM','2016-06-03 05:00:00','2016-06-03 05:50:00','2016-04-23 20:00:00',600,12,1077,'סטודיו כוכב יאיר','','2016-04-22 11:46:27','2016-04-23 16:45:28','EVENT_LOCKED'),(542,2,'TRX HIIT - AM','2016-06-03 06:00:00','2016-06-03 06:50:00','2016-04-23 20:00:00',600,12,1077,'סטודיו כוכב יאיר','אימון בעצימות גבוהה לשריפת שומן מוגברת','2016-04-22 11:46:27','2016-04-23 16:45:28','EVENT_LOCKED'),(543,2,'TRX 360 - AM','2016-06-04 07:00:00','2016-06-04 07:50:00','2016-04-23 20:00:00',600,12,-1,'סטודיו כוכב יאיר','אימון תחנות פונקציונאלי - סבב מדריכים','2016-04-22 11:46:27','2016-04-23 16:45:28','EVENT_LOCKED');
/*!40000 ALTER TABLE `events` ENABLE KEYS */;
UNLOCK TABLES;

--
-- Table structure for table `person`
--

DROP TABLE IF EXISTS `person`;
/*!40101 SET @saved_cs_client     = @@character_set_client */;
/*!40101 SET character_set_client = utf8 */;
CREATE TABLE `person` (
  `personId` int(11) NOT NULL AUTO_INCREMENT,
  `phoneNumber` varchar(255) NOT NULL,
  `firstName` varchar(255) NOT NULL,
  `lastName` varchar(255) DEFAULT NULL,
  `address` varchar(255) DEFAULT NULL,
  `email` varchar(255) DEFAULT NULL,
  `birthDate` date DEFAULT NULL,
  PRIMARY KEY (`personId`,`phoneNumber`,`firstName`)
) ENGINE=InnoDB AUTO_INCREMENT=1645 DEFAULT CHARSET=utf8;
/*!40101 SET character_set_client = @saved_cs_client */;

--
-- Dumping data for table `person`
--

LOCK TABLES `person` WRITE;
/*!40000 ALTER TABLE `person` DISABLE KEYS */;
INSERT INTO `person` VALUES (-1,'NA','NA','NA','NA','NA',NULL),(1000,'(972)0507730705','Roi','Dayan ','KY Hanegev 10','roid@amdocs.com',NULL),(1001,'(972)0507730702','Yam','Dayan','KY Hanegev 10','yam@gmail.com',NULL),(1002,'(972)0507730705','Nave','Dayan','KY Hanegev 10','Nave@gmail.com','2007-12-19'),(1003,'(972)0507730705','Beeri','Dayan','KY Hanegev 10','Beeri@gmail.com','2006-01-22'),(1004,'(972)0547439943','Lauris','','KY Dan 36','ree@netvision.net.il',NULL),(1005,'(972)0549996851','Idan','Korin','Haifa','idan.korin@elbitsystems.com','1971-10-10'),(1006,'(972)0529571776','Zohar','Lis','Tzur Yigal','ZLiss@tmlw.co.il','1973-05-09'),(1007,'(972)0549314729','Edut','Korin','Haifa','edutkorin@gmail.com','1971-03-06'),(1008,'(972)0549985508','Ehud','Dayan','Dekel 58','ehudayan@gmail.com','1940-01-02'),(1009,'(972)0549985509','Yochi','Dayan','Dekel 58','dayanyochi@gmail.com','1945-11-27'),(1010,'(972)0525707388','Ali','Dayan','Modin','alidin@gmail.com','1980-01-01'),(1011,'(972)123456789','Test',NULL,NULL,NULL,NULL),(1012,'(972)0507214401','איריס','דיויס','כוכב יאיר דרגות  18','','1953-03-09'),(1013,'(972)0523414451','שרה','ויסמן','כוכב יאיר היסמין  13','',NULL),(1014,'(972)0502279333','סיגל','אפטרוט','שער אפרים שער אפרים 176','',NULL),(1016,'(972)0505572288','אלחנן','אשר','צור יגאל חרוב  11','','1961-02-01'),(1017,'(972)0508557650','לינדה','בן- יעקב','כוכב יאיר גלבוע 36 כוכב יאיר','ben1122@netvision.net.il','1960-07-07'),(1019,'(972)0507440241','שושנה','גרינוולד','כוכב יאיר רח\' בית-אל 33','drsgrinwald@gmail.com','1949-06-12'),(1021,'(972)0506220132','לאורה','צלופוביץ','צור יגאל אבני חן 29','laurachalu@gmail.com',NULL),(1022,'(972)0506008201','דליה','שושן','כוכב יאיר 34גלבוע','d.orenshoshan@gmail.com','1963-01-11'),(1023,'(972)0507403341','חלי','שושני','צור יגאל סנונית 21','helli1sh@walla.com',NULL),(1026,'(972)0544330357','דוד','מייל','כוכב יאיר עמק דותן 16 צור יגאל','david.mail37@gmail.com','1966-12-07'),(1028,'(972)0508881011','שרון','פנר','צור יגאל עמק האלה 9','Sharons104@gmail.com','1969-11-07'),(1029,'(972)0522318569','אסתר','ביר','כוכב יאיר הגלעד  7/459','etibier@yahoo.com','1955-03-06'),(1031,'(972)0528444800','נח','גרינוולד','כוכב יאיר בית-אל 33','grinwald@netvision.net.il','1949-01-05'),(1034,'(972)0523572551','מירית','להב','צור יגאל כרמל 38','itaylahav@bezeqint.net','1966-10-04'),(1036,'(972)0526662061','עדי','גוריה','כוכב יאיר דרגות  10','Rachel@spaceit.co.il','2001-03-03'),(1037,'(972)0527907697','סיגלית','נוימן','כוכב יאיר גריזים  15/1046','sagalit@hotmail.com','1965-04-02'),(1040,'(972)0524496238','ויויאנה','קושניר','צור יגאל  16 כרמל','vivi.kushnir@gmail.com',NULL),(1041,'(972)0523294574','שרון','ראובני','כוכב יאיר המישר 3','sharon@2sher.co.il','1972-06-09'),(1042,'(972)0526002745','שמוליק','רוטשס','כוכב יאיר הכרכום 11','rotshas1@gmail.com','1970-03-09'),(1043,'(972)0522548715','אורלי','רומן','כוכב יאיר ','','1956-01-01'),(1044,'(972)0528734590','נורית','שלח','כוכב יאיר רח בית אל 99','shelahnu@netvision.net.il','1952-01-02'),(1047,'(972)0523893513','גילה','קדיש','כוכב יאיר אגוז 64','gilakadish@issta.co.il','1963-02-08'),(1049,'(972)0528880308','עדי','בלנרו פלג','שער אפרים שנהב 172','yaron_b1@zahav.net.il','1973-12-07'),(1051,'(972)0544791353','רקפת','אופק אלמוג','כוכב יאיר ת.ד. 1240','ofek.almog@gmail.com','1972-08-08'),(1052,'(972)0527204176','הדר','בן-ששון','צור יגאל אודם','hadar.pretty@gmail.com',NULL),(1054,'(972)0548081882','שמואל','בצלאל','כוכב יאיר הלוטם 14','shmilb@012.net.il','1953-05-07'),(1055,'(972)0544346044','יהודית','ברוקס','כוכב יאיר דן 52','judibrooks1@gmail.com',NULL),(1057,'(972)0544860418','איריס','דהן','כוכב יאיר ברק 5','iris-d11@bezeqint.net',NULL),(1058,'(972)0543090611','רביטל','דואק','כוכב יאיר ברעם 3','duekry@gmail.com','1970-09-09'),(1062,'(972)0542282217','יהושע','וינטר','כוכב יאיר דקלה 8','winterjota@yahoo.com','2058-07-06'),(1064,'(972)0544411343','אורנה','לב','כוכב יאיר בארי28 אורנה לב','Ornlev@gmail.com','1954-06-06'),(1066,'(972)0544827176','פולאה','מרקו','כוכב יאיר דן 44, ת.ד.1352','polea.marcu@gmail.com','1954-06-05'),(1067,'(972)0549222161','עידו','סלע','צור יגאל ברקת 8','edo.sela@gmail.com',NULL),(1068,'(972)0547755852','אילן','פלג','צור יגאל ארבל 36','doritpe@gmail.com',NULL),(1071,'(972)0542303730','שמעון','זיסין','כוכב יאיר דור  2/678','zshimon2@walla.com','1954-08-07'),(1072,'(972)0506303546','רוזנה','סירולניק','כוכב יאיר שוהם 21','rosanacir@gmail.com',NULL),(1074,'(972)0526025335','רן','צור','סלעית מושב סלעית','ranyzur74@gmail.com',NULL),(1075,'(972)0545514740','תמר','קרן','כוכב יאיר creth 2','',NULL),(1076,'(972)0547439943','לוריס','מנדלוביץ','כוכב יאיר דן 36','','1961-08-04'),(1077,'(972)0547577993','רויטל','משה-אדלמן','צור נתן','','1979-11-07'),(1078,'(972)0524283247','חני','נאמן','צופית','','1969-10-10'),(1079,'(972)1234567890','שחר','','','',NULL),(1080,'(972)0525092434','מיקי','אייזנר','','',NULL),(1081,'(972)0523359454','רונן','אהרפי','','',NULL),(1082,'(972)0545805880','רנים','מנסור','','',NULL),(1083,'(972)0525112048','נורית','פדר','','',NULL),(1084,'(972)0544562040','איילת','בצלאל','כוכב יאיר הלוטם 13','',NULL),(1085,'(972)0507730705','Rio','','','',NULL),(1086,'(972)0523893513','Gila','kadish','','gilakadish@issta.co.il',NULL),(1087,'(972)0506215705','חיים','שקד','','haim70576@gmail.com',NULL),(1092,'(972)0506216705','Hain','','','',NULL),(1093,'(972)0506225705','חיים','','','',NULL),(1096,'(972)0506215705','חייםשקד','','','',NULL),(1097,'(972)0506215705','Haim','','','',NULL),(1098,'(972)0506215705','Haimshaked','','','',NULL),(1099,'(972)0506215705','שקד','','','',NULL),(1100,'(972)0506215705','Shaked','','','',NULL),(1101,'(972)0545241717','Rafi','Koby','','rafi@bina-design.co.il',NULL),(1102,'(972)0528880308','adi','pelleg','','adipelleg@gmail.com',NULL),(1105,'(972)0535805880','Raneem','Mansor','','Likaa10@walla.com',NULL),(1107,'(972)0545241717','רפי','קובי','','rafi@bina-design.co.il',NULL),(1108,'(972)0545241717','rafikoby','','','rafi@bina-desin.co.il',NULL),(1109,'(972)0545241717','רפיקובי','','','',NULL),(1112,'(972)0606215705','Haim','','','',NULL),(1113,'(972)0526084000','אלעד','אשר','','elad.asher@gmail.com',NULL),(1114,'(972)0545241717','Rafikobi','','','',NULL),(1116,'(972)0523359454','Ronen','Aharfi','','Ronen20@013.net',NULL),(1117,'(972)0542404162','נטע','בורקמן','','Netaburkman@gmail.com',NULL),(1118,'(972)0523294574','Sharon','Reuveni','','Sharon@2sher.co.il',NULL),(1120,'(972)0502120818','נעמה','גיספן','כוכב יאיר בארותיים 1','dalit@broadcom.com','2002-04-03'),(1121,'(972)0526132523','אבירם','הרצברג','כןכב יאיר   18  גלבוע','efrat.mhertz@gmail.com',NULL),(1122,'(972)0506264971','מאיר','אשכנזי','כוכב יאיר הורד  13/452','',NULL),(1123,'(972)0524673187','רונן','גולדנברג','כוכב יאיר לליבנים 22','g-sharon@actcom/co/il',NULL),(1124,'(972)0523735234','מיכאל','ציפין','צור יגאל צרעה  4','mzipin@gmail.com','1956-06-07'),(1126,'(972)0525735994','סיון','שן','צור יגאל נוף הרים 24','yuvalshn@zahav.net.il','1966-04-05'),(1127,'(972)0544497038','עמיר','ויגלמן','צור יגאל כרמל 12','aviv.wigelman@gmail.com',NULL),(1129,'(972)0507410414','פיליפ','ברוקס','כוכב יאיר דן 52','judibrooks1@gmail.com',NULL),(1130,'(972)0544424100','יואב','דואק','כוכב יאיר ברעם 3','duekry@gmail.com','1970-06-01'),(1131,'(972)0509758418','יהודה','דרור','כוכב יאיר גלבע 20','tch.dror@gmail.com',NULL),(1134,'(972)0508922295','מלי','שחורי','כוכב יאיר גריזים 4/914','mally@bezeqiut.net','1962-01-02'),(1136,'(972)0523290716','איתי','להב','צור יגאל כרמל 38','itaylahav@bezeqint.net','1964-02-10'),(1137,'(972)0542414162','נטע','בורקמן','','Netaburkman@gmail.com',NULL),(1141,'(972)0535805880','רנים','מנסור','','Likaa10@walla.com',NULL),(1142,'(972)0525092460','מיקי','אייזנר','','Eisner@orange.net.il',NULL),(1150,'(972)0522318569','Eti','bier','','etibier@yahoo.com',NULL),(1152,'(972)0508772772','לי-אור','פנר','צור יגאל עמק האלה 9','pener@012.net.il','2002-03-09'),(1154,'(972)0525340516','שחר','גרסון','','',NULL),(1155,'(972)0527903697','סיגלית','נוימן','','sagalit@hotmail.com',NULL),(1156,'(972)0524283247','נאמן','חני','','',NULL),(1157,'(972)0548081882','שמיל','בצלאל','','shmilb@012.net.il',NULL),(1159,'(972)0542455820','Tzela','Dayan','כוכב יאיר הנגב 10','tzeladayan.un@gmail.com','1975-02-27'),(1160,'(972)0506262971','מאיר','אשכנזי','','Ashmeir@gmail.com',NULL),(1161,'(972)0544424100','Yoav','Duek','','duekry@gmail.com',NULL),(1163,'(972)0528792999','עדי','גוריה','','adig3301@walla.co.il',NULL),(1164,'(972)0526025335','רני','צור','','ranyzur74@gmail.com',NULL),(1165,'(972)0525112048','nurit','feder','','',NULL),(1166,'(972)0525112048','.נורית','פדר','','',NULL),(1167,'(972)0508881011','Sharon','Pener','','Sharons104@gmail.com',NULL),(1168,'(972)0507440241','Shoshi','Grinwald','','Drsgrinwald@gmail.com',NULL),(1169,'(972)0507440241','שושי','גרינוולד','','Drsgrinwald@gmail.com',NULL),(1170,'(972)054-3090611','רביטל','דואק','','duekry@gmail.com',NULL),(1171,'(972)0545514740','Tamar','Keren','','',NULL),(1173,'(972)0504443525','גבארה ','נדים','','',NULL),(1174,'(972)0504445818','סיהראב','שייח יוסף','','',NULL),(1175,'(972)0544497038','Amir','Wigelman','','',NULL),(1176,'(972)0509758418','yehuda','dror','','yehdror@gmail.com',NULL),(1177,'(972)0509758418','dror','Yehuda','','yehdror@gmail.com',NULL),(1178,'(972)0522318569','אתי','ביר','','etibier@yahoo.com',NULL),(1179,'(972)0506303546','רוסנה','סירולניק','','Rosanacir@gmail.com',NULL),(1180,'(972)0544827176','PoleaM','Marcu','','polea.marcu@gmail.com',NULL),(1181,'(972)054-4827176','Polea','Marcu','','polea.marcu@gmail.com',NULL),(1182,'(972)0542282217','שוקי','וינטר','','winterjota@yahoo',NULL),(1183,'(972)054-4827176','פולאה','מרקו','','polea.marcu@gmail.com',NULL),(1184,'(972)0504445818','Sehrab','Shiekhyousef','','Sehrab165@hotmail.com',NULL),(1185,'(972)+972527907697','סיגלית','נוימן','','sagalit@Hotmail.com',NULL),(1186,'(972)0527ם07697','סיגלית','נוימן','','',NULL),(1188,'(972)0526952639','שוקי','גור','','Shuki@gurtex85.com',NULL),(1190,'(972)0526952639','יהושע','גור','','Shuki@gurtex85.com',NULL),(1193,'(972)0546333770','רונית','מידן','כוכב יאיר','meidan.ronit@gmail.com','2016-01-01'),(1195,'(972)0522208931','מאי','גור',' ','may.gur13@gmail.com',NULL),(1196,'(972)0522208931','May','Gur','','May.gur13@gmail.com',NULL),(1200,'(972)123456789','instructor_first_name','instructor_first_name','instructor address',NULL,NULL),(1201,'(972)0504874499','מעיין','גילת','כפר סבא','Maayan_gilat@walla.com',NULL),(1202,'(972)0528072200','רויטל','אהרוני','','aharevi22@gmail.com',NULL),(1203,'(972)0524317771','נועם','אהרפי','','noam4828@gmail.com',NULL),(1204,'(972)0523542941','סוני','אודלר ','','sonis@jafi.org',NULL),(1205,'(972)0543388902','ניקול','אוחנה','','nicoli22@walla.com',NULL),(1206,'(972)0506283763','תמי','אומנסקי','','tami.umanski@gmail.com','2016-08-05'),(1207,'(972)0526191969','נעמה ','אילני','','ilaninaama@gmail.com',NULL),(1208,'(972)0524339095','מיטל ','אירני','','c4dstyling@gmail.com','2015-03-02'),(1209,'(972)0547712298','אילנה ','אלון','','ilana.alon@cts.co.il',NULL),(1210,'(972)0522717320','שלומית ','אנגל','','roie8@bezeqint.net',NULL),(1211,'(972)0546434316','ירדן','אפטר','','yarden5432@gmail.com','2015-05-03'),(1212,'(972)0544923119','נועה','אקשטיין','','noaeka@gmail.com',NULL),(1213,'(972)0549767988','גאיה ','אקשטיין','','gaya.ekstein@gmail.com',NULL),(1214,'(972)0523353890','אלה','בין','','beenella1@gmail.com','2016-09-02'),(1215,'(972)0547538567','מתיה','בן דהן','','matteaj@gmail.com','2015-04-09'),(1216,'(972)0545499408','אורית','בן עזרא','','oritbe@amdocs.com',NULL),(1217,'(972)0545499409','עופר','בן עזרא','','oferbe1@walla.com',NULL),(1218,'(972)0507734567','נועה','בר','','noabar57@gmail.com',NULL),(1219,'(972)0527440001','יפעת','בר-טל','','metukim.by.ifat@gmail.com',NULL),(1220,'(972)0542288804','זהר','בר גלובה',NULL,'zoavibar@gmail.com','2016-11-08'),(1221,'(972)0547503513','דניאל','דגן','','agdagan@gmail.com',NULL),(1222,'(972)0545910669','שחר ','דוידי','','shachard1991@hotmail.co.il',NULL),(1223,'(972)0546644056','אורלי','דייג','','orlydayag@gmail.com',NULL),(1224,'(972)0542445649','נועם','דפני דלל','','noamdd2708@gmail.com',NULL),(1225,'(972)0507644436','טל','הולנדר','','tal@aqumarina.ci.il',NULL),(1226,'(972)0523528958','איילת','הורביץ','','ayeletaviv@hotmail.com',NULL),(1227,'(972)0523412410','עמית ','הללי','','amit.halally@gmail.com',NULL),(1228,'(972)0545422522','גליה','הראל','','gali.h2@gmail.com',NULL),(1229,'(972)0522759319','רון','הראל',NULL,'harelron13@walla.com','2016-01-03'),(1230,'(972)0543178666','שחר','וקסלר','','shachar070793@gmail.com',NULL),(1231,'(972)0546969127','שחר ','זהבי',NULL,'zhaevi3@walla.com','2015-07-02'),(1232,'(972)0546655664','מיקה ','זהר','','micka@mayazohar.co.il',NULL),(1233,'(972)0506956435','גליה','זכאי','','galiazakay@gmail.com',NULL),(1234,'(972)0527958543','זהר ','חן',NULL,'','2017-01-07'),(1235,'(972)0542082093','גלית','טויטו','','galit@twistyle.co.il',NULL),(1236,'(972)0543291381','עמית','טויטו','','amittwito10@gmail.com',NULL),(1237,'(972)0546844022','עדי','כהן באבי','','adico2209@gmail.com',NULL),(1238,'(972)0547752923','מיטל ','כהן חיים ','','meytalh@gmail.com',NULL),(1239,'(972)0544492071','רימון','כפרי','','rimonif@gmail.com',NULL),(1240,'(972)0507851076','אילנה','כרם ','','kerm1@walla.com',NULL),(1241,'(972)0547802007','בשמת','לוי','','bosmatlevy25@gmail.com',NULL),(1242,'(972)0508668269','מירית','לוי','','miritcoh@gmail.com',NULL),(1243,'(972)0509300000','שרון','לוי',NULL,'sharon@juba.co.il',NULL),(1244,'(972)0505811479','רחלי','לוין',NULL,'racheli.levin@gmail.com',NULL),(1245,'(972)0526109914','רן ','לוין','','ranran441@gmail.com',NULL),(1246,'(972)0523909007','אפרת','ליבנה','','efrat.avraham@gmail.com',NULL),(1247,'(972)0544564999','קרן','לשם',NULL,'kleshem@gmail.com',NULL),(1248,'(972)0523261012','יערה','מופז','','yaaramo@gmail.com',NULL),(1249,'(972)0545733178','דפנה','מופז',NULL,'dafmof@gmail.com','2017-05-08'),(1250,'(972)0507103137','עדי','מזרחי','','adi3miz@gmail.com',NULL),(1251,'(972)0544544336','סיגל','מנדל','','sigalmandl21@gmail.com',NULL),(1252,'(972)0542397470','עינת','מרגלית',NULL,'margalit.einat@gmail.com',NULL),(1253,'(972)0544307190','תמי','מרקוביץ',NULL,'tami.marcovich@gmail.com',NULL),(1254,'(972)0544363675','עינת','מתוק','','einat1803@gmail.com',NULL),(1255,'(972)0542434884','כנרת','נדל',NULL,'ktnadel@gmail.com',NULL),(1256,'(972)0545621895','הגר','ניר','','cottonetfabrics@gmail.com',NULL),(1257,'(972)0548353693','נועה','סלע',NULL,'benny.ericom@gmail.com',NULL),(1258,'(972)0542127972','דנית','סניור','','danit.senyor@gmail.com',NULL),(1259,'(972)0549197569','שיר','סעדיה','','shir3501@gmail.com',NULL),(1260,'(972)0507679397','איתי ','עוז',NULL,'tsipitay@gmail.com','2016-02-09'),(1261,'(972)0526888554','עופרי ','פינקלשטיין','','ofrifi96@gmail.com',NULL),(1262,'(972)0526888553','עמית','פינקלשטיין','','amitfin25@gmail.com',NULL),(1263,'(972)0546790100','דנה','פיסטנר','','danapi89@walla.co.il',NULL),(1264,'(972)0507606069','עדי ','פיש',NULL,'raanan_fish@yahoo.com','2016-10-02'),(1265,'(972)0587272002','שי','פנר','','shaype27@walla.com',NULL),(1266,'(972)0523527205','דנית','פרידמן',NULL,'danit999@gmail.com','2016-11-12'),(1267,'(972)0524796111','שירה','פרנק',NULL,'shira@ad2face.com','2016-05-21'),(1268,'(972)0543303396','אביב ','צביבל','','avivzw@gmail.com',NULL),(1269,'(972)0545661327','איתי','צור','','itayzur21@gmail.com',NULL),(1270,'(972)0506871667','ציפורה','צעדה','','tziporaz123@gmail.com',NULL),(1271,'(972)0528581583','קלאודיה','קובי','','true_d@netvision.net.il',NULL),(1272,'(972)0545575255','מרינה','קוגן',NULL,'marinuchka.k@gmail.com','2017-01-04'),(1273,'(972)0547736964','מיה','קורן',NULL,'mayakoren2001@gmail.com',NULL),(1274,'(972)0587071213','נני','קיסר',NULL,'keysar.nany@gmail.com','2015-01-05'),(1275,'(972)0545282844','מרב','קנטור',NULL,'kantormerav66@gmail.com','2015-11-07'),(1276,'(972)0508513704','צליל','קרן','','keren_tzlil@walla.co.il',NULL),(1277,'(972)0528786216','הילה','ראובני','','reuhila@gmail.com',NULL),(1278,'(972)0543324760','נועה','ראש','','noarosh209@gmail.com',NULL),(1279,'(972)0503323345','ענבל','רוזנטל',NULL,'roinbal@walla.com','2015-07-06'),(1280,'(972)0523247028','אלמוג','שאנן',NULL,'almog.porat@gmail.com','2017-01-11'),(1281,'(972)0524236860','מיכל','שביט',NULL,'mikshavit@gmail.com','2015-08-02'),(1282,'(972)0546672793','אלונה ','שבנוב',NULL,'alonash1508@gmail.com','2016-03-08'),(1283,'(972)0526633668','הגר','שוברט',NULL,'hagar1682@gmail.com',NULL),(1284,'(972)0503938371','לירון','שוורץ','','liron301132361@gmail.com',NULL),(1285,'(972)0507403350','עמית ','שושני','','amit1shoshani@gmail.com',NULL),(1286,'(972)0506619891','דיקלה','שטיין',NULL,'diklastein@013.net','2017-07-03'),(1287,'(972)0544491200','ניצן','שטיין',NULL,'nitzanstein1993@gmail.com','2016-12-04'),(1288,'(972)0544858230','ליהי','שטיין גבע','','lihis@amdocs.com',NULL),(1289,'(972)0526664565','שירן','שלומוביץ','','1202oren@walla.com',NULL),(1290,'(972)0545809254','איריס','שפירא','','iris101@012.net.il',NULL),(1291,'(972)0546153868','הדס','שפירא','','bazgi10@gmail.com',NULL),(1292,'(972)0525546400','נעם','שרוני','','noam.sharoni24@gmail.com',NULL),(1293,'(972)0544435548','גל','ששון',NULL,'gal103sa@gmail.com',NULL),(1294,'(972)0504308362','אדוה','להב',NULL,'adva1180@gmail.com','2015-11-08'),(1295,'(972)0544556549','לירון','דהן','','lirondahan6@gmail.com',NULL),(1296,'(972)0543231612','מעיין','גבע','','maayangeva98@gmail.com','2015-09-08'),(1297,'(972)0523435938','נחמה','גולדברג ','','nehamag09@gmail.com',NULL),(1298,'(972)0502780757','מלכה','גילת',NULL,'malgil1g@gmail.com','2016-01-27'),(1299,'(972)0503780757','רעות','גילת',NULL,'reutgilat@walla.com','2016-01-14'),(1300,'(972)0547878206','איתי','גלינרט','','itaiglinert@gmail.com',NULL),(1301,'(972)0547311850','הלנה','גלינרט','','helena.glinert@gmail.com',NULL),(1302,'(972)0543565115','טלי','גמליאלי','','taligamlieli@gmail.com',NULL),(1303,'(972)0546781985','נגה','גפן','','nogagefen262@gmail.com',NULL),(1304,'(972)0545772713','שני','גרשוני','','sgamlieli@gmail.com',NULL),(1307,'(972)0507494508','רוני','אוחנה','','emy_shor@walla.com',NULL),(1308,'(972)0523344938','עופר','ברוך ','','drbaruch@bezeqint.net',NULL),(1309,'(972)0538203326','עמית','ונטורה','','venturat@zahav.net.il',NULL),(1310,'(972)0527707779','אתי','חן',NULL,'eti222chen@gmail.com','2016-10-02'),(1311,'(972)0525340516','Shachar','Gerson','','gerson2665@gmail.com',NULL),(1312,'(972)0547765852','אילן','','','',NULL),(1313,'(972)0528701086','טליה','גבעתי',' ','',NULL),(1314,'(972)0528701086','talia','givati','','taliagiv55@gmail.com',NULL),(1315,'(972)0528701086','tali','givati','','',NULL),(1316,'(972)0528701086','taia','givati','','',NULL),(1319,'(972)0544460123','ערן','ניר','','eranir@gmail.com',NULL),(1320,'(972)0544460123','Eran','Nir','','eranir@gmail.com',NULL),(1321,'(972)054-4791353','רקפת','אלמוג','','',NULL),(1322,'(972)0507214401','Iiris','','','',NULL),(1324,'(972)0544932087','שלומי','טאובר','כוכב יאיר בארי  13','nitzan_tauber@hotmail.com','1959-06-07'),(1325,'(972)0523290716','Lahav','itay','','itay@zriha.com',NULL),(1326,'(972)0523290716','Itay','Lahav','','itay@zriha.com',NULL),(1327,'(972)0523290716','להב','איתי','','itay@zriha.com',NULL),(1328,'(972)0547755852','אילןפלג','','','',NULL),(1329,'(972)0535895880','רנים','מנסור','','Likaa10@walka.com',NULL),(1331,'(972)0547497622','עמית ','חסקי','','',NULL),(1332,'(972)0502910107','דרור ','קדם','','dror2409@gmail.com',NULL),(1333,'(972)0546419441','שני','שבנוב',NULL,NULL,NULL),(1334,'(972)0524765082','גילי','קדמן','','',NULL),(1335,'(972)0526530657','דניאל','בר אדון',NULL,'','1906-02-03'),(1336,'(972)0506956435','גליהזכאי',NULL,NULL,NULL,NULL),(1337,'(972)050-6956435','גליהזכאי',NULL,NULL,NULL,NULL),(1338,'(972)050-6956435','Galiazakay',NULL,NULL,NULL,NULL),(1339,'(972)0504790311','עופר','',NULL,'',NULL),(1340,'(972)0543231612','מעייןגבע',NULL,NULL,NULL,NULL),(1341,'(972)0547112900','איתיפלד',NULL,NULL,NULL,NULL),(1342,'(972)0549996851','עידן','קורין','','',NULL),(1343,'(972)0547112900','איתי','פלד','','',NULL),(1344,'(972)0546790100','דנהפיסטינר',NULL,NULL,NULL,NULL),(1345,'(972)0549090226','איה','פלד','','',NULL),(1354,'(972)0507103137','עדימזרחי',NULL,NULL,NULL,NULL),(1355,'(972)0504308362','אדוהלהב',NULL,NULL,NULL,NULL),(1356,'(972)0507103137','adimizrahi',NULL,NULL,NULL,NULL),(1357,'(972)0528573666','עדייוקלר',NULL,NULL,NULL,NULL),(1358,'(972)050866826,','מירית',NULL,NULL,NULL,NULL),(1359,'(972)0528072200','רויטלאהרוני',NULL,NULL,NULL,NULL),(1360,'(972)0542082093','GalitTwito',NULL,NULL,NULL,NULL),(1361,'(972)0542082093','גליתטויטו',NULL,NULL,NULL,NULL),(1362,'(972)0547311850','הלנהגלינרט',NULL,NULL,NULL,NULL),(1363,'(972)0526888553','עמיתפינקלשטיין',NULL,NULL,NULL,NULL),(1364,'(972)0523203237','שחר','מרגלית','','',NULL),(1365,'(972)0546781985','נגהגפן',NULL,NULL,NULL,NULL),(1368,'(972)0542773330','קרן','בזק','','',NULL),(1369,'(972)0523435938','נחמהגולדברג',NULL,NULL,NULL,NULL),(1370,'(972)0525092434','טל',NULL,NULL,NULL,NULL),(1371,'(972)0523412410','עמיתהללי',NULL,NULL,NULL,NULL),(1372,'(972)0528573666','Adi',NULL,NULL,NULL,NULL),(1373,'(972)0526530657','דניאלבראדון',NULL,NULL,NULL,NULL),(1374,'(972)0507494508','רוניאוחנה',NULL,NULL,NULL,NULL),(1375,'(972)0542773331','קרן',NULL,NULL,NULL,NULL),(1376,'(972)0549090236','איה',NULL,NULL,NULL,NULL),(1377,'(972)0547736964','מיהקורן',NULL,NULL,NULL,NULL),(1378,'(972)0547754321','דניאל',NULL,NULL,NULL,NULL),(1379,'(972)0506871677','ציפי',NULL,NULL,NULL,NULL),(1380,'(972)0528573666','עדי',NULL,NULL,NULL,NULL),(1381,'(972)0528581583','קלאודיהקובי',NULL,NULL,NULL,NULL),(1382,'(972)0503938371','Liron',NULL,NULL,NULL,NULL),(1383,'(972)0628573666','עדי',NULL,NULL,NULL,NULL),(1384,'(972)0545809254','iris',NULL,NULL,NULL,NULL),(1385,'(972)0545809254','irisschapiro',NULL,NULL,NULL,NULL),(1386,'(972)0545809254','איריסשפירא',NULL,NULL,NULL,NULL),(1387,'(972)0522326319','אתי','רגב','','regev.eti@gmail.com','1963-10-10'),(1388,'(972)0523909007','אפרתליבנה',NULL,NULL,NULL,NULL),(1389,'(972)0545626689','סתיודוד',NULL,NULL,NULL,NULL),(1390,'(972)0545626689','סתיו','דוד','','',NULL),(1391,'(972)0545626679','הדס','דוד','','',NULL),(1392,'(972)0506619891','דקלה',NULL,NULL,NULL,NULL),(1393,'(972)0545601186','עמית',NULL,NULL,NULL,NULL),(1394,'(972)0545621895','Hagar',NULL,NULL,NULL,NULL),(1395,'(972)0545621895','Cottonet',NULL,NULL,NULL,NULL),(1396,'(972)0543324760','נועהראש',NULL,NULL,NULL,NULL),(1397,'(972)0544622037','יורם','נוימן','','',NULL),(1400,'(972)0505954000','אילנית','שמר','','',NULL),(1401,'(972)0523246607','איילה','ירון','','',NULL),(1402,'(972)054-4622037','Yoram',NULL,NULL,NULL,NULL),(1403,'(972)054-4622037','יורם',NULL,NULL,NULL,NULL),(1404,'(972)054-3324760','נועה',NULL,NULL,NULL,NULL),(1405,'(972)3324760','נועה',NULL,NULL,NULL,NULL),(1406,'(972)0542127972','דניתסניור',NULL,NULL,NULL,NULL),(1407,'(972)052-4765082','Gili',NULL,NULL,NULL,NULL),(1408,'(972)0524765082','Gili',NULL,NULL,NULL,NULL),(1409,'(972)0524765082','גיליקדמן',NULL,NULL,NULL,NULL),(1410,'(972)052-3344938','עופרברוך',NULL,NULL,NULL,NULL),(1411,'(972)052-3344938','OferBaruch',NULL,NULL,NULL,NULL),(1412,'(972)0528825862','נוי','בלומנקרץ','','',NULL),(1413,'(972)0528825862','נויבלומנקרנץ',NULL,NULL,NULL,NULL),(1414,'(972)0506278246','גילה',NULL,NULL,NULL,NULL),(1415,'(972)0506278256','גילה',NULL,NULL,NULL,NULL),(1417,'(972)0546644056','Orly',NULL,NULL,NULL,NULL),(1418,'(972)0546600172','עופרה',NULL,NULL,NULL,NULL),(1419,'(972)0546600172','עפרה','מילבאום','','',NULL),(1420,'(972)0523120700','שלומית',NULL,NULL,NULL,NULL),(1421,'(972)0526065133','טל','רוזן כרם','','',NULL),(1422,'(972)0503233895','ענבר','הרטמן','','',NULL),(1423,'(972)0508482114','אמירה','דגן','','',NULL),(1424,'(972)0543065070','יפעת','טולצ\'ינסקי','','',NULL),(1425,'(972)0528276086','ספיר','הרטמן ','','',NULL),(1426,'(972)0548140995','מאיה','טרמין','','',NULL),(1427,'(972)0544447714','לילך','סבג','','',NULL),(1428,'(972)ראובני','הילה',NULL,NULL,NULL,NULL),(1429,'(972)054454433ן','סיגל',NULL,NULL,NULL,NULL),(1430,'(972)054454433ן6','סיגל',NULL,NULL,NULL,NULL),(1431,'(972)0544544336','Sigal',NULL,NULL,NULL,NULL),(1432,'(972)054ט544336','סיגל',NULL,NULL,NULL,NULL),(1433,'(972)0526384422','גילי','יצחק','','',NULL),(1434,'(972)0525546027','שיר  ','נויבוואר','','',NULL),(1435,'(972)054‑814‑0995','מאיה',NULL,NULL,NULL,NULL),(1436,'(972)0548140995','שיר',NULL,NULL,NULL,NULL),(1437,'(972)0526384422','הדס',NULL,NULL,NULL,NULL),(1438,'(972)052','סתיו',NULL,NULL,NULL,NULL),(1441,'(972)0548353693','נועהסלע',NULL,NULL,NULL,NULL),(1442,'(972)0648353693','נועה',NULL,NULL,NULL,NULL),(1443,'(972)0524434482','רעות','גלר','','',NULL),(1448,'(972)052638442‪2','גילי',NULL,NULL,NULL,NULL),(1449,'(972)0545809020','מיכלעמיצורפרי',NULL,NULL,NULL,NULL),(1450,'(972)0545809020','Michal',NULL,NULL,NULL,NULL),(1451,'(972)נויבאור','שיר',NULL,NULL,NULL,NULL),(1452,'(972)0523247028','אלמוגשאנן',NULL,NULL,NULL,NULL),(1453,'(972)0523247028','almogshaanan',NULL,NULL,NULL,NULL),(1454,'(972)0529571776','ליס',NULL,NULL,NULL,NULL),(1455,'(972)0529571776','זוהר','ליס','','',NULL),(1456,'(972)0506871667','ציפי',NULL,NULL,NULL,NULL),(1457,'(972)0542303730','Shimon',NULL,NULL,NULL,NULL),(1458,'(972)0542303730','Zissin',NULL,NULL,NULL,NULL),(1459,'(972)0544293022','בר','שלסקי','','',NULL),(1460,'(972)0526896967','עדי','מירון','','',NULL),(1461,'(972)0528351947','נורית','פישמן','','',NULL),(1462,'(972)0506278246','גילה','שבירו','','',NULL),(1463,'(972)0528560773','שחר','סלוצקי','','',NULL),(1464,'(972)0526191969','נעמהאילני',NULL,NULL,NULL,NULL),(1465,'(972)0526109914','רןלוין',NULL,NULL,NULL,NULL),(1466,'(972)0547411850','הלנה',NULL,NULL,NULL,NULL),(1467,'(972)0597214401','איריס','דייןיס','','',NULL),(1468,'(972)מנסור','רנים',NULL,NULL,NULL,NULL),(1469,'(972)0542288804','זהרברגלובה',NULL,NULL,NULL,NULL),(1470,'(972)0542288804','זהרבר',NULL,NULL,NULL,NULL),(1471,'(972)0528560773','שחרסלוצקי',NULL,NULL,NULL,NULL),(1472,'(972)0544220485','Sivan',NULL,NULL,NULL,NULL),(1477,'(972)0545841710','גבי ','כהן','','',NULL),(1478,'(972)0544505580','ריקי','כהן','','',NULL),(1479,'(972)0545809020','מיכל','עמיצור','','',NULL),(1480,'(972)0545626679','הדסדוד',NULL,NULL,NULL,NULL),(1481,'(972)0508466590','שקדאריאלי',NULL,NULL,NULL,NULL),(1482,'(972)0545841710','Gabriella',NULL,NULL,NULL,NULL),(1483,'(972)0545841710','גבריאלה',NULL,NULL,NULL,NULL),(1484,'(972)0528444800','גרינוולדנח',NULL,NULL,NULL,NULL),(1489,'(972)053123456789','בארי','דיין','הנגב 10','','2006-01-22'),(1490,'(972)0546854594','עדיחומש',NULL,NULL,NULL,NULL),(1491,'(972)0546854594','עדי','חומש','','',NULL),(1492,'(972)0522452997','אבירם',NULL,NULL,NULL,NULL),(1493,'(972)0532455820','בארי','דיין','','',NULL),(1494,'(972)0545661327','איתיצור',NULL,NULL,NULL,NULL),(1495,'(972)0543094488','Erez',NULL,NULL,NULL,NULL),(1496,'(972)0543094488','ארז','פרנק ','','',NULL),(1497,'(972)0544220485','סיוןגבעון',NULL,NULL,NULL,NULL),(1498,'(972)542455820 ','Idani','','','',NULL),(1499,'(972))054874499','מעיין',NULL,NULL,NULL,NULL),(1500,'(972)0547495240','טל','ניר','','',NULL),(1501,'(972)0527958543','זהרחן',NULL,NULL,NULL,NULL),(1502,'(972)0524796111','ShiraFrank',NULL,NULL,NULL,NULL),(1503,'(972)0524796111','שירהפרנק',NULL,NULL,NULL,NULL),(1504,'(972))052770779','אתי',NULL,NULL,NULL,NULL),(1505,'(972)0549077031','טלי','סמדג׳ה ','','',NULL),(1506,'(972)0544346044','Brooks',NULL,NULL,NULL,NULL),(1507,'(972)0545546027','שיר',NULL,NULL,NULL,NULL),(1508,'(972)0507734567','נועהבר',NULL,NULL,NULL,NULL),(1509,'(972)0502233321','ספירקאפח',NULL,NULL,NULL,NULL),(1510,'(972)0502233321','ספיר','קאפח ','','',NULL),(1511,'(972)0502233321','sapir',NULL,NULL,NULL,NULL),(1512,'(972)0523542941','Soni',NULL,NULL,NULL,NULL),(1513,'(972)0522452997','אבי',NULL,NULL,NULL,NULL),(1514,'(972)0526497973','יונתן','בר טל','','',NULL),(1515,'(972)0544346044','Judith',NULL,NULL,NULL,NULL),(1516,'(972)0504801616','נועם','מצנע ','','',NULL),(1517,'(972)0545910669','Shachar',NULL,NULL,NULL,NULL),(1518,'(972)0524470047','עינב','עטר','','',NULL),(1519,'(972)0524470047','עינבעטר',NULL,NULL,NULL,NULL),(1520,'(972)0526053424','מיטל','גילת','','',NULL),(1521,'(972)528581583‬','קלאודיה',NULL,NULL,NULL,NULL),(1522,'(972)0543291381','עמיתטויטו',NULL,NULL,NULL,NULL),(1523,'(972)525546027‬','שיר',NULL,NULL,NULL,NULL),(1524,'(972)525546027‬','שירנויבאור',NULL,NULL,NULL,NULL),(1525,'(972)0526497973','יונתןבר-טל',NULL,NULL,NULL,NULL),(1526,'(972)0544447745','הדרסבג',NULL,NULL,NULL,NULL),(1527,'(972)0525802003','איילה ','נרקיס ','','',NULL),(1528,'(972)0525802003','אילה',NULL,NULL,NULL,NULL),(1529,'(972)0525802003','Ayala',NULL,NULL,NULL,NULL),(1530,'(972)0525802003','Narkis',NULL,NULL,NULL,NULL),(1531,'(972)0505952854','דליה ','עוז','','',NULL),(1532,'(972)0525271916','אלה','סובל ','','',NULL),(1533,'(972)0505952854','דליהעוז',NULL,NULL,NULL,NULL),(1534,'(972)0544220485','סיון','גבעון','','',NULL),(1535,'(972)0544220485','סיוון',NULL,NULL,NULL,NULL),(1536,'(972)0525707388','עלי',NULL,NULL,NULL,NULL),(1537,'(972)0546242456','אייל','אנקור','','',NULL),(1538,'(972)54-5626682','סתיו',NULL,NULL,NULL,NULL),(1539,'(972)54-5626689','סתיו',NULL,NULL,NULL,NULL),(1540,'(972)54-5626689','סתו',NULL,NULL,NULL,NULL),(1541,'(972)0504000160','חגית','לוי ','','',NULL),(1542,'(972)0543303396','אביבצביבל',NULL,NULL,NULL,NULL),(1543,'(972)0523134773','ענבר','רז','','',NULL),(1544,'(972)0546330300','ג׳ואנה ','סטרוק','','',NULL),(1545,'(972)0523134773','Inbar',NULL,NULL,NULL,NULL),(1546,'(972)0543565115','טליגמליאלי',NULL,NULL,NULL,NULL),(1547,'(972)0544752875','ליזה ','רסקין','','',NULL),(1548,'(972))123456789','Test',NULL,NULL,NULL,NULL),(1549,'(972)0544203926','נועה ','שוורץ','','',NULL),(1550,'(972)0508482111','עדי ','דגן','','',NULL),(1551,'(972)0544203926','נועהשוורץ',NULL,NULL,NULL,NULL),(1552,'(972)52-3344938','עופרברוך',NULL,NULL,NULL,NULL),(1553,'(972)0523344938','עופרברוך',NULL,NULL,NULL,NULL),(1554,'(972)0547492649','פיטר','','','',NULL),(1555,'(972)0546701814','אילי','לוי','','',NULL),(1556,'(972)0544557311','אור','טרמין','','',NULL),(1557,'(972)544557311‬','אור',NULL,NULL,NULL,NULL),(1558,'(972)0549801717','ליאת','בראון','','',NULL),(1559,'(972)0558958985','זוהר','לוי','','',NULL),(1560,'(972)0507214401','איריסדייויס',NULL,NULL,NULL,NULL),(1561,'(972)0522307367','אורית ','מופז','','',NULL),(1562,'(972)0523063350','Sabreen',NULL,NULL,NULL,NULL),(1563,'(972)0523063350','סבריןמסארוה',NULL,NULL,NULL,NULL),(1564,'(972)0548140995','מאיהטרמין',NULL,NULL,NULL,NULL),(1565,'(972)0545698900','עופרי','דואק','','',NULL),(1566,'(972)0523063350','סברין','מוסרוב','','',NULL),(1567,'(972)527707779‬','אתי',NULL,NULL,NULL,NULL),(1568,'(972)0545803846','אילת ','חיימי ','','',NULL),(1569,'(972)0504873499','מעיין',NULL,NULL,NULL,NULL),(1570,'(972)0523134771','רונית','רז','','',NULL),(1571,'(972)0523134771','רוניתרז',NULL,NULL,NULL,NULL),(1572,'(972)0523563304','Sigal',NULL,NULL,NULL,NULL),(1573,'(972)0523563304','Sigalnaigertsik',NULL,NULL,NULL,NULL),(1574,'(972)0526888551','עומר','פינקלשטיין','','',NULL),(1579,'(972)0507282121','לירון','מזור','','',NULL),(1580,'(972)0526888551','עומרפינקלשטיין',NULL,NULL,NULL,NULL),(1581,'(972)0546680234','טליה','נסים','','',NULL),(1582,'(972)0544807457','ניקול','שטרן','','',NULL),(1583,'(972)0545437573','סטפני','טוויל','','',NULL),(1584,'(972)0507282121','לירוןמזור',NULL,NULL,NULL,NULL),(1585,'(972)50-7282121','לירוןמזור',NULL,NULL,NULL,NULL),(1586,'(972)0507282121','לירוןשמילוביץמזור',NULL,NULL,NULL,NULL),(1587,'(972)0546680234','טליהנסים',NULL,NULL,NULL,NULL),(1588,'(972)0527362677','אלונה ','פישר','','',NULL),(1589,'(972)0526323278','עדי ','פישר','','',NULL),(1590,'(972)0546655409','נועה ','גרוס','','',NULL),(1591,'(972))054441343','לבאורנה',NULL,NULL,NULL,NULL),(1592,'(972)0544411343','לבאורנה',NULL,NULL,NULL,NULL),(1593,'(972)0545698900','עפרי',NULL,NULL,NULL,NULL),(1594,'(972)0545698900','עפרידואק',NULL,NULL,NULL,NULL),(1595,'(972)0545754864','ענברדואק',NULL,NULL,NULL,NULL),(1596,'(972)0545754864','ענבר','דואק','','',NULL),(1597,'(972)0545754864','עינברדואק',NULL,NULL,NULL,NULL),(1598,'(972)0545754864','עינבר',NULL,NULL,NULL,NULL),(1599,'(972)0545698900','ענבר',NULL,NULL,NULL,NULL),(1600,'(972)0543090611','ענבר',NULL,NULL,NULL,NULL),(1601,'(972)0524209683','אורגואן','מוסרוב','','',NULL),(1602,'(972)0523424337','הילהאור','גופר','','',NULL),(1605,'(972)0523435988','נחמה',NULL,NULL,NULL,NULL),(1607,'(972)0543992356','הראל','מוצפי','','',NULL),(1608,'(972)0547577993','רויטלמשה',NULL,NULL,NULL,NULL),(1609,'(972)0546565664','גילה','פולאק','','',NULL),(1610,'(972)8874696663','jack',NULL,NULL,NULL,NULL),(1611,'(972)0522324472','ענבר','הסטן פרדו','','',NULL),(1612,'(972)0546565664','גילהפולאק',NULL,NULL,NULL,NULL),(1613,'(972)0502120818','נעמהגיספן',NULL,NULL,NULL,NULL),(1614,'(972)0509797404','נעמהגיספן',NULL,NULL,NULL,NULL),(1615,'(972)0509797404','נעמה',NULL,NULL,NULL,NULL),(1616,'(972)0525211711','צביקה','לייפר ','','',NULL),(1617,'(972))527362677','אלונה',NULL,NULL,NULL,NULL),(1618,'(972)0526324278','עדי',NULL,NULL,NULL,NULL),(1619,'(972)0524435938','נחמה',NULL,NULL,NULL,NULL),(1620,'(972)0544493647','אורנה','בצלאל','','',NULL),(1621,'(972)0506265971','מאיר',NULL,NULL,NULL,NULL),(1622,'(972)0545911530','עדי','ברקוביץ ','','',NULL),(1623,'(972)0544311339','ליאורה','גרינפלד ','','',NULL),(1624,'(972)4383434170','jack',NULL,NULL,NULL,NULL),(1625,'(972)0525211711','צביקהלייפר',NULL,NULL,NULL,NULL),(1626,'(972)0525211711','לייפרצבי',NULL,NULL,NULL,NULL),(1627,'(972)0505597927','תמר','מאיר','','',NULL),(1628,'(972)0505550945','רונית','ילוביץ','','',NULL),(1629,'(972)0505597927','תמרמאיר',NULL,NULL,NULL,NULL),(1630,'(972)0505597927','תמימאיר',NULL,NULL,NULL,NULL),(1631,'(972)0505597927','TamarMeir',NULL,NULL,NULL,NULL),(1632,'(972)50-5597927','תמרמאיר',NULL,NULL,NULL,NULL),(1633,'(972)50-5597927','מאירתמר',NULL,NULL,NULL,NULL),(1634,'(972)0544447714','Lilach',NULL,NULL,NULL,NULL),(1635,'(972)0544447714','Lilachsabag',NULL,NULL,NULL,NULL),(1636,'(972)0544447714','לילךסבג',NULL,NULL,NULL,NULL),(1637,'(972)0544447714','סבגלילך',NULL,NULL,NULL,NULL),(1638,'(972)0545671700','דוד','לקנר','','',NULL),(1639,'(972)972)паппап','рмпнррп',NULL,NULL,NULL,NULL),(1640,'(972)50-5550945','Ronit',NULL,NULL,NULL,NULL),(1641,'(972)0505550945','Ronit',NULL,NULL,NULL,NULL),(1642,'(972))024600090','רונית',NULL,NULL,NULL,NULL),(1643,'(972)50-5550945','רוניתילוביץ',NULL,NULL,NULL,NULL),(1644,'(972)50-5550945','רונית',NULL,NULL,NULL,NULL);
/*!40000 ALTER TABLE `person` ENABLE KEYS */;
UNLOCK TABLES;

--
-- Table structure for table `personClass`
--

DROP TABLE IF EXISTS `personClass`;
/*!40101 SET @saved_cs_client     = @@character_set_client */;
/*!40101 SET character_set_client = utf8 */;
CREATE TABLE `personClass` (
  `classId` int(11) NOT NULL,
  `personId` int(11) NOT NULL,
  `type` varchar(255) NOT NULL,
  `numberOfValidRegistrations` int(11) DEFAULT '-999',
  KEY `fk_pc_class` (`classId`),
  KEY `fk_pc_person` (`personId`),
  CONSTRAINT `fk_pc_class` FOREIGN KEY (`classId`) REFERENCES `class` (`classId`),
  CONSTRAINT `fk_pc_person` FOREIGN KEY (`personId`) REFERENCES `person` (`personId`)
) ENGINE=InnoDB DEFAULT CHARSET=utf8;
/*!40101 SET character_set_client = @saved_cs_client */;

--
-- Dumping data for table `personClass`
--

LOCK TABLES `personClass` WRITE;
/*!40000 ALTER TABLE `personClass` DISABLE KEYS */;
INSERT INTO `personClass` VALUES (3,1011,'STUDENT',-999),(3,1004,'ADMIN',-999),(3,1004,'INSTRUCTOR',-999),(3,1004,'STUDENT',-999),(3,1002,'STUDENT',-999),(3,1000,'STUDENT',-999),(3,1001,'STUDENT',-999),(3,1003,'STUDENT',-999),(3,1005,'STUDENT',-999),(3,1008,'STUDENT',-999),(3,1007,'STUDENT',-999),(3,1006,'STUDENT',-999),(1,1012,'STUDENT',-1044),(1,1013,'STUDENT',-1038),(1,1014,'STUDENT',-1006),(1,1016,'STUDENT',-1021),(1,1017,'STUDENT',-1030),(1,1019,'STUDENT',-1041),(1,1021,'STUDENT',-1020),(1,1022,'STUDENT',-1033),(1,1023,'STUDENT',-1044),(1,1026,'STUDENT',-1031),(1,1029,'STUDENT',-1025),(1,1031,'STUDENT',-1008),(1,1036,'STUDENT',-1023),(1,1037,'STUDENT',-1033),(1,1041,'STUDENT',-1015),(1,1042,'STUDENT',-1027),(1,1043,'STUDENT',-1045),(1,1044,'STUDENT',-1023),(1,1047,'STUDENT',-1043),(1,1049,'STUDENT',-1049),(1,1051,'STUDENT',-1044),(1,1052,'STUDENT',-1028),(1,1054,'STUDENT',-1042),(1,1055,'STUDENT',-1024),(1,1057,'STUDENT',-1006),(1,1058,'STUDENT',-1021),(1,1062,'STUDENT',-1027),(1,1064,'STUDENT',-1027),(1,1066,'STUDENT',-1020),(1,1067,'STUDENT',-1033),(1,1068,'STUDENT',-1016),(1,1071,'STUDENT',-1019),(1,1074,'STUDENT',-1021),(1,1000,'STUDENT',-999),(1,1076,'STUDENT',-1014),(1,1077,'STUDENT',-1002),(1,1078,'STUDENT',-999),(1,1079,'STUDENT',-999),(1,1076,'INSTRUCTOR',-1014),(1,1077,'INSTRUCTOR',-1002),(1,1078,'INSTRUCTOR',-999),(1,1079,'INSTRUCTOR',-999),(1,1080,'STUDENT',-1010),(1,1081,'STUDENT',-1026),(1,1084,'STUDENT',-1036),(1,1120,'STUDENT',-1021),(1,1121,'STUDENT',-1017),(1,1122,'STUDENT',-1024),(1,1123,'STUDENT',-1024),(1,1107,'STUDENT',-1040),(1,1087,'STUDENT',-1045),(1,1126,'STUDENT',-1032),(1,1127,'STUDENT',-1032),(1,1129,'STUDENT',-1026),(1,1130,'STUDENT',-1012),(1,1131,'STUDENT',-1023),(1,1134,'STUDENT',-1016),(1,1117,'STUDENT',-1050),(1,1113,'STUDENT',-1038),(1,1154,'STUDENT',-999),(1,1159,'STUDENT',-999),(1,1188,'STUDENT',-1005),(1,1193,'STUDENT',-1024),(1,1195,'STUDENT',-1002),(2,1000,'STUDENT',10),(2,1201,'STUDENT',95),(2,1202,'STUDENT',9),(2,1203,'STUDENT',0),(2,1204,'STUDENT',2),(2,1205,'STUDENT',3),(2,1206,'STUDENT',-999),(2,1207,'STUDENT',-1000),(2,1208,'STUDENT',-999),(2,1209,'STUDENT',8),(2,1210,'STUDENT',1),(2,1211,'STUDENT',-999),(2,1212,'STUDENT',7),(2,1213,'STUDENT',8),(2,1214,'STUDENT',-999),(2,1215,'STUDENT',-999),(2,1216,'STUDENT',-999),(2,1217,'STUDENT',-999),(2,1218,'STUDENT',0),(2,1219,'STUDENT',7),(2,1220,'STUDENT',-999),(2,1221,'STUDENT',4),(2,1222,'STUDENT',1),(2,1223,'STUDENT',2),(2,1224,'STUDENT',4),(2,1225,'STUDENT',0),(2,1226,'STUDENT',0),(2,1227,'STUDENT',6),(2,1228,'STUDENT',3),(2,1229,'STUDENT',-999),(2,1230,'STUDENT',9),(2,1231,'STUDENT',-999),(2,1232,'STUDENT',2),(2,1233,'STUDENT',1),(2,1234,'STUDENT',-1002),(2,1235,'STUDENT',10),(2,1236,'STUDENT',-1003),(2,1237,'STUDENT',0),(2,1238,'STUDENT',8),(2,1239,'STUDENT',8),(2,1240,'STUDENT',16),(2,1241,'STUDENT',18),(2,1242,'STUDENT',0),(2,1243,'STUDENT',-999),(2,1244,'STUDENT',-1000),(2,1245,'STUDENT',3),(2,1246,'STUDENT',9),(2,1247,'STUDENT',-999),(2,1248,'STUDENT',10),(2,1249,'STUDENT',-999),(2,1250,'STUDENT',9),(2,1251,'STUDENT',10),(2,1252,'STUDENT',-999),(2,1253,'STUDENT',-999),(2,1254,'STUDENT',7),(2,1255,'STUDENT',-1001),(2,1256,'STUDENT',2),(2,1257,'STUDENT',-1003),(2,1258,'STUDENT',5),(2,1259,'STUDENT',0),(2,1260,'STUDENT',-999),(2,1261,'STUDENT',0),(2,1262,'STUDENT',0),(2,1263,'STUDENT',9),(2,1264,'STUDENT',-1001),(2,1265,'STUDENT',5),(2,1266,'STUDENT',-999),(2,1267,'STUDENT',-1004),(2,1268,'STUDENT',1),(2,1269,'STUDENT',1),(2,1270,'STUDENT',0),(2,1271,'STUDENT',21),(2,1272,'STUDENT',-999),(2,1273,'STUDENT',-1004),(2,1274,'STUDENT',-999),(2,1275,'STUDENT',-999),(2,1276,'STUDENT',5),(2,1277,'STUDENT',7),(2,1278,'STUDENT',1),(2,1279,'STUDENT',-1013),(2,1280,'STUDENT',-1001),(2,1281,'STUDENT',-1004),(2,1282,'STUDENT',-1001),(2,1283,'STUDENT',-999),(2,1284,'STUDENT',3),(2,1285,'STUDENT',2),(2,1286,'STUDENT',-999),(2,1287,'STUDENT',-1010),(2,1288,'STUDENT',2),(2,1289,'STUDENT',0),(2,1290,'STUDENT',5),(2,1291,'STUDENT',9),(2,1292,'STUDENT',2),(2,1293,'STUDENT',-999),(2,1294,'STUDENT',-1008),(2,1295,'STUDENT',3),(2,1296,'STUDENT',-999),(2,1297,'STUDENT',3),(2,1298,'STUDENT',-1010),(2,1299,'STUDENT',-1008),(2,1300,'STUDENT',6),(2,1301,'STUDENT',10),(2,1302,'STUDENT',3),(2,1303,'STUDENT',6),(2,1304,'STUDENT',8),(2,1307,'STUDENT',7),(2,1308,'STUDENT',6),(2,1309,'STUDENT',3),(2,1310,'STUDENT',-1003),(1,1313,'STUDENT',-1034),(1,1324,'STUDENT',-1018),(2,1142,'STUDENT',8),(2,1331,'STUDENT',24),(2,1332,'STUDENT',8),(2,1117,'STUDENT',0),(2,1077,'STUDENT',-1011),(2,1077,'INSTRUCTOR',-1011),(2,1333,'STUDENT',-1010),(2,1333,'INSTRUCTOR',-1010),(2,1201,'INSTRUCTOR',95),(2,1334,'STUDENT',2),(2,1335,'STUDENT',-1000),(2,1335,'INSTRUCTOR',-1000),(1,1000,'INSTRUCTOR',-999),(2,1339,'STUDENT',9),(1,1296,'STUDENT',-1018),(2,1345,'STUDENT',0),(2,1368,'STUDENT',4),(2,1364,'STUDENT',5),(2,1343,'STUDENT',5),(2,1380,'STUDENT',-999),(2,1387,'STUDENT',-999),(2,1397,'STUDENT',1),(2,1400,'STUDENT',-1000),(2,1401,'STUDENT',0),(2,1421,'STUDENT',-1001),(2,1422,'STUDENT',-999),(2,1419,'STUDENT',8),(2,1423,'STUDENT',-999),(2,1424,'STUDENT',-1000),(2,1427,'STUDENT',-1010),(2,1425,'STUDENT',-999),(2,1390,'STUDENT',6),(2,1426,'STUDENT',0),(2,1433,'STUDENT',0),(2,1434,'STUDENT',0),(2,1391,'STUDENT',1),(1,1142,'STUDENT',-1019),(2,1443,'STUDENT',7),(3,1455,'STUDENT',-999),(2,1459,'STUDENT',5),(2,1460,'STUDENT',6),(2,1420,'STUDENT',-999),(2,1461,'STUDENT',2),(2,1462,'STUDENT',1),(2,1463,'STUDENT',9),(2,1477,'STUDENT',3),(2,1478,'STUDENT',7),(2,1479,'STUDENT',-999),(2,1412,'STUDENT',2),(1,1000,'ADMIN',-999),(2,1000,'ADMIN',10),(3,1000,'ADMIN',999),(2,1201,'ADMIN',95),(1,1076,'ADMIN',-1014),(3,1498,'STUDENT',-999),(2,1491,'STUDENT',0),(2,1500,'STUDENT',2),(2,1505,'STUDENT',1),(2,1510,'STUDENT',-1007),(2,1514,'STUDENT',3),(2,1516,'STUDENT',-999),(2,1496,'STUDENT',-999),(2,1520,'STUDENT',-1003),(1,1527,'STUDENT',-1017),(2,1531,'STUDENT',1),(2,1532,'STUDENT',0),(3,1010,'STUDENT',20),(3,1010,'ADMIN',20),(2,1537,'STUDENT',-999),(2,1541,'STUDENT',5),(2,1543,'STUDENT',0),(2,1544,'STUDENT',9),(2,1547,'STUDENT',5),(2,1518,'STUDENT',3),(2,1549,'STUDENT',10),(2,1550,'STUDENT',-999),(2,1555,'STUDENT',5),(2,1556,'STUDENT',0),(2,1558,'STUDENT',0),(2,1559,'STUDENT',2),(2,1561,'STUDENT',7),(2,1565,'STUDENT',0),(2,1566,'STUDENT',4),(2,1568,'STUDENT',4),(2,1574,'STUDENT',5),(2,1579,'STUDENT',3),(2,1581,'STUDENT',3),(2,1582,'STUDENT',2),(2,1583,'STUDENT',2),(2,1534,'STUDENT',8),(2,1588,'STUDENT',6),(2,1589,'STUDENT',6),(2,1590,'STUDENT',20),(2,1570,'STUDENT',5),(2,1084,'STUDENT',7),(2,1596,'STUDENT',4),(2,1601,'STUDENT',5),(2,1602,'STUDENT',8),(2,1607,'STUDENT',1),(2,1609,'STUDENT',6),(1,1124,'STUDENT',-1001),(2,1611,'STUDENT',-999),(1,1616,'STUDENT',-1000),(2,1620,'STUDENT',9),(2,1622,'STUDENT',5),(2,1623,'STUDENT',4),(1,1628,'STUDENT',-999),(1,1627,'STUDENT',-1000),(1,1638,'STUDENT',-1003);
/*!40000 ALTER TABLE `personClass` ENABLE KEYS */;
UNLOCK TABLES;

--
-- Table structure for table `registration`
--

DROP TABLE IF EXISTS `registration`;
/*!40101 SET @saved_cs_client     = @@character_set_client */;
/*!40101 SET character_set_client = utf8 */;
CREATE TABLE `registration` (
  `classId` int(11) NOT NULL,
  `eventId` int(11) NOT NULL,
  `personId` int(11) NOT NULL,
  `status` varchar(255) NOT NULL,
  `lastUpdated` datetime DEFAULT CURRENT_TIMESTAMP ON UPDATE CURRENT_TIMESTAMP,
  KEY `fk_registration_classId` (`classId`),
  KEY `fk_registration_eventId` (`eventId`),
  KEY `fk_registration_personId` (`personId`),
  CONSTRAINT `fk_registration_classId` FOREIGN KEY (`classId`) REFERENCES `class` (`classId`),
  CONSTRAINT `fk_registration_eventId` FOREIGN KEY (`eventId`) REFERENCES `events` (`eventId`),
  CONSTRAINT `fk_registration_personId` FOREIGN KEY (`personId`) REFERENCES `person` (`personId`)
) ENGINE=InnoDB DEFAULT CHARSET=utf8;
/*!40101 SET character_set_client = @saved_cs_client */;

--
-- Dumping data for table `registration`
--

LOCK TABLES `registration` WRITE;
/*!40000 ALTER TABLE `registration` DISABLE KEYS */;
INSERT INTO `registration` VALUES (2,184,1255,'REGISTERED','2016-01-30 20:22:15'),(2,186,1255,'REGISTERED','2016-01-30 20:22:23'),(2,183,1262,'REGISTERED','2016-01-31 12:52:30'),(2,183,1262,'UNREGISTERED','2016-01-31 12:52:30'),(2,183,1262,'REGISTERED','2016-01-31 12:52:32'),(2,183,1262,'UNREGISTERED','2016-01-31 12:52:59'),(2,183,1225,'REGISTERED','2016-02-05 15:23:12'),(2,186,1300,'REGISTERED','2016-02-08 17:39:46'),(2,186,1301,'REGISTERED','2016-02-08 17:39:47'),(2,184,1233,'REGISTERED','2016-02-12 22:39:16'),(2,179,1240,'REGISTERED','2016-02-13 10:57:39'),(2,186,1240,'REGISTERED','2016-02-13 10:57:57'),(2,178,1237,'REGISTERED','2016-02-14 20:44:39'),(2,183,1235,'REGISTERED','2016-02-17 18:16:47'),(2,186,1235,'REGISTERED','2016-02-17 18:17:00'),(2,178,1276,'REGISTERED','2016-02-21 10:26:54'),(2,183,1426,'REGISTERED','2016-02-21 12:29:57'),(2,183,1412,'REGISTERED','2016-02-21 19:41:30'),(2,183,1412,'UNREGISTERED','2016-02-21 19:41:46'),(2,179,1412,'REGISTERED','2016-02-21 19:42:22'),(2,179,1412,'UNREGISTERED','2016-02-21 19:42:49'),(2,183,1412,'REGISTERED','2016-02-21 19:43:04'),(2,178,1412,'REGISTERED','2016-02-21 19:45:07'),(2,183,1426,'UNREGISTERED','2016-02-21 21:17:39'),(2,184,1426,'REGISTERED','2016-02-21 21:17:51'),(2,179,1332,'REGISTERED','2016-02-22 16:19:01'),(2,183,1332,'REGISTERED','2016-02-22 16:19:17'),(2,256,1233,'REGISTERED','2016-02-22 20:59:05'),(2,260,1233,'REGISTERED','2016-02-22 20:59:20'),(2,267,1233,'REGISTERED','2016-02-22 20:59:31'),(2,270,1233,'REGISTERED','2016-02-22 20:59:46'),(2,275,1233,'REGISTERED','2016-02-22 21:00:07'),(2,282,1233,'REGISTERED','2016-02-22 21:00:18'),(2,285,1233,'REGISTERED','2016-02-22 21:00:29'),(2,290,1233,'REGISTERED','2016-02-22 21:00:41'),(2,297,1233,'REGISTERED','2016-02-22 21:00:55'),(2,300,1233,'REGISTERED','2016-02-22 21:01:09'),(2,255,1233,'REGISTERED','2016-02-22 21:01:54'),(2,244,1276,'REGISTERED','2016-02-22 21:03:44'),(2,259,1276,'REGISTERED','2016-02-22 21:04:25'),(2,244,1263,'REGISTERED','2016-02-22 21:13:12'),(2,259,1263,'REGISTERED','2016-02-22 21:14:07'),(2,274,1263,'REGISTERED','2016-02-22 21:14:23'),(2,289,1263,'REGISTERED','2016-02-22 21:14:52'),(2,183,1263,'REGISTERED','2016-02-22 21:19:58'),(2,183,1300,'REGISTERED','2016-02-23 04:04:55'),(2,254,1300,'REGISTERED','2016-02-23 04:05:31'),(2,262,1250,'REGISTERED','2016-02-23 04:37:30'),(2,259,1250,'REGISTERED','2016-02-23 04:37:42'),(2,248,1240,'REGISTERED','2016-02-23 06:21:13'),(2,254,1240,'REGISTERED','2016-02-23 06:21:27'),(2,263,1240,'REGISTERED','2016-02-23 06:21:46'),(2,269,1240,'REGISTERED','2016-02-23 06:22:07'),(2,243,1239,'REGISTERED','2016-02-23 06:27:40'),(2,244,1235,'REGISTERED','2016-02-23 06:49:41'),(2,251,1235,'REGISTERED','2016-02-23 06:49:58'),(2,254,1235,'REGISTERED','2016-02-23 06:50:08'),(2,259,1235,'REGISTERED','2016-02-23 06:50:20'),(2,266,1235,'REGISTERED','2016-02-23 06:50:32'),(2,269,1235,'REGISTERED','2016-02-23 06:50:45'),(2,274,1235,'REGISTERED','2016-02-23 06:51:10'),(2,281,1235,'REGISTERED','2016-02-23 06:51:20'),(2,284,1235,'REGISTERED','2016-02-23 06:52:28'),(2,289,1235,'REGISTERED','2016-02-23 06:52:41'),(2,244,1412,'REGISTERED','2016-02-23 14:14:22'),(2,255,1412,'REGISTERED','2016-02-23 14:15:07'),(2,256,1412,'REGISTERED','2016-02-23 14:15:37'),(2,256,1412,'UNREGISTERED','2016-02-23 14:15:48'),(2,244,1210,'REGISTERED','2016-02-23 17:29:48'),(2,179,1297,'REGISTERED','2016-02-23 17:54:05'),(2,244,1297,'REGISTERED','2016-02-23 17:54:23'),(2,248,1297,'REGISTERED','2016-02-23 17:54:36'),(2,259,1297,'REGISTERED','2016-02-23 17:54:51'),(2,263,1297,'REGISTERED','2016-02-23 17:55:02'),(2,274,1297,'REGISTERED','2016-02-23 17:55:11'),(2,183,1230,'REGISTERED','2016-02-23 20:30:41'),(2,187,1230,'REGISTERED','2016-02-23 20:31:20'),(2,178,1230,'REGISTERED','2016-02-23 20:33:27'),(2,244,1258,'REGISTERED','2016-02-24 05:04:54'),(2,259,1258,'REGISTERED','2016-02-24 05:05:03'),(2,274,1258,'REGISTERED','2016-02-24 05:05:12'),(2,289,1258,'REGISTERED','2016-02-24 05:05:23'),(2,244,1236,'REGISTERED','2016-02-24 05:21:19'),(2,244,1364,'REGISTERED','2016-02-24 05:22:56'),(2,259,1236,'REGISTERED','2016-02-24 05:23:49'),(2,259,1364,'REGISTERED','2016-02-24 05:23:59'),(2,274,1236,'REGISTERED','2016-02-24 05:24:00'),(2,289,1236,'REGISTERED','2016-02-24 05:24:09'),(2,274,1364,'REGISTERED','2016-02-24 05:24:25'),(2,289,1364,'REGISTERED','2016-02-24 05:24:44'),(2,184,1254,'REGISTERED','2016-02-24 10:18:43'),(2,251,1412,'REGISTERED','2016-02-24 12:31:12'),(2,259,1412,'REGISTERED','2016-02-24 12:32:03'),(2,261,1412,'REGISTERED','2016-02-24 12:36:26'),(2,261,1412,'UNREGISTERED','2016-02-24 12:36:40'),(2,179,1204,'REGISTERED','2016-02-24 17:28:11'),(2,179,1204,'UNREGISTERED','2016-02-24 17:28:11'),(2,179,1204,'REGISTERED','2016-02-24 17:28:11'),(2,185,1204,'REGISTERED','2016-02-24 17:28:24'),(2,185,1204,'UNREGISTERED','2016-02-24 17:28:24'),(2,185,1204,'REGISTERED','2016-02-24 17:28:24'),(2,244,1204,'REGISTERED','2016-02-24 17:28:36'),(2,244,1204,'UNREGISTERED','2016-02-24 17:28:36'),(2,244,1204,'REGISTERED','2016-02-24 17:28:36'),(2,248,1204,'REGISTERED','2016-02-24 17:29:04'),(2,253,1204,'REGISTERED','2016-02-24 17:29:18'),(2,253,1204,'UNREGISTERED','2016-02-24 17:29:18'),(2,253,1204,'REGISTERED','2016-02-24 17:29:18'),(2,259,1204,'REGISTERED','2016-02-24 17:29:38'),(2,259,1204,'UNREGISTERED','2016-02-24 17:29:38'),(2,259,1204,'REGISTERED','2016-02-24 17:29:38'),(2,263,1204,'REGISTERED','2016-02-24 17:29:54'),(2,268,1204,'REGISTERED','2016-02-24 17:30:07'),(2,268,1204,'UNREGISTERED','2016-02-24 17:30:08'),(2,268,1204,'REGISTERED','2016-02-24 17:30:08'),(2,274,1204,'REGISTERED','2016-02-24 17:30:18'),(2,274,1204,'UNREGISTERED','2016-02-24 17:30:18'),(2,274,1204,'REGISTERED','2016-02-24 17:30:18'),(2,278,1204,'REGISTERED','2016-02-24 17:30:30'),(2,278,1204,'UNREGISTERED','2016-02-24 17:30:30'),(2,278,1204,'REGISTERED','2016-02-24 17:30:30'),(2,283,1204,'REGISTERED','2016-02-24 17:30:43'),(2,283,1204,'UNREGISTERED','2016-02-24 17:30:43'),(2,283,1204,'REGISTERED','2016-02-24 17:30:43'),(2,289,1204,'REGISTERED','2016-02-24 17:31:00'),(2,289,1204,'UNREGISTERED','2016-02-24 17:31:01'),(2,289,1204,'REGISTERED','2016-02-24 17:31:01'),(2,293,1204,'REGISTERED','2016-02-24 17:31:10'),(2,293,1204,'UNREGISTERED','2016-02-24 17:31:10'),(2,293,1204,'REGISTERED','2016-02-24 17:31:10'),(2,298,1204,'REGISTERED','2016-02-24 17:31:25'),(2,298,1204,'UNREGISTERED','2016-02-24 17:31:25'),(2,298,1204,'REGISTERED','2016-02-24 17:31:25'),(2,183,1412,'UNREGISTERED','2016-02-24 19:32:08'),(2,185,1412,'REGISTERED','2016-02-24 19:32:15'),(2,183,1304,'REGISTERED','2016-02-24 21:56:39'),(2,259,1210,'REGISTERED','2016-02-25 05:45:26'),(2,274,1210,'REGISTERED','2016-02-25 05:45:36'),(2,289,1210,'REGISTERED','2016-02-25 05:45:54'),(2,278,1240,'REGISTERED','2016-02-25 07:56:44'),(2,284,1240,'REGISTERED','2016-02-25 07:56:58'),(2,278,1240,'UNREGISTERED','2016-02-25 07:57:39'),(2,281,1240,'REGISTERED','2016-02-25 07:57:48'),(2,293,1240,'REGISTERED','2016-02-25 07:58:02'),(2,244,1332,'REGISTERED','2016-02-25 08:04:49'),(2,178,1289,'REGISTERED','2016-02-25 12:36:37'),(2,247,1289,'REGISTERED','2016-02-25 12:37:01'),(2,247,1289,'UNREGISTERED','2016-02-25 12:37:01'),(2,247,1289,'REGISTERED','2016-02-25 12:37:01'),(2,262,1289,'REGISTERED','2016-02-25 12:37:17'),(2,262,1289,'UNREGISTERED','2016-02-25 12:37:17'),(2,262,1289,'REGISTERED','2016-02-25 12:37:17'),(2,277,1289,'REGISTERED','2016-02-25 12:37:30'),(2,277,1289,'UNREGISTERED','2016-02-25 12:37:30'),(2,277,1289,'REGISTERED','2016-02-25 12:37:30'),(2,292,1289,'REGISTERED','2016-02-25 12:37:38'),(2,178,1462,'REGISTERED','2016-02-25 14:34:46'),(2,185,1232,'REGISTERED','2016-02-25 18:28:59'),(2,244,1421,'REGISTERED','2016-02-25 18:51:11'),(2,185,1292,'REGISTERED','2016-02-25 19:03:58'),(2,187,1230,'UNREGISTERED','2016-02-25 19:26:42'),(2,244,1230,'STANDBY','2016-02-25 19:27:49'),(2,259,1230,'REGISTERED','2016-02-25 19:27:58'),(2,274,1230,'REGISTERED','2016-02-25 19:28:36'),(2,289,1230,'REGISTERED','2016-02-25 19:28:48'),(2,178,1209,'REGISTERED','2016-02-25 20:01:13'),(2,244,1209,'STANDBY','2016-02-25 20:01:29'),(2,259,1209,'STANDBY','2016-02-25 20:01:40'),(2,274,1209,'REGISTERED','2016-02-25 20:01:51'),(2,289,1209,'REGISTERED','2016-02-25 20:02:09'),(2,184,1397,'REGISTERED','2016-02-26 03:17:02'),(2,187,1077,'REGISTERED','2016-02-26 08:05:22'),(2,186,1443,'REGISTERED','2016-02-26 08:11:19'),(2,244,1443,'STANDBY','2016-02-26 08:11:36'),(2,254,1443,'REGISTERED','2016-02-26 08:11:49'),(2,259,1443,'STANDBY','2016-02-26 08:12:14'),(2,269,1443,'REGISTERED','2016-02-26 08:12:27'),(2,274,1443,'REGISTERED','2016-02-26 08:12:44'),(2,285,1443,'REGISTERED','2016-02-26 08:12:58'),(2,289,1443,'REGISTERED','2016-02-26 08:13:13'),(2,186,1246,'REGISTERED','2016-02-26 08:38:43'),(2,180,1531,'REGISTERED','2016-02-26 16:22:34'),(2,249,1531,'REGISTERED','2016-02-26 16:23:29'),(2,264,1531,'REGISTERED','2016-02-26 16:24:29'),(2,279,1531,'REGISTERED','2016-02-26 16:25:19'),(2,294,1531,'REGISTERED','2016-02-26 16:25:47'),(2,184,1390,'REGISTERED','2016-02-26 16:55:16'),(2,180,1205,'REGISTERED','2016-02-26 22:00:00'),(2,179,1205,'REGISTERED','2016-02-26 22:00:07'),(2,245,1304,'REGISTERED','2016-02-27 05:36:36'),(2,245,1304,'UNREGISTERED','2016-02-27 05:36:36'),(2,245,1304,'REGISTERED','2016-02-27 05:36:36'),(2,251,1304,'REGISTERED','2016-02-27 05:36:48'),(2,251,1304,'UNREGISTERED','2016-02-27 05:36:49'),(2,251,1304,'REGISTERED','2016-02-27 05:36:49'),(3,350,1010,'REGISTERED','2016-02-27 07:32:52'),(2,255,1233,'UNREGISTERED','2016-02-27 07:36:21'),(2,256,1233,'UNREGISTERED','2016-02-27 07:36:32'),(3,350,1010,'UNREGISTERED','2016-02-27 07:56:50'),(2,266,1412,'REGISTERED','2016-02-27 08:10:52'),(2,266,1412,'UNREGISTERED','2016-02-27 08:11:15'),(2,185,1265,'REGISTERED','2016-02-27 09:47:20'),(2,180,1238,'REGISTERED','2016-02-27 10:07:07'),(2,186,1238,'REGISTERED','2016-02-27 10:07:25'),(3,348,1010,'REGISTERED','2016-02-27 11:34:35'),(3,348,1010,'UNREGISTERED','2016-02-27 11:34:38'),(2,179,1301,'REGISTERED','2016-02-27 12:43:16'),(2,209,1301,'REGISTERED','2016-02-27 12:43:35'),(2,251,1300,'REGISTERED','2016-02-27 12:43:59'),(2,253,1301,'REGISTERED','2016-02-27 12:44:00'),(2,254,1301,'REGISTERED','2016-02-27 12:44:08'),(2,258,1301,'REGISTERED','2016-02-27 12:44:30'),(2,263,1301,'REGISTERED','2016-02-27 12:44:40'),(2,269,1301,'REGISTERED','2016-02-27 12:44:53'),(2,274,1301,'REGISTERED','2016-02-27 12:45:15'),(2,278,1301,'REGISTERED','2016-02-27 12:45:25'),(2,284,1301,'REGISTERED','2016-02-27 12:45:34'),(2,289,1301,'REGISTERED','2016-02-27 12:45:57'),(2,293,1301,'REGISTERED','2016-02-27 12:46:06'),(2,299,1301,'REGISTERED','2016-02-27 12:46:23'),(2,299,1301,'UNREGISTERED','2016-02-27 12:46:23'),(2,299,1301,'REGISTERED','2016-02-27 12:46:26'),(2,243,1223,'REGISTERED','2016-02-27 12:48:58'),(2,183,1241,'REGISTERED','2016-02-27 14:11:45'),(2,209,1241,'REGISTERED','2016-02-27 14:12:25'),(2,179,1426,'REGISTERED','2016-02-27 14:34:28'),(2,179,1500,'REGISTERED','2016-02-27 14:36:03'),(2,179,1500,'UNREGISTERED','2016-02-27 14:36:03'),(2,179,1500,'REGISTERED','2016-02-27 14:36:03'),(2,179,1390,'REGISTERED','2016-02-27 14:39:17'),(2,179,1390,'UNREGISTERED','2016-02-27 14:39:17'),(2,179,1390,'REGISTERED','2016-02-27 14:39:17'),(2,183,1262,'REGISTERED','2016-02-27 15:44:50'),(2,245,1262,'REGISTERED','2016-02-27 15:45:29'),(2,274,1262,'STANDBY','2016-02-27 15:45:45'),(2,289,1262,'REGISTERED','2016-02-27 15:45:53'),(2,251,1262,'REGISTERED','2016-02-27 15:46:13'),(2,266,1262,'REGISTERED','2016-02-27 15:47:05'),(2,281,1262,'REGISTERED','2016-02-27 15:47:14'),(2,296,1262,'REGISTERED','2016-02-27 15:47:25'),(2,209,1262,'REGISTERED','2016-02-27 15:48:06'),(2,256,1262,'REGISTERED','2016-02-27 15:48:14'),(2,179,1307,'REGISTERED','2016-02-27 16:46:47'),(2,209,1263,'REGISTERED','2016-02-27 17:55:29'),(2,184,1433,'REGISTERED','2016-02-27 18:54:02'),(2,180,1505,'REGISTERED','2016-02-27 19:12:42'),(2,179,1331,'REGISTERED','2016-02-27 20:19:03'),(2,185,1331,'REGISTERED','2016-02-27 20:19:17'),(2,184,1331,'REGISTERED','2016-02-27 20:20:48'),(2,185,1331,'UNREGISTERED','2016-02-27 20:21:13'),(2,186,1254,'REGISTERED','2016-02-28 05:04:25'),(2,179,1412,'REGISTERED','2016-02-28 07:33:39'),(2,178,1412,'UNREGISTERED','2016-02-28 07:33:45'),(2,244,1421,'UNREGISTERED','2016-02-28 07:56:50'),(2,289,1276,'STANDBY','2016-02-28 09:34:32'),(2,273,1276,'REGISTERED','2016-02-28 09:35:15'),(2,209,1332,'REGISTERED','2016-02-28 11:05:30'),(2,251,1332,'REGISTERED','2016-02-28 11:05:50'),(2,179,1460,'STANDBY','2016-02-28 11:25:37'),(2,178,1460,'REGISTERED','2016-02-28 11:25:46'),(2,178,1460,'UNREGISTERED','2016-02-28 11:25:58'),(2,178,1460,'REGISTERED','2016-02-28 11:26:13'),(2,179,1460,'CANCEL_STANDBY','2016-02-28 11:26:28'),(2,244,1230,'CANCEL_STANDBY','2016-02-28 12:17:30'),(2,244,1230,'REGISTERED','2016-02-28 12:17:31'),(2,183,1288,'REGISTERED','2016-02-28 12:42:47'),(2,274,1412,'STANDBY','2016-02-28 13:56:14'),(2,289,1412,'STANDBY','2016-02-28 13:56:53'),(2,266,1412,'REGISTERED','2016-02-28 13:57:17'),(2,270,1412,'REGISTERED','2016-02-28 13:57:38'),(2,281,1412,'REGISTERED','2016-02-28 13:58:45'),(2,285,1412,'REGISTERED','2016-02-28 13:58:52'),(2,296,1412,'REGISTERED','2016-02-28 13:59:04'),(2,300,1412,'REGISTERED','2016-02-28 13:59:14'),(2,179,1463,'STANDBY','2016-02-28 15:41:53'),(2,185,1463,'REGISTERED','2016-02-28 15:42:07'),(2,179,1505,'STANDBY','2016-02-28 16:00:57'),(2,183,1505,'REGISTERED','2016-02-28 16:01:13'),(2,179,1332,'UNREGISTERED','2016-02-28 17:08:10'),(2,178,1332,'REGISTERED','2016-02-28 17:08:22'),(2,247,1276,'REGISTERED','2016-02-28 17:38:44'),(2,179,1277,'REGISTERED','2016-02-28 19:48:23'),(2,245,1287,'REGISTERED','2016-02-28 20:11:37'),(2,246,1287,'REGISTERED','2016-02-28 20:11:50'),(2,184,1345,'REGISTERED','2016-02-29 05:00:17'),(2,245,1262,'UNREGISTERED','2016-02-29 05:17:19'),(2,244,1262,'STANDBY','2016-02-29 05:17:34'),(2,259,1262,'STANDBY','2016-02-29 05:18:30'),(2,274,1262,'CANCEL_STANDBY','2016-02-29 05:18:50'),(2,274,1262,'STANDBY','2016-02-29 05:18:51'),(2,179,1463,'CANCEL_STANDBY','2016-02-29 06:41:58'),(2,245,1427,'REGISTERED','2016-02-29 08:13:05'),(2,186,1427,'REGISTERED','2016-02-29 08:13:55'),(2,184,1201,'REGISTERED','2016-02-29 08:19:50'),(2,184,1400,'REGISTERED','2016-02-29 08:21:43'),(2,184,1401,'REGISTERED','2016-02-29 08:23:02'),(2,184,1201,'UNREGISTERED','2016-02-29 08:23:32'),(2,185,1221,'REGISTERED','2016-02-29 10:24:20'),(2,178,1268,'REGISTERED','2016-02-29 11:41:03'),(2,251,1263,'REGISTERED','2016-02-29 11:55:04'),(2,266,1263,'REGISTERED','2016-02-29 11:57:33'),(2,182,1303,'REGISTERED','2016-02-29 12:22:36'),(2,183,1201,'REGISTERED','2016-02-29 13:58:27'),(2,245,1287,'UNREGISTERED','2016-02-29 14:31:01'),(2,243,1287,'REGISTERED','2016-02-29 14:31:12'),(2,184,1463,'REGISTERED','2016-02-29 14:45:02'),(2,279,1218,'REGISTERED','2016-02-29 16:28:19'),(2,242,1262,'REGISTERED','2016-02-29 17:23:15'),(2,182,1259,'REGISTERED','2016-02-29 17:37:10'),(2,185,1259,'REGISTERED','2016-02-29 17:37:25'),(2,178,1117,'REGISTERED','2016-02-29 18:57:48'),(2,247,1117,'REGISTERED','2016-02-29 18:58:02'),(2,262,1117,'REGISTERED','2016-02-29 18:58:13'),(2,277,1117,'REGISTERED','2016-02-29 18:58:22'),(2,281,1117,'REGISTERED','2016-02-29 18:58:37'),(2,292,1117,'REGISTERED','2016-02-29 18:58:56'),(2,183,1505,'UNREGISTERED','2016-02-29 19:02:28'),(2,245,1541,'REGISTERED','2016-02-29 19:16:22'),(2,245,1541,'UNREGISTERED','2016-02-29 19:16:37'),(2,183,1541,'REGISTERED','2016-02-29 19:18:01'),(2,252,1541,'REGISTERED','2016-02-29 19:22:03'),(2,255,1541,'REGISTERED','2016-02-29 19:23:52'),(2,260,1541,'REGISTERED','2016-02-29 19:24:45'),(2,267,1541,'REGISTERED','2016-02-29 19:25:13'),(2,275,1541,'REGISTERED','2016-02-29 19:28:46'),(2,282,1541,'REGISTERED','2016-02-29 19:29:03'),(2,282,1541,'UNREGISTERED','2016-02-29 19:29:04'),(2,282,1541,'REGISTERED','2016-02-29 19:29:04'),(2,186,1235,'UNREGISTERED','2016-02-29 20:16:10'),(2,296,1235,'REGISTERED','2016-02-29 20:16:43'),(2,179,1390,'UNREGISTERED','2016-02-29 20:34:35'),(2,247,1230,'REGISTERED','2016-02-29 23:19:34'),(2,251,1230,'REGISTERED','2016-02-29 23:19:51'),(2,256,1230,'REGISTERED','2016-02-29 23:20:02'),(2,258,1239,'REGISTERED','2016-03-01 04:51:39'),(2,179,1277,'UNREGISTERED','2016-03-01 05:26:51'),(2,183,1304,'UNREGISTERED','2016-03-01 06:32:34'),(2,183,1332,'UNREGISTERED','2016-03-01 07:31:48'),(2,183,1332,'REGISTERED','2016-03-01 07:31:51'),(2,183,1285,'REGISTERED','2016-03-01 08:13:12'),(2,185,1248,'REGISTERED','2016-03-01 09:53:03'),(2,183,1210,'STANDBY','2016-03-01 10:52:38'),(2,183,1210,'CANCEL_STANDBY','2016-03-01 10:52:42'),(2,184,1210,'STANDBY','2016-03-01 10:52:52'),(2,178,1290,'REGISTERED','2016-03-01 11:47:17'),(2,179,1304,'REGISTERED','2016-03-01 12:07:43'),(2,209,1304,'REGISTERED','2016-03-01 12:08:13'),(2,185,1218,'REGISTERED','2016-03-01 13:22:28'),(2,183,1241,'UNREGISTERED','2016-03-01 15:10:13'),(2,178,1241,'REGISTERED','2016-03-01 16:01:04'),(2,187,1391,'REGISTERED','2016-03-01 16:12:53'),(2,180,1298,'REGISTERED','2016-03-01 16:51:06'),(2,187,1390,'REGISTERED','2016-03-01 17:36:07'),(2,186,1505,'REGISTERED','2016-03-01 18:16:16'),(2,186,1505,'UNREGISTERED','2016-03-01 18:16:37'),(2,180,1241,'REGISTERED','2016-03-01 18:28:47'),(2,187,1345,'REGISTERED','2016-03-01 18:44:07'),(2,183,1339,'REGISTERED','2016-03-01 19:29:05'),(2,252,1541,'UNREGISTERED','2016-03-01 19:57:41'),(2,255,1541,'UNREGISTERED','2016-03-01 19:58:09'),(2,260,1541,'UNREGISTERED','2016-03-01 19:58:19'),(2,260,1541,'UNREGISTERED','2016-03-01 19:58:19'),(2,248,1541,'REGISTERED','2016-03-01 20:02:24'),(2,184,1233,'UNREGISTERED','2016-03-02 00:01:21'),(2,288,1412,'REGISTERED','2016-03-02 05:48:10'),(2,183,1204,'STANDBY','2016-03-02 06:01:56'),(2,182,1213,'REGISTERED','2016-03-02 08:15:50'),(2,184,1210,'CANCEL_STANDBY','2016-03-02 10:10:22'),(2,184,1210,'REGISTERED','2016-03-02 10:10:28'),(2,182,1212,'REGISTERED','2016-03-02 10:15:59'),(2,248,1332,'REGISTERED','2016-03-02 12:50:06'),(2,260,1332,'REGISTERED','2016-03-02 12:50:35'),(2,263,1332,'REGISTERED','2016-03-02 12:51:15'),(2,266,1332,'REGISTERED','2016-03-02 12:51:27'),(2,274,1332,'STANDBY','2016-03-02 12:52:02'),(2,183,1397,'STANDBY','2016-03-02 13:05:47'),(2,182,1294,'REGISTERED','2016-03-02 14:18:10'),(2,187,1278,'REGISTERED','2016-03-02 15:05:05'),(2,263,1332,'UNREGISTERED','2016-03-02 15:13:41'),(2,266,1332,'UNREGISTERED','2016-03-02 15:13:51'),(2,268,1332,'REGISTERED','2016-03-02 15:14:56'),(2,182,1259,'UNREGISTERED','2016-03-02 15:30:29'),(2,186,1201,'REGISTERED','2016-03-02 16:00:32'),(2,186,1242,'REGISTERED','2016-03-02 17:33:02'),(2,247,1289,'UNREGISTERED','2016-03-02 17:39:27'),(2,249,1289,'REGISTERED','2016-03-02 17:39:39'),(2,262,1289,'UNREGISTERED','2016-03-02 17:39:48'),(2,264,1289,'REGISTERED','2016-03-02 17:40:01'),(2,248,1209,'REGISTERED','2016-03-02 17:55:22'),(2,244,1237,'STANDBY','2016-03-02 18:24:31'),(2,247,1237,'REGISTERED','2016-03-02 18:24:49'),(2,259,1237,'STANDBY','2016-03-02 18:24:59'),(2,262,1237,'REGISTERED','2016-03-02 18:25:18'),(2,256,1301,'REGISTERED','2016-03-02 19:08:07'),(2,271,1301,'REGISTERED','2016-03-02 19:08:25'),(2,185,1463,'UNREGISTERED','2016-03-02 19:55:31'),(2,248,1463,'REGISTERED','2016-03-02 19:56:06'),(2,245,1426,'REGISTERED','2016-03-02 20:31:31'),(2,245,1426,'UNREGISTERED','2016-03-02 20:31:32'),(2,248,1426,'REGISTERED','2016-03-02 20:32:05'),(2,209,1543,'REGISTERED','2016-03-02 22:19:58'),(2,243,1543,'REGISTERED','2016-03-02 22:22:03'),(2,251,1543,'REGISTERED','2016-03-02 22:22:52'),(2,243,1543,'UNREGISTERED','2016-03-02 22:31:51'),(2,245,1543,'REGISTERED','2016-03-02 22:31:55'),(2,247,1543,'REGISTERED','2016-03-02 22:32:36'),(2,185,1232,'UNREGISTERED','2016-03-03 05:21:00'),(2,245,1205,'REGISTERED','2016-03-03 07:36:00'),(2,209,1302,'REGISTERED','2016-03-03 08:12:16'),(2,187,1284,'REGISTERED','2016-03-03 08:25:40'),(2,243,1510,'REGISTERED','2016-03-03 08:58:00'),(2,249,1251,'REGISTERED','2016-03-03 10:29:45'),(2,209,1201,'REGISTERED','2016-03-03 10:50:49'),(2,209,1263,'UNREGISTERED','2016-03-03 11:48:02'),(2,246,1263,'REGISTERED','2016-03-03 11:48:50'),(2,248,1263,'REGISTERED','2016-03-03 11:51:23'),(2,185,1368,'REGISTERED','2016-03-03 12:26:01'),(2,185,1368,'UNREGISTERED','2016-03-03 12:26:04'),(2,248,1262,'REGISTERED','2016-03-03 12:26:09'),(2,251,1262,'UNREGISTERED','2016-03-03 12:26:26'),(2,253,1262,'REGISTERED','2016-03-03 12:27:27'),(2,253,1262,'UNREGISTERED','2016-03-03 12:30:06'),(2,256,1262,'UNREGISTERED','2016-03-03 12:30:13'),(2,255,1262,'REGISTERED','2016-03-03 12:30:23'),(2,245,1307,'REGISTERED','2016-03-03 13:13:38'),(2,185,1273,'REGISTERED','2016-03-03 15:05:07'),(2,246,1544,'REGISTERED','2016-03-03 15:08:28'),(2,255,1544,'REGISTERED','2016-03-03 15:09:30'),(2,255,1544,'UNREGISTERED','2016-03-03 15:09:30'),(2,255,1544,'REGISTERED','2016-03-03 15:09:30'),(2,185,1232,'REGISTERED','2016-03-03 15:16:05'),(2,251,1248,'REGISTERED','2016-03-03 15:31:44'),(2,248,1541,'UNREGISTERED','2016-03-03 17:26:43'),(2,242,1221,'REGISTERED','2016-03-03 18:14:57'),(2,248,1412,'REGISTERED','2016-03-03 18:16:34'),(2,251,1412,'UNREGISTERED','2016-03-03 18:16:46'),(2,248,1434,'REGISTERED','2016-03-03 19:06:03'),(2,251,1254,'REGISTERED','2016-03-03 19:18:14'),(2,242,1232,'REGISTERED','2016-03-03 19:28:54'),(2,242,1259,'REGISTERED','2016-03-03 19:29:37'),(2,243,1201,'REGISTERED','2016-03-03 20:13:30'),(2,243,1201,'UNREGISTERED','2016-03-03 20:13:30'),(2,243,1201,'REGISTERED','2016-03-03 20:13:30'),(2,251,1201,'REGISTERED','2016-03-03 20:14:06'),(2,187,1262,'REGISTERED','2016-03-03 20:27:06'),(2,187,1278,'UNREGISTERED','2016-03-03 22:43:29'),(2,186,1427,'UNREGISTERED','2016-03-04 04:45:59'),(2,209,1142,'REGISTERED','2016-03-04 05:48:08'),(2,243,1462,'REGISTERED','2016-03-04 06:15:54'),(2,247,1462,'REGISTERED','2016-03-04 06:16:33'),(2,255,1258,'REGISTERED','2016-03-04 06:21:19'),(2,244,1230,'UNREGISTERED','2016-03-04 08:11:32'),(2,244,1230,'REGISTERED','2016-03-04 08:11:39'),(2,247,1230,'UNREGISTERED','2016-03-04 08:12:25'),(2,251,1230,'UNREGISTERED','2016-03-04 08:12:32'),(2,256,1230,'UNREGISTERED','2016-03-04 08:13:25'),(2,248,1390,'REGISTERED','2016-03-04 08:34:01'),(2,252,1390,'REGISTERED','2016-03-04 08:34:42'),(2,244,1262,'CANCEL_STANDBY','2016-03-04 08:45:21'),(2,244,1230,'UNREGISTERED','2016-03-04 08:45:25'),(2,242,1262,'UNREGISTERED','2016-03-04 08:45:30'),(2,244,1262,'REGISTERED','2016-03-04 08:45:37'),(2,247,1518,'REGISTERED','2016-03-04 10:50:15'),(2,253,1518,'REGISTERED','2016-03-04 10:50:27'),(2,268,1518,'REGISTERED','2016-03-04 10:50:42'),(2,283,1518,'REGISTERED','2016-03-04 10:50:49'),(2,243,1518,'REGISTERED','2016-03-04 10:58:01'),(2,278,1518,'REGISTERED','2016-03-04 10:58:46'),(2,288,1518,'REGISTERED','2016-03-04 11:01:29'),(2,288,1518,'UNREGISTERED','2016-03-04 11:01:30'),(2,288,1518,'REGISTERED','2016-03-04 11:01:30'),(2,293,1518,'REGISTERED','2016-03-04 11:01:47'),(2,293,1518,'UNREGISTERED','2016-03-04 11:01:50'),(2,293,1518,'UNREGISTERED','2016-03-04 11:01:50'),(2,263,1518,'REGISTERED','2016-03-04 11:02:21'),(2,263,1518,'UNREGISTERED','2016-03-04 11:02:21'),(2,263,1518,'REGISTERED','2016-03-04 11:02:22'),(2,254,1518,'REGISTERED','2016-03-04 11:02:33'),(2,254,1518,'UNREGISTERED','2016-03-04 11:02:34'),(2,254,1518,'REGISTERED','2016-03-04 11:02:34'),(2,258,1518,'REGISTERED','2016-03-04 11:09:13'),(2,273,1518,'REGISTERED','2016-03-04 11:09:57'),(2,273,1518,'UNREGISTERED','2016-03-04 11:09:57'),(2,273,1518,'REGISTERED','2016-03-04 11:09:57'),(2,281,1518,'REGISTERED','2016-03-04 13:53:36'),(2,266,1518,'REGISTERED','2016-03-04 13:54:32'),(2,263,1518,'UNREGISTERED','2016-03-04 13:54:51'),(2,278,1518,'UNREGISTERED','2016-03-04 13:55:00'),(2,251,1518,'REGISTERED','2016-03-04 13:55:29'),(2,247,1518,'UNREGISTERED','2016-03-04 13:55:37'),(2,269,1518,'REGISTERED','2016-03-04 13:56:28'),(2,266,1518,'UNREGISTERED','2016-03-04 13:56:45'),(2,209,1301,'UNREGISTERED','2016-03-04 17:18:24'),(2,253,1301,'UNREGISTERED','2016-03-04 17:18:48'),(2,243,1223,'UNREGISTERED','2016-03-05 00:14:31'),(2,245,1241,'REGISTERED','2016-03-05 05:05:44'),(2,247,1241,'REGISTERED','2016-03-05 05:06:07'),(2,247,1241,'UNREGISTERED','2016-03-05 05:06:08'),(2,247,1241,'REGISTERED','2016-03-05 05:06:11'),(2,247,1241,'UNREGISTERED','2016-03-05 05:06:15'),(2,246,1241,'REGISTERED','2016-03-05 05:06:25'),(2,251,1241,'REGISTERED','2016-03-05 05:06:42'),(2,254,1518,'UNREGISTERED','2016-03-05 10:38:42'),(2,245,1345,'REGISTERED','2016-03-05 10:39:03'),(2,266,1518,'REGISTERED','2016-03-05 10:39:10'),(2,244,1549,'STANDBY','2016-03-05 10:55:45'),(2,255,1549,'REGISTERED','2016-03-05 10:56:44'),(2,252,1549,'REGISTERED','2016-03-05 10:58:31'),(2,243,1245,'REGISTERED','2016-03-05 12:31:29'),(2,243,1491,'REGISTERED','2016-03-05 13:24:14'),(2,256,1543,'REGISTERED','2016-03-05 13:31:38'),(2,259,1543,'STANDBY','2016-03-05 13:31:52'),(2,289,1543,'STANDBY','2016-03-05 13:32:09'),(2,290,1543,'REGISTERED','2016-03-05 13:32:20'),(2,290,1543,'UNREGISTERED','2016-03-05 13:32:21'),(2,260,1543,'REGISTERED','2016-03-05 13:33:04'),(2,274,1209,'UNREGISTERED','2016-03-05 14:10:06'),(2,274,1209,'REGISTERED','2016-03-05 14:10:09'),(2,245,1544,'REGISTERED','2016-03-05 15:16:57'),(2,245,1267,'REGISTERED','2016-03-05 18:17:17'),(2,245,1201,'REGISTERED','2016-03-05 18:24:36'),(2,245,1544,'UNREGISTERED','2016-03-05 18:39:35'),(2,300,1412,'UNREGISTERED','2016-03-05 18:50:21'),(2,296,1412,'UNREGISTERED','2016-03-05 18:52:55'),(2,298,1412,'REGISTERED','2016-03-05 18:53:06'),(2,293,1412,'REGISTERED','2016-03-05 18:53:20'),(2,296,1262,'UNREGISTERED','2016-03-05 19:14:01'),(2,245,1304,'UNREGISTERED','2016-03-06 04:25:34'),(2,244,1443,'CANCEL_STANDBY','2016-03-06 05:34:32'),(2,244,1443,'CANCEL_STANDBY','2016-03-06 05:34:32'),(2,243,1271,'REGISTERED','2016-03-06 06:05:19'),(2,242,1271,'REGISTERED','2016-03-06 06:05:35'),(2,242,1368,'REGISTERED','2016-03-06 06:26:36'),(2,242,1273,'REGISTERED','2016-03-06 06:26:43'),(2,242,1292,'REGISTERED','2016-03-06 06:27:24'),(2,245,1333,'REGISTERED','2016-03-06 07:17:09'),(2,252,1549,'UNREGISTERED','2016-03-06 07:28:06'),(2,245,1549,'REGISTERED','2016-03-06 07:28:32'),(2,245,1549,'UNREGISTERED','2016-03-06 07:28:35'),(2,248,1549,'STANDBY','2016-03-06 07:29:02'),(2,251,1269,'REGISTERED','2016-03-06 07:35:36'),(2,248,1210,'STANDBY','2016-03-06 08:20:10'),(2,263,1210,'REGISTERED','2016-03-06 08:22:24'),(2,263,1210,'UNREGISTERED','2016-03-06 08:22:24'),(2,263,1210,'REGISTERED','2016-03-06 08:22:24'),(2,242,1201,'REGISTERED','2016-03-06 08:32:31'),(2,242,1201,'UNREGISTERED','2016-03-06 08:32:33'),(2,242,1309,'REGISTERED','2016-03-06 08:32:56'),(2,253,1309,'REGISTERED','2016-03-06 08:33:13'),(2,244,1237,'CANCEL_STANDBY','2016-03-06 08:38:11'),(2,243,1290,'REGISTERED','2016-03-06 08:38:51'),(2,253,1221,'REGISTERED','2016-03-06 09:23:00'),(2,253,1224,'REGISTERED','2016-03-06 10:26:16'),(2,268,1224,'REGISTERED','2016-03-06 10:26:33'),(2,246,1238,'REGISTERED','2016-03-06 11:25:42'),(2,249,1238,'REGISTERED','2016-03-06 11:25:53'),(2,254,1238,'REGISTERED','2016-03-06 11:26:01'),(2,242,1213,'REGISTERED','2016-03-06 12:30:09'),(2,243,1295,'REGISTERED','2016-03-06 12:41:13'),(2,259,1308,'STANDBY','2016-03-06 12:50:22'),(2,274,1308,'STANDBY','2016-03-06 12:50:43'),(2,289,1308,'STANDBY','2016-03-06 12:51:03'),(2,245,1549,'REGISTERED','2016-03-06 12:52:21'),(2,245,1310,'REGISTERED','2016-03-06 13:02:16'),(2,245,1310,'UNREGISTERED','2016-03-06 13:02:20'),(2,245,1310,'REGISTERED','2016-03-06 13:02:25'),(2,245,1234,'REGISTERED','2016-03-06 13:03:08'),(2,243,1209,'REGISTERED','2016-03-06 13:08:44'),(2,243,1209,'UNREGISTERED','2016-03-06 13:08:47'),(2,243,1510,'UNREGISTERED','2016-03-06 13:11:23'),(2,242,1265,'REGISTERED','2016-03-06 13:40:29'),(2,242,1201,'REGISTERED','2016-03-06 13:41:46'),(2,245,1234,'UNREGISTERED','2016-03-06 13:48:47'),(2,243,1234,'REGISTERED','2016-03-06 13:49:15'),(2,245,1310,'UNREGISTERED','2016-03-06 13:50:10'),(2,243,1310,'REGISTERED','2016-03-06 13:50:20'),(2,243,1209,'STANDBY','2016-03-06 14:02:25'),(2,243,1295,'UNREGISTERED','2016-03-06 14:14:17'),(2,242,1295,'REGISTERED','2016-03-06 14:14:28'),(2,243,1209,'CANCEL_STANDBY','2016-03-06 14:14:40'),(2,243,1209,'REGISTERED','2016-03-06 14:14:43'),(2,245,1390,'REGISTERED','2016-03-06 14:47:35'),(2,252,1331,'REGISTERED','2016-03-06 15:15:47'),(2,245,1434,'REGISTERED','2016-03-06 15:16:27'),(2,252,1270,'REGISTERED','2016-03-06 15:27:01'),(2,298,1262,'REGISTERED','2016-03-06 15:58:57'),(2,298,1262,'UNREGISTERED','2016-03-06 15:59:02'),(2,293,1262,'REGISTERED','2016-03-06 15:59:29'),(2,244,1209,'CANCEL_STANDBY','2016-03-06 16:56:48'),(2,245,1241,'UNREGISTERED','2016-03-06 16:57:50'),(2,245,1241,'REGISTERED','2016-03-06 16:57:50'),(2,245,1241,'UNREGISTERED','2016-03-06 16:57:52'),(2,273,1412,'REGISTERED','2016-03-06 17:41:24'),(2,298,1412,'UNREGISTERED','2016-03-06 17:42:06'),(2,252,1434,'REGISTERED','2016-03-06 19:00:49'),(2,246,1461,'REGISTERED','2016-03-06 19:10:12'),(2,249,1461,'REGISTERED','2016-03-06 19:10:44'),(2,261,1461,'REGISTERED','2016-03-06 19:11:07'),(2,264,1461,'REGISTERED','2016-03-06 19:11:29'),(2,273,1239,'REGISTERED','2016-03-06 19:37:02'),(2,248,1263,'UNREGISTERED','2016-03-06 20:20:08'),(2,248,1210,'CANCEL_STANDBY','2016-03-06 20:20:50'),(2,248,1210,'REGISTERED','2016-03-06 20:20:53'),(2,261,1549,'REGISTERED','2016-03-06 20:26:37'),(2,270,1549,'REGISTERED','2016-03-06 20:26:52'),(2,296,1235,'UNREGISTERED','2016-03-07 05:22:35'),(2,247,1290,'REGISTERED','2016-03-07 06:07:53'),(2,260,1287,'REGISTERED','2016-03-07 07:29:15'),(2,261,1287,'REGISTERED','2016-03-07 07:29:28'),(2,253,1265,'REGISTERED','2016-03-07 13:27:32'),(2,248,1505,'STANDBY','2016-03-07 13:30:38'),(2,251,1505,'STANDBY','2016-03-07 13:30:52'),(2,254,1505,'REGISTERED','2016-03-07 13:31:07'),(2,248,1205,'STANDBY','2016-03-07 13:43:23'),(2,252,1205,'REGISTERED','2016-03-07 13:43:52'),(2,252,1307,'REGISTERED','2016-03-07 13:44:59'),(2,256,1556,'REGISTERED','2016-03-07 17:34:15'),(2,248,1556,'STANDBY','2016-03-07 17:35:38'),(2,248,1556,'CANCEL_STANDBY','2016-03-07 17:35:40'),(2,252,1556,'REGISTERED','2016-03-07 17:35:52'),(2,252,1556,'UNREGISTERED','2016-03-07 17:35:54'),(2,252,1201,'REGISTERED','2016-03-07 17:37:36'),(2,252,1299,'REGISTERED','2016-03-07 17:39:38'),(2,247,1201,'REGISTERED','2016-03-07 17:39:43'),(2,252,1555,'REGISTERED','2016-03-07 17:45:49'),(2,247,1077,'REGISTERED','2016-03-07 17:53:38'),(2,251,1241,'UNREGISTERED','2016-03-07 18:08:22'),(2,300,1412,'REGISTERED','2016-03-07 18:14:52'),(2,275,1332,'REGISTERED','2016-03-07 18:24:03'),(2,264,1201,'REGISTERED','2016-03-07 18:30:07'),(2,247,1209,'REGISTERED','2016-03-07 19:24:56'),(2,247,1209,'UNREGISTERED','2016-03-07 19:25:41'),(2,281,1263,'REGISTERED','2016-03-07 19:59:18'),(2,251,1505,'CANCEL_STANDBY','2016-03-07 20:56:05'),(2,251,1505,'REGISTERED','2016-03-07 20:56:07'),(2,248,1505,'CANCEL_STANDBY','2016-03-07 21:01:58'),(2,253,1232,'REGISTERED','2016-03-07 22:38:10'),(2,247,1209,'REGISTERED','2016-03-08 04:50:20'),(2,248,1209,'UNREGISTERED','2016-03-08 04:51:55'),(2,248,1209,'REGISTERED','2016-03-08 04:51:58'),(2,248,1209,'UNREGISTERED','2016-03-08 04:52:03'),(2,252,1345,'REGISTERED','2016-03-08 04:53:33'),(2,255,1345,'REGISTERED','2016-03-08 04:54:05'),(2,253,1259,'REGISTERED','2016-03-08 05:50:26'),(2,252,1434,'UNREGISTERED','2016-03-08 06:07:49'),(2,253,1292,'REGISTERED','2016-03-08 06:14:19'),(2,253,1218,'REGISTERED','2016-03-08 06:31:01'),(2,253,1218,'STANDBY','2016-03-08 06:31:02'),(2,274,1412,'CANCEL_STANDBY','2016-03-08 07:17:16'),(2,268,1412,'REGISTERED','2016-03-08 07:18:31'),(2,268,1412,'UNREGISTERED','2016-03-08 07:18:44'),(2,252,1478,'REGISTERED','2016-03-08 07:34:25'),(2,252,1477,'REGISTERED','2016-03-08 07:34:50'),(2,248,1201,'REGISTERED','2016-03-08 07:57:31'),(2,252,1219,'REGISTERED','2016-03-08 08:01:31'),(2,267,1219,'REGISTERED','2016-03-08 08:02:05'),(2,269,1219,'REGISTERED','2016-03-08 08:02:18'),(2,282,1219,'REGISTERED','2016-03-08 08:02:47'),(2,297,1219,'REGISTERED','2016-03-08 08:03:05'),(2,248,1240,'UNREGISTERED','2016-03-08 08:18:31'),(2,251,1240,'STANDBY','2016-03-08 08:19:08'),(2,252,1240,'STANDBY','2016-03-08 08:19:26'),(2,248,1240,'REGISTERED','2016-03-08 08:20:02'),(2,248,1240,'UNREGISTERED','2016-03-08 08:20:05'),(2,247,1462,'UNREGISTERED','2016-03-08 11:55:44'),(2,254,1246,'REGISTERED','2016-03-08 13:48:50'),(2,261,1544,'REGISTERED','2016-03-08 14:43:56'),(2,266,1544,'REGISTERED','2016-03-08 14:44:24'),(2,281,1544,'REGISTERED','2016-03-08 14:45:41'),(2,285,1544,'REGISTERED','2016-03-08 14:46:44'),(2,289,1544,'STANDBY','2016-03-08 14:47:44'),(2,291,1544,'REGISTERED','2016-03-08 14:48:30'),(2,248,1263,'REGISTERED','2016-03-08 15:27:52'),(2,248,1263,'UNREGISTERED','2016-03-08 16:01:12'),(2,248,1204,'UNREGISTERED','2016-03-08 16:44:01'),(2,251,1204,'STANDBY','2016-03-08 16:45:06'),(2,250,1259,'REGISTERED','2016-03-08 17:39:02'),(2,252,1463,'STANDBY','2016-03-08 17:39:09'),(2,248,1463,'UNREGISTERED','2016-03-08 17:41:21'),(2,260,1201,'REGISTERED','2016-03-08 17:43:53'),(2,253,1412,'REGISTERED','2016-03-08 17:46:21'),(2,255,1412,'UNREGISTERED','2016-03-08 17:46:47'),(2,252,1390,'UNREGISTERED','2016-03-08 17:49:16'),(2,252,1240,'CANCEL_STANDBY','2016-03-08 17:51:44'),(2,252,1240,'REGISTERED','2016-03-08 17:51:46'),(2,258,1237,'REGISTERED','2016-03-08 17:58:11'),(2,250,1212,'REGISTERED','2016-03-08 18:04:45'),(2,259,1236,'UNREGISTERED','2016-03-08 18:14:10'),(2,259,1209,'CANCEL_STANDBY','2016-03-08 18:16:50'),(2,259,1209,'REGISTERED','2016-03-08 18:16:51'),(2,262,1209,'REGISTERED','2016-03-08 18:17:49'),(2,250,1227,'REGISTERED','2016-03-08 18:18:39'),(2,256,1304,'REGISTERED','2016-03-08 19:19:12'),(2,263,1201,'REGISTERED','2016-03-08 19:26:06'),(2,250,1303,'REGISTERED','2016-03-08 19:49:49'),(2,250,1291,'REGISTERED','2016-03-08 19:54:05'),(2,258,1268,'REGISTERED','2016-03-08 20:47:33'),(2,266,1268,'REGISTERED','2016-03-08 20:48:06'),(2,263,1543,'REGISTERED','2016-03-09 01:03:08'),(2,263,1543,'UNREGISTERED','2016-03-09 01:03:09'),(2,263,1543,'REGISTERED','2016-03-09 01:03:09'),(2,251,1236,'STANDBY','2016-03-09 05:10:08'),(2,250,1257,'REGISTERED','2016-03-09 07:26:31'),(2,250,1227,'UNREGISTERED','2016-03-09 08:36:52'),(2,250,1227,'UNREGISTERED','2016-03-09 08:36:52'),(2,250,1291,'UNREGISTERED','2016-03-09 08:47:19'),(2,251,1285,'STANDBY','2016-03-09 09:16:32'),(2,250,1257,'UNREGISTERED','2016-03-09 09:48:10'),(2,256,1201,'REGISTERED','2016-03-09 09:50:50'),(2,250,1204,'REGISTERED','2016-03-09 10:18:32'),(2,251,1204,'CANCEL_STANDBY','2016-03-09 10:18:40'),(2,251,1505,'UNREGISTERED','2016-03-09 10:19:11'),(2,251,1240,'CANCEL_STANDBY','2016-03-09 10:20:57'),(2,251,1240,'REGISTERED','2016-03-09 10:21:00'),(2,252,1240,'UNREGISTERED','2016-03-09 10:21:17'),(2,252,1284,'REGISTERED','2016-03-09 11:22:42'),(2,262,1462,'REGISTERED','2016-03-09 12:33:53'),(2,250,1213,'REGISTERED','2016-03-09 13:02:54'),(2,250,1294,'REGISTERED','2016-03-09 13:06:53'),(2,250,1294,'UNREGISTERED','2016-03-09 13:06:54'),(2,250,1294,'REGISTERED','2016-03-09 13:07:00'),(2,252,1397,'STANDBY','2016-03-09 13:18:49'),(2,251,1254,'UNREGISTERED','2016-03-09 16:13:17'),(2,252,1284,'UNREGISTERED','2016-03-09 16:52:23'),(2,252,1397,'CANCEL_STANDBY','2016-03-09 16:53:13'),(2,252,1397,'REGISTERED','2016-03-09 16:53:15'),(2,255,1284,'REGISTERED','2016-03-09 17:24:10'),(2,259,1230,'UNREGISTERED','2016-03-09 18:40:55'),(2,259,1262,'CANCEL_STANDBY','2016-03-09 18:41:32'),(2,259,1262,'REGISTERED','2016-03-09 18:41:35'),(2,254,1505,'UNREGISTERED','2016-03-09 19:20:58'),(2,266,1269,'REGISTERED','2016-03-09 19:55:32'),(2,281,1269,'REGISTERED','2016-03-09 19:55:42'),(2,296,1269,'REGISTERED','2016-03-09 19:55:50'),(2,256,1558,'REGISTERED','2016-03-09 21:01:19'),(2,255,1478,'REGISTERED','2016-03-09 21:12:45'),(2,266,1543,'REGISTERED','2016-03-09 22:44:14'),(2,271,1543,'REGISTERED','2016-03-09 22:44:48'),(2,290,1543,'REGISTERED','2016-03-09 22:45:14'),(2,259,1241,'STANDBY','2016-03-10 06:39:44'),(2,260,1241,'REGISTERED','2016-03-10 06:40:00'),(2,260,1241,'UNREGISTERED','2016-03-10 06:40:00'),(2,260,1241,'REGISTERED','2016-03-10 06:40:00'),(2,263,1241,'REGISTERED','2016-03-10 06:41:08'),(2,263,1241,'UNREGISTERED','2016-03-10 06:41:08'),(2,263,1241,'REGISTERED','2016-03-10 06:41:08'),(2,266,1241,'REGISTERED','2016-03-10 06:41:18'),(2,268,1241,'REGISTERED','2016-03-10 06:41:29'),(2,268,1241,'UNREGISTERED','2016-03-10 06:41:29'),(2,268,1241,'REGISTERED','2016-03-10 06:41:29'),(2,271,1241,'REGISTERED','2016-03-10 06:41:36'),(2,271,1241,'UNREGISTERED','2016-03-10 06:41:36'),(2,271,1241,'REGISTERED','2016-03-10 06:41:36'),(2,271,1241,'UNREGISTERED','2016-03-10 06:41:38'),(2,271,1241,'UNREGISTERED','2016-03-10 06:41:38'),(2,269,1518,'UNREGISTERED','2016-03-10 07:43:06'),(2,278,1518,'REGISTERED','2016-03-10 07:43:29'),(2,281,1518,'UNREGISTERED','2016-03-10 07:44:43'),(2,279,1518,'REGISTERED','2016-03-10 07:44:55'),(2,253,1368,'STANDBY','2016-03-10 08:10:44'),(2,266,1518,'UNREGISTERED','2016-03-10 09:45:27'),(2,263,1518,'REGISTERED','2016-03-10 09:45:32'),(2,278,1518,'UNREGISTERED','2016-03-10 09:46:53'),(2,278,1518,'REGISTERED','2016-03-10 09:47:14'),(2,255,1077,'REGISTERED','2016-03-10 12:41:56'),(2,255,1201,'REGISTERED','2016-03-10 17:13:09'),(2,255,1520,'REGISTERED','2016-03-10 17:13:35'),(2,260,1205,'REGISTERED','2016-03-10 17:30:07'),(2,257,1232,'REGISTERED','2016-03-10 18:19:32'),(2,254,1281,'REGISTERED','2016-03-10 18:34:43'),(2,254,1333,'REGISTERED','2016-03-10 22:29:10'),(2,258,1268,'UNREGISTERED','2016-03-10 23:10:22'),(2,255,1390,'REGISTERED','2016-03-10 23:51:24'),(2,266,1300,'REGISTERED','2016-03-11 05:23:38'),(2,269,1300,'REGISTERED','2016-03-11 05:23:46'),(2,281,1300,'REGISTERED','2016-03-11 05:27:17'),(2,284,1300,'REGISTERED','2016-03-11 05:27:26'),(2,296,1300,'REGISTERED','2016-03-11 05:27:36'),(2,256,1204,'REGISTERED','2016-03-11 06:52:16'),(2,256,1558,'UNREGISTERED','2016-03-11 07:22:46'),(2,262,1558,'REGISTERED','2016-03-11 07:23:31'),(2,266,1397,'REGISTERED','2016-03-11 07:45:30'),(2,260,1345,'REGISTERED','2016-03-11 08:11:49'),(2,266,1225,'REGISTERED','2016-03-11 08:59:11'),(2,281,1225,'REGISTERED','2016-03-11 08:59:34'),(2,296,1225,'REGISTERED','2016-03-11 08:59:52'),(2,258,1561,'REGISTERED','2016-03-11 09:23:24'),(2,266,1561,'STANDBY','2016-03-11 09:43:00'),(2,288,1518,'UNREGISTERED','2016-03-11 12:21:30'),(2,264,1518,'REGISTERED','2016-03-11 12:21:41'),(2,261,1230,'REGISTERED','2016-03-11 13:20:47'),(2,256,1142,'REGISTERED','2016-03-11 13:41:58'),(2,259,1270,'STANDBY','2016-03-11 13:42:14'),(2,261,1142,'REGISTERED','2016-03-11 13:42:27'),(2,259,1270,'CANCEL_STANDBY','2016-03-11 13:42:32'),(2,263,1270,'REGISTERED','2016-03-11 13:44:01'),(2,260,1390,'REGISTERED','2016-03-11 14:33:38'),(2,267,1390,'REGISTERED','2016-03-11 14:33:50'),(2,270,1390,'REGISTERED','2016-03-11 14:34:02'),(2,258,1271,'REGISTERED','2016-03-11 15:18:58'),(2,257,1271,'REGISTERED','2016-03-11 15:19:10'),(2,261,1230,'UNREGISTERED','2016-03-11 17:41:05'),(2,256,1556,'UNREGISTERED','2016-03-11 17:47:41'),(2,258,1279,'REGISTERED','2016-03-11 18:35:05'),(2,267,1279,'REGISTERED','2016-03-11 18:36:22'),(2,263,1240,'UNREGISTERED','2016-03-11 18:37:52'),(2,267,1240,'REGISTERED','2016-03-11 18:38:12'),(2,281,1279,'REGISTERED','2016-03-11 18:39:43'),(2,296,1240,'REGISTERED','2016-03-11 18:40:23'),(2,293,1240,'UNREGISTERED','2016-03-11 18:40:35'),(2,273,1279,'REGISTERED','2016-03-11 18:40:52'),(2,288,1279,'REGISTERED','2016-03-11 18:41:05'),(2,296,1279,'REGISTERED','2016-03-11 18:41:20'),(2,266,1240,'STANDBY','2016-03-11 18:42:00'),(2,266,1279,'STANDBY','2016-03-11 18:42:10'),(2,256,1556,'REGISTERED','2016-03-11 19:18:18'),(2,256,1556,'UNREGISTERED','2016-03-11 19:18:20'),(2,256,1556,'UNREGISTERED','2016-03-11 19:18:21'),(2,256,1556,'REGISTERED','2016-03-11 19:21:30'),(2,257,1221,'REGISTERED','2016-03-11 20:24:17'),(2,268,1221,'REGISTERED','2016-03-11 20:24:42'),(2,267,1555,'REGISTERED','2016-03-11 21:14:09'),(2,256,1543,'UNREGISTERED','2016-03-12 07:14:36'),(2,301,1233,'REGISTERED','2016-03-12 08:10:33'),(2,300,1233,'UNREGISTERED','2016-03-12 08:10:48'),(2,266,1304,'STANDBY','2016-03-12 09:10:31'),(2,260,1556,'REGISTERED','2016-03-12 09:20:42'),(2,267,1556,'REGISTERED','2016-03-12 09:20:59'),(2,260,1556,'UNREGISTERED','2016-03-12 09:21:17'),(2,267,1556,'UNREGISTERED','2016-03-12 09:21:24'),(2,290,1544,'REGISTERED','2016-03-12 10:23:57'),(2,300,1544,'REGISTERED','2016-03-12 10:24:36'),(2,290,1544,'UNREGISTERED','2016-03-12 10:26:05'),(2,257,1218,'REGISTERED','2016-03-12 12:46:17'),(2,268,1218,'REGISTERED','2016-03-12 12:46:40'),(2,263,1331,'REGISTERED','2016-03-12 13:23:33'),(2,268,1331,'REGISTERED','2016-03-12 13:23:52'),(2,260,1433,'REGISTERED','2016-03-12 13:40:24'),(2,257,1218,'UNREGISTERED','2016-03-12 14:17:52'),(2,258,1295,'REGISTERED','2016-03-12 14:52:20'),(2,258,1294,'REGISTERED','2016-03-12 14:53:25'),(2,257,1259,'REGISTERED','2016-03-12 15:02:15'),(2,266,1279,'CANCEL_STANDBY','2016-03-12 15:07:28'),(2,267,1279,'UNREGISTERED','2016-03-12 15:07:37'),(2,262,1279,'REGISTERED','2016-03-12 15:07:49'),(2,258,1213,'REGISTERED','2016-03-12 15:28:00'),(2,257,1292,'REGISTERED','2016-03-12 15:51:17'),(2,258,1202,'REGISTERED','2016-03-12 16:20:19'),(2,259,1543,'CANCEL_STANDBY','2016-03-12 16:32:18'),(2,266,1543,'UNREGISTERED','2016-03-12 16:33:28'),(2,264,1543,'REGISTERED','2016-03-12 16:33:40'),(2,266,1240,'CANCEL_STANDBY','2016-03-12 16:45:24'),(2,266,1240,'REGISTERED','2016-03-12 16:45:26'),(2,267,1240,'UNREGISTERED','2016-03-12 16:45:36'),(2,259,1364,'UNREGISTERED','2016-03-12 16:59:17'),(2,259,1308,'CANCEL_STANDBY','2016-03-12 17:37:01'),(2,258,1310,'REGISTERED','2016-03-12 19:25:35'),(2,259,1308,'REGISTERED','2016-03-12 19:29:22'),(2,267,1568,'REGISTERED','2016-03-12 19:57:08'),(2,267,1345,'REGISTERED','2016-03-12 20:03:58'),(2,270,1345,'REGISTERED','2016-03-12 20:04:29'),(2,268,1210,'REGISTERED','2016-03-12 21:16:45'),(2,258,1543,'STANDBY','2016-03-12 22:04:33'),(2,262,1543,'REGISTERED','2016-03-12 22:05:07'),(2,258,1228,'STANDBY','2016-03-13 03:46:42'),(2,262,1228,'REGISTERED','2016-03-13 03:47:11'),(2,261,1287,'UNREGISTERED','2016-03-13 05:27:18'),(2,258,1301,'UNREGISTERED','2016-03-13 06:40:48'),(2,259,1443,'CANCEL_STANDBY','2016-03-13 06:52:42'),(2,260,1426,'REGISTERED','2016-03-13 07:22:02'),(2,267,1426,'REGISTERED','2016-03-13 07:22:15'),(2,270,1426,'REGISTERED','2016-03-13 07:22:42'),(2,260,1477,'REGISTERED','2016-03-13 07:58:04'),(2,261,1520,'REGISTERED','2016-03-13 08:06:36'),(2,264,1520,'REGISTERED','2016-03-13 08:07:00'),(2,269,1246,'REGISTERED','2016-03-13 08:10:58'),(2,266,1250,'STANDBY','2016-03-13 08:13:50'),(2,289,1250,'STANDBY','2016-03-13 08:14:16'),(2,274,1250,'STANDBY','2016-03-13 08:14:23'),(2,274,1250,'CANCEL_STANDBY','2016-03-13 08:14:45'),(2,274,1250,'STANDBY','2016-03-13 08:14:59'),(2,266,1250,'CANCEL_STANDBY','2016-03-13 08:16:11'),(2,259,1209,'UNREGISTERED','2016-03-13 08:22:30'),(2,270,1209,'REGISTERED','2016-03-13 08:25:10'),(2,268,1209,'REGISTERED','2016-03-13 08:26:37'),(2,260,1307,'STANDBY','2016-03-13 08:39:26'),(2,258,1237,'UNREGISTERED','2016-03-13 08:50:25'),(2,259,1478,'REGISTERED','2016-03-13 09:04:27'),(2,259,1258,'UNREGISTERED','2016-03-13 09:27:21'),(2,260,1390,'UNREGISTERED','2016-03-13 10:30:00'),(2,266,1236,'STANDBY','2016-03-13 10:40:12'),(2,261,1238,'REGISTERED','2016-03-13 10:54:21'),(2,264,1238,'REGISTERED','2016-03-13 10:54:41'),(2,269,1238,'REGISTERED','2016-03-13 10:54:55'),(2,260,1307,'CANCEL_STANDBY','2016-03-13 11:00:40'),(2,260,1307,'REGISTERED','2016-03-13 11:00:51'),(2,260,1307,'UNREGISTERED','2016-03-13 12:08:48'),(2,278,1332,'REGISTERED','2016-03-13 12:43:22'),(2,281,1332,'REGISTERED','2016-03-13 12:43:35'),(2,290,1332,'REGISTERED','2016-03-13 12:44:46'),(2,260,1434,'REGISTERED','2016-03-13 13:48:17'),(2,261,1263,'REGISTERED','2016-03-13 15:22:25'),(2,272,1221,'REGISTERED','2016-03-13 15:25:47'),(2,258,1543,'CANCEL_STANDBY','2016-03-13 15:28:26'),(2,258,1543,'REGISTERED','2016-03-13 15:28:27'),(2,260,1287,'UNREGISTERED','2016-03-13 15:55:11'),(2,259,1544,'REGISTERED','2016-03-13 16:09:02'),(2,259,1544,'STANDBY','2016-03-13 16:09:02'),(2,261,1544,'UNREGISTERED','2016-03-13 16:09:46'),(2,261,1544,'UNREGISTERED','2016-03-13 16:09:46'),(2,271,1543,'UNREGISTERED','2016-03-13 16:49:34'),(2,266,1241,'UNREGISTERED','2016-03-13 17:09:18'),(2,264,1241,'REGISTERED','2016-03-13 17:09:31'),(2,266,1304,'CANCEL_STANDBY','2016-03-13 17:10:02'),(2,266,1304,'REGISTERED','2016-03-13 17:10:04'),(2,261,1201,'REGISTERED','2016-03-13 17:43:04'),(2,260,1434,'UNREGISTERED','2016-03-13 18:20:52'),(2,265,1303,'REGISTERED','2016-03-13 18:31:12'),(2,270,1262,'REGISTERED','2016-03-13 18:55:46'),(2,266,1262,'UNREGISTERED','2016-03-13 18:56:11'),(2,266,1478,'REGISTERED','2016-03-13 19:11:45'),(2,271,1262,'REGISTERED','2016-03-13 19:13:00'),(2,282,1478,'REGISTERED','2016-03-13 19:14:47'),(2,268,1232,'STANDBY','2016-03-13 19:27:50'),(2,262,1276,'REGISTERED','2016-03-13 20:04:39'),(2,268,1265,'STANDBY','2016-03-13 20:10:18'),(2,261,1077,'REGISTERED','2016-03-13 20:23:22'),(2,261,1077,'UNREGISTERED','2016-03-13 20:23:22'),(2,261,1077,'REGISTERED','2016-03-13 20:23:22'),(2,300,1233,'REGISTERED','2016-03-13 21:13:27'),(2,268,1209,'UNREGISTERED','2016-03-14 07:54:35'),(2,264,1581,'REGISTERED','2016-03-14 08:46:04'),(2,264,1251,'REGISTERED','2016-03-14 08:52:39'),(2,264,1582,'REGISTERED','2016-03-14 08:53:24'),(2,264,1201,'UNREGISTERED','2016-03-14 08:54:45'),(2,275,1250,'REGISTERED','2016-03-14 09:06:24'),(2,277,1250,'REGISTERED','2016-03-14 09:06:53'),(2,281,1250,'STANDBY','2016-03-14 09:07:04'),(2,290,1250,'REGISTERED','2016-03-14 09:07:20'),(2,292,1250,'REGISTERED','2016-03-14 09:07:35'),(2,296,1250,'REGISTERED','2016-03-14 09:07:43'),(2,282,1250,'REGISTERED','2016-03-14 09:09:15'),(2,275,1427,'REGISTERED','2016-03-14 09:12:29'),(2,269,1427,'REGISTERED','2016-03-14 09:13:20'),(2,262,1201,'REGISTERED','2016-03-14 09:40:26'),(2,264,1298,'REGISTERED','2016-03-14 11:22:04'),(2,268,1583,'REGISTERED','2016-03-14 15:13:48'),(2,270,1574,'REGISTERED','2016-03-14 15:34:26'),(2,262,1276,'UNREGISTERED','2016-03-14 15:56:22'),(2,263,1477,'REGISTERED','2016-03-14 17:54:45'),(2,262,1543,'UNREGISTERED','2016-03-14 18:19:12'),(2,266,1543,'STANDBY','2016-03-14 18:20:43'),(2,267,1543,'REGISTERED','2016-03-14 18:20:58'),(2,293,1543,'REGISTERED','2016-03-14 18:22:21'),(2,294,1543,'REGISTERED','2016-03-14 18:22:35'),(2,263,1333,'REGISTERED','2016-03-15 07:39:04'),(2,262,1558,'UNREGISTERED','2016-03-15 08:49:02'),(2,267,1463,'REGISTERED','2016-03-15 09:17:05'),(2,281,1304,'STANDBY','2016-03-15 12:31:02'),(2,275,1304,'REGISTERED','2016-03-15 12:31:20'),(2,277,1228,'REGISTERED','2016-03-15 14:35:17'),(2,273,1228,'REGISTERED','2016-03-15 14:35:41'),(2,262,1237,'UNREGISTERED','2016-03-15 14:52:39'),(2,263,1297,'UNREGISTERED','2016-03-15 14:58:19'),(2,271,1332,'REGISTERED','2016-03-15 15:54:35'),(2,263,1518,'UNREGISTERED','2016-03-15 17:05:36'),(2,264,1205,'STANDBY','2016-03-15 17:07:42'),(2,266,1478,'UNREGISTERED','2016-03-15 18:48:43'),(2,265,1204,'REGISTERED','2016-03-15 19:07:20'),(2,267,1434,'REGISTERED','2016-03-15 20:03:54'),(2,265,1259,'REGISTERED','2016-03-15 20:07:14'),(2,271,1304,'REGISTERED','2016-03-15 21:28:36'),(2,264,1262,'STANDBY','2016-03-15 21:57:36'),(2,283,1518,'UNREGISTERED','2016-03-15 22:01:48'),(2,282,1518,'REGISTERED','2016-03-15 22:02:25'),(2,264,1543,'UNREGISTERED','2016-03-15 22:16:49'),(2,266,1543,'CANCEL_STANDBY','2016-03-15 22:17:06'),(2,266,1543,'REGISTERED','2016-03-15 22:17:12'),(2,267,1543,'UNREGISTERED','2016-03-15 22:17:28'),(2,275,1543,'REGISTERED','2016-03-15 22:18:58'),(2,278,1543,'REGISTERED','2016-03-15 22:19:30'),(2,281,1543,'STANDBY','2016-03-15 22:19:52'),(2,282,1543,'REGISTERED','2016-03-15 22:20:05'),(2,264,1262,'CANCEL_STANDBY','2016-03-15 22:53:51'),(2,264,1262,'REGISTERED','2016-03-15 22:53:54'),(2,267,1299,'REGISTERED','2016-03-15 23:06:00'),(2,277,1209,'REGISTERED','2016-03-16 05:00:59'),(2,276,1582,'REGISTERED','2016-03-16 07:38:54'),(2,279,1582,'REGISTERED','2016-03-16 07:39:02'),(2,271,1241,'REGISTERED','2016-03-16 08:45:02'),(2,278,1331,'REGISTERED','2016-03-16 11:00:19'),(2,283,1331,'REGISTERED','2016-03-16 11:00:48'),(2,278,1331,'UNREGISTERED','2016-03-16 11:01:44'),(2,266,1268,'UNREGISTERED','2016-03-16 11:16:11'),(2,273,1462,'REGISTERED','2016-03-16 11:28:18'),(2,265,1227,'REGISTERED','2016-03-16 11:38:51'),(2,265,1213,'REGISTERED','2016-03-16 12:00:19'),(2,265,1294,'REGISTERED','2016-03-16 12:01:08'),(2,265,1532,'REGISTERED','2016-03-16 12:02:40'),(2,265,1212,'REGISTERED','2016-03-16 12:35:49'),(2,265,1257,'REGISTERED','2016-03-16 12:58:01'),(2,265,1291,'REGISTERED','2016-03-16 13:10:43'),(2,266,1204,'REGISTERED','2016-03-16 13:20:58'),(2,265,1204,'UNREGISTERED','2016-03-16 13:21:31'),(2,270,1284,'REGISTERED','2016-03-16 13:53:57'),(2,265,1273,'REGISTERED','2016-03-16 14:23:48'),(2,265,1257,'UNREGISTERED','2016-03-16 14:33:53'),(2,284,1235,'UNREGISTERED','2016-03-16 15:03:41'),(2,265,1579,'REGISTERED','2016-03-16 15:57:37'),(2,281,1230,'STANDBY','2016-03-16 16:00:55'),(2,282,1230,'REGISTERED','2016-03-16 16:01:06'),(2,277,1230,'REGISTERED','2016-03-16 16:01:31'),(2,268,1265,'CANCEL_STANDBY','2016-03-16 16:02:06'),(2,266,1561,'CANCEL_STANDBY','2016-03-16 16:04:31'),(2,265,1532,'UNREGISTERED','2016-03-16 16:04:55'),(2,284,1235,'REGISTERED','2016-03-16 16:08:14'),(2,274,1543,'STANDBY','2016-03-16 16:35:24'),(2,274,1543,'CANCEL_STANDBY','2016-03-16 16:35:28'),(2,282,1568,'REGISTERED','2016-03-16 17:16:39'),(2,273,1544,'REGISTERED','2016-03-16 19:40:42'),(2,290,1332,'UNREGISTERED','2016-03-16 20:42:20'),(2,268,1241,'UNREGISTERED','2016-03-16 20:42:39'),(2,298,1332,'REGISTERED','2016-03-16 20:42:43'),(2,268,1232,'CANCEL_STANDBY','2016-03-16 20:43:00'),(2,268,1232,'REGISTERED','2016-03-16 20:43:01'),(2,275,1241,'REGISTERED','2016-03-16 20:43:25'),(2,282,1543,'UNREGISTERED','2016-03-16 23:16:20'),(2,279,1543,'REGISTERED','2016-03-16 23:16:26'),(2,283,1204,'UNREGISTERED','2016-03-17 06:56:28'),(2,269,1204,'REGISTERED','2016-03-17 06:56:42'),(2,269,1204,'UNREGISTERED','2016-03-17 06:56:42'),(2,269,1204,'REGISTERED','2016-03-17 06:56:42'),(2,268,1204,'UNREGISTERED','2016-03-17 07:02:56'),(2,268,1204,'UNREGISTERED','2016-03-17 07:02:56'),(2,268,1204,'UNREGISTERED','2016-03-17 07:02:56'),(2,279,1265,'REGISTERED','2016-03-17 07:42:06'),(2,296,1568,'REGISTERED','2016-03-17 09:03:03'),(2,296,1568,'UNREGISTERED','2016-03-17 09:09:49'),(2,297,1568,'REGISTERED','2016-03-17 09:10:00'),(2,288,1510,'REGISTERED','2016-03-17 11:42:43'),(2,273,1510,'REGISTERED','2016-03-17 11:43:07'),(2,288,1510,'UNREGISTERED','2016-03-17 11:44:38'),(2,268,1210,'UNREGISTERED','2016-03-17 12:37:00'),(2,268,1201,'REGISTERED','2016-03-17 13:02:22'),(2,268,1259,'REGISTERED','2016-03-17 13:03:52'),(2,268,1201,'UNREGISTERED','2016-03-17 13:04:22'),(2,275,1426,'REGISTERED','2016-03-17 13:21:10'),(2,282,1426,'REGISTERED','2016-03-17 13:21:25'),(2,285,1426,'REGISTERED','2016-03-17 13:21:41'),(2,270,1390,'UNREGISTERED','2016-03-17 13:27:16'),(2,270,1278,'REGISTERED','2016-03-17 15:07:50'),(2,270,1278,'UNREGISTERED','2016-03-17 15:08:13'),(2,270,1278,'REGISTERED','2016-03-17 15:51:38'),(2,279,1298,'REGISTERED','2016-03-17 16:21:48'),(2,268,1265,'REGISTERED','2016-03-17 17:46:32'),(2,268,1201,'STANDBY','2016-03-17 18:07:28'),(2,283,1221,'REGISTERED','2016-03-17 18:09:24'),(2,270,1590,'REGISTERED','2016-03-17 18:11:45'),(2,269,1427,'UNREGISTERED','2016-03-17 19:26:20'),(2,279,1218,'UNREGISTERED','2016-03-17 19:26:55'),(2,279,1218,'UNREGISTERED','2016-03-17 19:26:56'),(2,279,1265,'UNREGISTERED','2016-03-17 19:27:20'),(2,282,1218,'REGISTERED','2016-03-17 19:28:16'),(2,282,1218,'UNREGISTERED','2016-03-17 19:28:16'),(2,282,1218,'REGISTERED','2016-03-17 19:28:16'),(2,282,1265,'REGISTERED','2016-03-17 19:28:32'),(2,282,1259,'REGISTERED','2016-03-17 19:29:01'),(2,282,1232,'STANDBY','2016-03-17 20:05:13'),(2,296,1543,'REGISTERED','2016-03-17 22:59:56'),(2,294,1543,'UNREGISTERED','2016-03-17 23:00:03'),(2,270,1278,'UNREGISTERED','2016-03-18 00:47:35'),(2,290,1583,'REGISTERED','2016-03-18 05:28:20'),(2,293,1583,'REGISTERED','2016-03-18 05:33:48'),(2,283,1583,'REGISTERED','2016-03-18 05:34:53'),(2,282,1583,'STANDBY','2016-03-18 05:35:12'),(2,281,1583,'STANDBY','2016-03-18 05:35:53'),(2,285,1210,'REGISTERED','2016-03-18 06:00:17'),(2,275,1345,'REGISTERED','2016-03-18 06:25:02'),(2,270,1426,'UNREGISTERED','2016-03-18 06:31:34'),(2,270,1426,'REGISTERED','2016-03-18 06:31:43'),(2,276,1549,'REGISTERED','2016-03-18 07:04:44'),(2,275,1590,'REGISTERED','2016-03-18 07:58:43'),(2,277,1201,'REGISTERED','2016-03-18 08:01:12'),(2,274,1590,'STANDBY','2016-03-18 08:11:07'),(2,274,1590,'CANCEL_STANDBY','2016-03-18 08:11:10'),(2,285,1590,'REGISTERED','2016-03-18 08:13:41'),(2,276,1238,'REGISTERED','2016-03-18 12:20:58'),(2,284,1238,'REGISTERED','2016-03-18 12:21:15'),(2,271,1263,'REGISTERED','2016-03-18 12:40:17'),(2,271,1574,'REGISTERED','2016-03-18 13:37:09'),(2,271,1201,'REGISTERED','2016-03-18 15:04:54'),(2,278,1241,'REGISTERED','2016-03-19 06:34:39'),(2,278,1241,'UNREGISTERED','2016-03-19 06:34:39'),(2,278,1241,'REGISTERED','2016-03-19 06:34:39'),(2,279,1241,'REGISTERED','2016-03-19 06:35:49'),(2,296,1304,'REGISTERED','2016-03-19 06:51:33'),(2,271,1304,'UNREGISTERED','2016-03-19 06:53:11'),(2,271,1304,'UNREGISTERED','2016-03-19 06:53:11'),(2,275,1477,'REGISTERED','2016-03-19 07:11:56'),(2,278,1477,'REGISTERED','2016-03-19 07:14:57'),(2,271,1201,'UNREGISTERED','2016-03-19 07:46:00'),(2,271,1201,'REGISTERED','2016-03-19 07:46:03'),(2,275,1205,'STANDBY','2016-03-19 10:32:07'),(2,278,1205,'REGISTERED','2016-03-19 10:32:15'),(2,279,1205,'REGISTERED','2016-03-19 10:32:21'),(2,275,1307,'STANDBY','2016-03-19 10:34:23'),(2,272,1309,'REGISTERED','2016-03-19 11:04:42'),(2,272,1224,'REGISTERED','2016-03-19 11:44:24'),(2,283,1224,'REGISTERED','2016-03-19 11:44:42'),(2,287,1224,'REGISTERED','2016-03-19 11:45:01'),(2,298,1224,'REGISTERED','2016-03-19 11:45:09'),(2,272,1259,'REGISTERED','2016-03-19 12:03:41'),(2,282,1555,'STANDBY','2016-03-19 12:04:19'),(2,272,1232,'REGISTERED','2016-03-19 12:04:29'),(2,283,1232,'REGISTERED','2016-03-19 12:04:42'),(2,278,1463,'REGISTERED','2016-03-19 16:34:09'),(2,283,1463,'REGISTERED','2016-03-19 16:34:19'),(2,276,1263,'REGISTERED','2016-03-19 16:46:37'),(2,276,1142,'REGISTERED','2016-03-19 16:57:17'),(2,279,1268,'REGISTERED','2016-03-19 17:37:47'),(2,274,1301,'UNREGISTERED','2016-03-19 17:39:07'),(2,274,1477,'REGISTERED','2016-03-19 17:39:42'),(2,275,1250,'UNREGISTERED','2016-03-19 17:39:49'),(2,274,1250,'CANCEL_STANDBY','2016-03-19 17:39:55'),(2,274,1250,'STANDBY','2016-03-19 17:39:57'),(2,275,1250,'REGISTERED','2016-03-19 17:40:16'),(2,275,1332,'UNREGISTERED','2016-03-19 19:30:14'),(2,273,1332,'REGISTERED','2016-03-19 19:30:24'),(2,275,1205,'CANCEL_STANDBY','2016-03-19 19:33:19'),(2,275,1205,'REGISTERED','2016-03-19 19:33:20'),(2,280,1221,'REGISTERED','2016-03-19 19:43:37'),(2,287,1221,'REGISTERED','2016-03-19 19:45:02'),(2,275,1226,'STANDBY','2016-03-19 20:29:30'),(2,274,1332,'CANCEL_STANDBY','2016-03-19 22:02:20'),(2,278,1549,'REGISTERED','2016-03-20 03:25:44'),(2,282,1345,'STANDBY','2016-03-20 04:28:12'),(2,275,1241,'UNREGISTERED','2016-03-20 04:34:23'),(2,275,1241,'UNREGISTERED','2016-03-20 04:34:23'),(2,273,1201,'REGISTERED','2016-03-20 04:44:18'),(2,275,1304,'UNREGISTERED','2016-03-20 05:58:37'),(2,278,1590,'REGISTERED','2016-03-20 07:03:44'),(2,278,1478,'REGISTERED','2016-03-20 09:06:37'),(2,273,1271,'REGISTERED','2016-03-20 09:11:38'),(2,272,1271,'REGISTERED','2016-03-20 09:11:48'),(2,281,1544,'UNREGISTERED','2016-03-20 09:15:02'),(2,281,1250,'CANCEL_STANDBY','2016-03-20 09:15:40'),(2,281,1250,'REGISTERED','2016-03-20 09:15:41'),(2,282,1250,'UNREGISTERED','2016-03-20 09:16:07'),(2,281,1543,'CANCEL_STANDBY','2016-03-20 09:16:33'),(2,272,1218,'REGISTERED','2016-03-20 09:21:58'),(2,272,1265,'REGISTERED','2016-03-20 10:24:22'),(2,282,1518,'UNREGISTERED','2016-03-20 10:26:06'),(2,272,1213,'REGISTERED','2016-03-20 10:26:07'),(2,282,1583,'CANCEL_STANDBY','2016-03-20 10:28:34'),(2,282,1583,'REGISTERED','2016-03-20 10:28:36'),(2,272,1295,'REGISTERED','2016-03-20 10:29:55'),(2,282,1555,'CANCEL_STANDBY','2016-03-20 10:38:18'),(2,282,1555,'REGISTERED','2016-03-20 10:38:35'),(2,278,1588,'STANDBY','2016-03-20 10:48:49'),(2,278,1589,'STANDBY','2016-03-20 10:49:24'),(2,279,1543,'UNREGISTERED','2016-03-20 10:49:44'),(2,279,1543,'REGISTERED','2016-03-20 10:49:55'),(2,275,1226,'CANCEL_STANDBY','2016-03-20 10:57:39'),(2,275,1226,'REGISTERED','2016-03-20 10:57:42'),(2,282,1345,'CANCEL_STANDBY','2016-03-20 10:58:34'),(2,282,1345,'STANDBY','2016-03-20 11:08:55'),(2,275,1267,'REGISTERED','2016-03-20 11:31:53'),(2,279,1278,'REGISTERED','2016-03-20 12:12:31'),(2,272,1579,'REGISTERED','2016-03-20 12:17:09'),(2,276,1284,'REGISTERED','2016-03-20 12:21:53'),(2,285,1209,'REGISTERED','2016-03-20 12:22:18'),(2,273,1228,'UNREGISTERED','2016-03-20 14:27:15'),(2,284,1301,'UNREGISTERED','2016-03-20 14:32:24'),(2,286,1301,'REGISTERED','2016-03-20 14:32:36'),(2,278,1549,'UNREGISTERED','2016-03-20 14:58:11'),(2,272,1232,'UNREGISTERED','2016-03-20 14:59:41'),(2,272,1232,'UNREGISTERED','2016-03-20 14:59:41'),(2,284,1300,'UNREGISTERED','2016-03-20 14:59:49'),(2,280,1232,'REGISTERED','2016-03-20 14:59:55'),(2,280,1232,'UNREGISTERED','2016-03-20 14:59:55'),(2,280,1232,'REGISTERED','2016-03-20 14:59:55'),(2,286,1300,'REGISTERED','2016-03-20 14:59:59'),(2,273,1271,'UNREGISTERED','2016-03-20 15:33:59'),(2,275,1427,'UNREGISTERED','2016-03-20 15:51:39'),(2,274,1204,'UNREGISTERED','2016-03-20 16:04:22'),(2,275,1307,'CANCEL_STANDBY','2016-03-20 16:32:42'),(2,275,1307,'CANCEL_STANDBY','2016-03-20 16:32:42'),(2,275,1426,'UNREGISTERED','2016-03-20 16:35:40'),(2,274,1426,'REGISTERED','2016-03-20 16:35:44'),(2,275,1426,'REGISTERED','2016-03-20 16:36:08'),(2,274,1426,'UNREGISTERED','2016-03-20 16:36:30'),(2,275,1426,'UNREGISTERED','2016-03-20 16:36:48'),(2,274,1426,'REGISTERED','2016-03-20 16:36:55'),(2,273,1559,'REGISTERED','2016-03-20 16:45:11'),(2,276,1287,'REGISTERED','2016-03-20 17:51:43'),(2,290,1287,'REGISTERED','2016-03-20 17:52:32'),(2,280,1303,'REGISTERED','2016-03-20 18:15:17'),(2,280,1303,'UNREGISTERED','2016-03-20 18:15:17'),(2,280,1303,'REGISTERED','2016-03-20 18:15:18'),(2,280,1227,'REGISTERED','2016-03-20 18:15:31'),(2,280,1212,'REGISTERED','2016-03-20 18:16:06'),(2,285,1343,'REGISTERED','2016-03-20 18:57:01'),(2,282,1426,'UNREGISTERED','2016-03-20 21:03:37'),(2,285,1426,'UNREGISTERED','2016-03-20 21:04:20'),(2,289,1426,'STANDBY','2016-03-20 21:04:46'),(2,282,1232,'CANCEL_STANDBY','2016-03-20 21:06:42'),(2,282,1232,'REGISTERED','2016-03-20 21:06:46'),(2,280,1232,'UNREGISTERED','2016-03-20 21:06:50'),(2,278,1412,'REGISTERED','2016-03-20 21:18:04'),(2,281,1412,'UNREGISTERED','2016-03-20 21:18:17'),(2,281,1304,'CANCEL_STANDBY','2016-03-20 21:18:59'),(2,281,1304,'REGISTERED','2016-03-20 21:19:01'),(2,286,1332,'REGISTERED','2016-03-20 22:06:06'),(2,282,1254,'STANDBY','2016-03-21 04:52:38'),(2,284,1254,'REGISTERED','2016-03-21 04:52:59'),(2,284,1254,'UNREGISTERED','2016-03-21 04:53:04'),(2,292,1276,'REGISTERED','2016-03-21 07:24:47'),(2,282,1232,'UNREGISTERED','2016-03-21 07:36:43'),(2,280,1232,'REGISTERED','2016-03-21 07:36:49'),(2,279,1581,'REGISTERED','2016-03-21 07:48:26'),(2,283,1248,'REGISTERED','2016-03-21 09:22:39'),(2,288,1239,'REGISTERED','2016-03-21 10:23:08'),(2,280,1265,'REGISTERED','2016-03-21 10:27:32'),(2,282,1218,'UNREGISTERED','2016-03-21 11:53:46'),(2,280,1218,'REGISTERED','2016-03-21 11:53:57'),(2,282,1343,'REGISTERED','2016-03-21 13:17:53'),(2,285,1478,'REGISTERED','2016-03-21 13:49:11'),(2,281,1300,'UNREGISTERED','2016-03-21 14:04:19'),(2,281,1230,'CANCEL_STANDBY','2016-03-21 14:09:50'),(2,281,1230,'REGISTERED','2016-03-21 14:09:51'),(2,282,1230,'UNREGISTERED','2016-03-21 14:10:35'),(2,294,1559,'REGISTERED','2016-03-21 17:30:55'),(2,277,1289,'UNREGISTERED','2016-03-21 18:22:35'),(2,292,1289,'UNREGISTERED','2016-03-21 18:22:44'),(2,278,1518,'UNREGISTERED','2016-03-22 06:59:55'),(2,281,1262,'UNREGISTERED','2016-03-22 08:02:51'),(2,286,1262,'REGISTERED','2016-03-22 08:07:29'),(2,279,1582,'UNREGISTERED','2016-03-22 10:21:36'),(2,279,1241,'UNREGISTERED','2016-03-22 13:01:18'),(2,293,1210,'REGISTERED','2016-03-22 13:28:50'),(2,279,1210,'REGISTERED','2016-03-22 13:36:01'),(2,278,1241,'UNREGISTERED','2016-03-22 14:56:46'),(2,278,1588,'CANCEL_STANDBY','2016-03-22 15:08:39'),(2,278,1588,'REGISTERED','2016-03-22 15:08:41'),(2,278,1589,'CANCEL_STANDBY','2016-03-22 15:10:16'),(2,278,1589,'REGISTERED','2016-03-22 15:10:18'),(2,290,1205,'REGISTERED','2016-03-22 15:34:59'),(2,288,1462,'REGISTERED','2016-03-22 16:07:32'),(2,282,1478,'UNREGISTERED','2016-03-22 16:14:51'),(2,279,1251,'REGISTERED','2016-03-22 17:45:08'),(2,281,1230,'UNREGISTERED','2016-03-22 18:13:14'),(2,279,1518,'UNREGISTERED','2016-03-22 18:50:25'),(2,282,1477,'REGISTERED','2016-03-22 19:24:09'),(2,280,1459,'REGISTERED','2016-03-22 19:29:27'),(2,279,1543,'UNREGISTERED','2016-03-22 19:29:41'),(2,281,1543,'REGISTERED','2016-03-22 19:29:55'),(2,280,1459,'UNREGISTERED','2016-03-22 19:29:59'),(2,280,1459,'UNREGISTERED','2016-03-22 19:29:59'),(2,282,1265,'UNREGISTERED','2016-03-22 19:31:16'),(2,283,1292,'REGISTERED','2016-03-22 19:39:26'),(2,281,1590,'REGISTERED','2016-03-22 20:44:34'),(2,289,1202,'STANDBY','2016-03-22 23:22:15'),(2,284,1246,'REGISTERED','2016-03-23 04:37:33'),(2,283,1204,'REGISTERED','2016-03-23 10:29:28'),(2,283,1204,'UNREGISTERED','2016-03-23 10:29:29'),(2,283,1204,'REGISTERED','2016-03-23 10:29:29'),(2,292,1543,'REGISTERED','2016-03-23 10:52:21'),(2,293,1543,'UNREGISTERED','2016-03-23 10:52:26'),(2,288,1570,'REGISTERED','2016-03-23 14:25:32'),(2,292,1570,'REGISTERED','2016-03-23 14:29:43'),(2,285,1426,'REGISTERED','2016-03-23 14:56:03'),(2,289,1426,'CANCEL_STANDBY','2016-03-23 14:56:27'),(2,296,1426,'REGISTERED','2016-03-23 14:56:58'),(2,282,1299,'REGISTERED','2016-03-23 14:59:37'),(2,280,1227,'UNREGISTERED','2016-03-23 15:06:54'),(2,280,1532,'REGISTERED','2016-03-23 15:08:25'),(2,280,1532,'UNREGISTERED','2016-03-23 15:43:16'),(2,298,1221,'REGISTERED','2016-03-23 16:28:08'),(2,289,1583,'STANDBY','2016-03-23 16:35:58'),(2,280,1265,'UNREGISTERED','2016-03-23 16:42:32'),(2,282,1299,'UNREGISTERED','2016-03-23 16:44:29'),(2,285,1299,'REGISTERED','2016-03-23 16:45:29'),(2,285,1426,'UNREGISTERED','2016-03-23 17:15:20'),(2,290,1343,'REGISTERED','2016-03-23 18:23:58'),(2,282,1345,'CANCEL_STANDBY','2016-03-23 18:25:24'),(2,284,1235,'UNREGISTERED','2016-03-23 19:02:28'),(2,285,1235,'REGISTERED','2016-03-23 19:02:37'),(2,292,1209,'REGISTERED','2016-03-23 19:52:02'),(2,288,1462,'UNREGISTERED','2016-03-23 20:23:39'),(2,288,1462,'REGISTERED','2016-03-23 20:26:13'),(2,297,1555,'REGISTERED','2016-03-23 20:34:00'),(2,283,1463,'UNREGISTERED','2016-03-24 07:23:01'),(2,289,1412,'CANCEL_STANDBY','2016-03-24 09:17:17'),(2,286,1332,'UNREGISTERED','2016-03-24 10:00:44'),(2,288,1202,'REGISTERED','2016-03-24 12:19:44'),(2,284,1254,'REGISTERED','2016-03-24 13:24:20'),(2,284,1254,'UNREGISTERED','2016-03-24 13:25:01'),(2,290,1590,'REGISTERED','2016-03-24 14:02:30'),(2,296,1590,'REGISTERED','2016-03-24 14:02:54'),(2,292,1084,'REGISTERED','2016-03-24 14:15:43'),(2,284,1210,'REGISTERED','2016-03-24 14:27:54'),(2,284,1210,'UNREGISTERED','2016-03-24 14:27:57'),(2,283,1292,'UNREGISTERED','2016-03-24 14:51:32'),(2,283,1232,'UNREGISTERED','2016-03-24 14:56:49'),(1,345,1041,'REGISTERED','2016-03-24 15:00:46'),(1,346,1041,'REGISTERED','2016-03-24 15:01:00'),(1,345,1117,'REGISTERED','2016-03-24 15:01:04'),(1,345,1041,'UNREGISTERED','2016-03-24 15:01:10'),(1,346,1051,'REGISTERED','2016-03-24 15:01:11'),(1,345,1126,'REGISTERED','2016-03-24 15:01:28'),(1,346,1067,'REGISTERED','2016-03-24 15:06:31'),(1,345,1049,'REGISTERED','2016-03-24 15:11:11'),(1,346,1084,'REGISTERED','2016-03-24 15:11:57'),(1,345,1043,'REGISTERED','2016-03-24 15:14:51'),(1,346,1012,'REGISTERED','2016-03-24 15:18:05'),(1,346,1026,'REGISTERED','2016-03-24 15:25:56'),(1,345,1074,'REGISTERED','2016-03-24 15:54:18'),(1,345,1022,'REGISTERED','2016-03-24 15:56:30'),(2,285,1590,'UNREGISTERED','2016-03-24 16:13:01'),(2,286,1304,'REGISTERED','2016-03-24 16:22:11'),(1,346,1054,'REGISTERED','2016-03-24 16:35:12'),(2,283,1459,'REGISTERED','2016-03-24 17:13:34'),(2,285,1240,'REGISTERED','2016-03-24 17:52:55'),(2,284,1240,'UNREGISTERED','2016-03-24 17:53:06'),(1,345,1123,'REGISTERED','2016-03-24 18:05:42'),(1,345,1087,'REGISTERED','2016-03-24 18:09:22'),(2,294,1298,'REGISTERED','2016-03-24 18:23:52'),(2,298,1233,'REGISTERED','2016-03-24 19:08:15'),(2,297,1233,'UNREGISTERED','2016-03-24 19:08:24'),(2,286,1565,'REGISTERED','2016-03-24 20:04:42'),(2,286,1204,'REGISTERED','2016-03-24 20:39:07'),(1,346,1037,'REGISTERED','2016-03-25 01:38:34'),(2,285,1443,'UNREGISTERED','2016-03-25 02:35:36'),(1,345,1527,'REGISTERED','2016-03-25 03:47:33'),(1,345,1042,'REGISTERED','2016-03-25 03:55:21'),(2,285,1204,'REGISTERED','2016-03-25 04:48:48'),(2,285,1204,'UNREGISTERED','2016-03-25 04:49:45'),(2,285,1201,'REGISTERED','2016-03-25 04:50:17'),(2,285,1246,'REGISTERED','2016-03-25 04:52:40'),(2,284,1246,'UNREGISTERED','2016-03-25 04:52:47'),(2,290,1541,'REGISTERED','2016-03-25 06:04:32'),(2,297,1541,'REGISTERED','2016-03-25 06:08:30'),(2,300,1262,'REGISTERED','2016-03-25 13:52:49'),(2,286,1204,'UNREGISTERED','2016-03-25 15:19:08'),(2,286,1241,'REGISTERED','2016-03-25 16:55:32'),(2,286,1477,'REGISTERED','2016-03-25 17:00:17'),(2,288,1241,'REGISTERED','2016-03-25 17:20:03'),(2,293,1241,'REGISTERED','2016-03-25 17:20:14'),(2,296,1241,'REGISTERED','2016-03-25 17:20:23'),(2,286,1478,'REGISTERED','2016-03-25 17:23:45'),(2,296,1426,'UNREGISTERED','2016-03-25 18:28:54'),(2,288,1543,'REGISTERED','2016-03-25 19:30:59'),(2,290,1543,'UNREGISTERED','2016-03-25 19:31:05'),(2,286,1263,'REGISTERED','2016-03-26 04:41:17'),(2,288,1491,'REGISTERED','2016-03-26 05:49:52'),(2,300,1478,'REGISTERED','2016-03-26 07:45:57'),(2,291,1549,'REGISTERED','2016-03-26 08:43:45'),(2,288,1297,'REGISTERED','2016-03-26 09:53:16'),(2,293,1297,'REGISTERED','2016-03-26 09:53:25'),(2,298,1210,'REGISTERED','2016-03-26 11:15:57'),(2,291,1238,'REGISTERED','2016-03-26 12:11:11'),(2,294,1238,'REGISTERED','2016-03-26 12:11:22'),(1,346,1127,'REGISTERED','2016-03-26 13:02:52'),(2,289,1209,'UNREGISTERED','2016-03-26 13:11:21'),(2,300,1209,'REGISTERED','2016-03-26 13:11:48'),(2,289,1250,'CANCEL_STANDBY','2016-03-26 13:11:55'),(2,289,1250,'REGISTERED','2016-03-26 13:11:56'),(2,290,1250,'UNREGISTERED','2016-03-26 13:13:47'),(2,290,1544,'REGISTERED','2016-03-26 13:17:00'),(2,291,1544,'UNREGISTERED','2016-03-26 13:17:13'),(2,291,1544,'UNREGISTERED','2016-03-26 13:17:13'),(2,287,1292,'REGISTERED','2016-03-26 13:23:41'),(2,299,1300,'REGISTERED','2016-03-26 14:12:11'),(2,291,1582,'REGISTERED','2016-03-26 14:26:37'),(2,294,1582,'REGISTERED','2016-03-26 14:26:55'),(2,294,1230,'REGISTERED','2016-03-26 14:59:10'),(2,287,1213,'REGISTERED','2016-03-26 15:04:18'),(2,293,1463,'REGISTERED','2016-03-26 15:21:41'),(2,298,1463,'REGISTERED','2016-03-26 15:21:51'),(2,298,1463,'UNREGISTERED','2016-03-26 15:21:51'),(2,298,1463,'REGISTERED','2016-03-26 15:21:51'),(2,297,1426,'REGISTERED','2016-03-26 16:30:10'),(2,287,1232,'REGISTERED','2016-03-26 17:13:09'),(2,287,1309,'REGISTERED','2016-03-26 17:13:42'),(2,298,1309,'REGISTERED','2016-03-26 17:13:49'),(2,290,1543,'REGISTERED','2016-03-26 18:27:54'),(2,292,1543,'UNREGISTERED','2016-03-26 18:28:42'),(2,288,1543,'UNREGISTERED','2016-03-26 18:29:02'),(2,287,1218,'REGISTERED','2016-03-26 19:04:07'),(1,345,1036,'REGISTERED','2016-03-26 19:23:26'),(2,288,1491,'UNREGISTERED','2016-03-26 19:44:36'),(2,287,1265,'REGISTERED','2016-03-26 19:55:49'),(2,291,1284,'REGISTERED','2016-03-27 04:55:09'),(2,300,1590,'REGISTERED','2016-03-27 05:52:40'),(2,300,1590,'UNREGISTERED','2016-03-27 05:52:40'),(2,300,1590,'REGISTERED','2016-03-27 05:52:40'),(2,297,1343,'REGISTERED','2016-03-27 05:54:09'),(2,288,1290,'REGISTERED','2016-03-27 08:04:57'),(2,298,1248,'REGISTERED','2016-03-27 08:11:04'),(2,288,1566,'REGISTERED','2016-03-27 09:23:38'),(2,296,1279,'UNREGISTERED','2016-03-27 10:09:50'),(2,298,1279,'REGISTERED','2016-03-27 10:11:04'),(2,298,1279,'UNREGISTERED','2016-03-27 10:13:07'),(2,296,1279,'REGISTERED','2016-03-27 10:13:13'),(2,290,1477,'REGISTERED','2016-03-27 10:25:04'),(2,287,1271,'REGISTERED','2016-03-27 11:11:47'),(2,288,1271,'REGISTERED','2016-03-27 11:11:57'),(1,345,1064,'REGISTERED','2016-03-27 11:19:36'),(2,293,1263,'REGISTERED','2016-03-27 11:20:00'),(2,291,1142,'REGISTERED','2016-03-27 12:05:03'),(1,346,1142,'REGISTERED','2016-03-27 12:05:49'),(1,346,1142,'UNREGISTERED','2016-03-27 12:05:49'),(1,346,1142,'REGISTERED','2016-03-27 12:05:51'),(2,288,1510,'REGISTERED','2016-03-27 12:20:55'),(2,287,1579,'REGISTERED','2016-03-27 12:36:39'),(2,289,1204,'UNREGISTERED','2016-03-27 13:44:28'),(2,291,1204,'REGISTERED','2016-03-27 13:44:41'),(2,289,1543,'CANCEL_STANDBY','2016-03-27 13:45:16'),(2,288,1202,'UNREGISTERED','2016-03-27 13:45:29'),(2,289,1202,'CANCEL_STANDBY','2016-03-27 13:47:47'),(2,289,1544,'CANCEL_STANDBY','2016-03-27 15:43:31'),(2,289,1544,'REGISTERED','2016-03-27 15:43:33'),(2,290,1544,'UNREGISTERED','2016-03-27 15:44:35'),(2,290,1333,'REGISTERED','2016-03-27 15:49:32'),(2,289,1561,'STANDBY','2016-03-27 16:05:57'),(2,291,1505,'REGISTERED','2016-03-27 17:30:09'),(2,292,1201,'REGISTERED','2016-03-27 17:41:17'),(2,296,1235,'REGISTERED','2016-03-27 18:12:44'),(2,299,1235,'REGISTERED','2016-03-27 18:13:07'),(2,298,1583,'REGISTERED','2016-03-27 19:03:25'),(2,300,1426,'REGISTERED','2016-03-27 19:30:32'),(2,293,1331,'REGISTERED','2016-03-27 19:55:59'),(2,293,1331,'UNREGISTERED','2016-03-27 19:56:29'),(2,298,1331,'STANDBY','2016-03-27 19:56:56'),(2,291,1505,'UNREGISTERED','2016-03-27 20:06:37'),(2,291,1581,'REGISTERED','2016-03-28 00:03:04'),(1,346,1055,'REGISTERED','2016-03-28 00:26:25'),(2,299,1549,'REGISTERED','2016-03-28 06:32:49'),(2,293,1427,'REGISTERED','2016-03-28 06:34:45'),(2,299,1427,'REGISTERED','2016-03-28 06:35:12'),(2,298,1221,'UNREGISTERED','2016-03-28 08:21:05'),(2,293,1478,'REGISTERED','2016-03-28 08:50:55'),(2,301,1233,'UNREGISTERED','2016-03-28 09:21:44'),(2,301,1233,'UNREGISTERED','2016-03-28 09:21:44'),(2,298,1331,'CANCEL_STANDBY','2016-03-28 18:18:51'),(2,298,1331,'REGISTERED','2016-03-28 18:18:53'),(2,292,1250,'UNREGISTERED','2016-03-28 19:36:43'),(2,298,1232,'STANDBY','2016-03-29 07:12:55'),(2,292,1290,'REGISTERED','2016-03-29 07:50:30'),(2,300,1426,'UNREGISTERED','2016-03-29 07:58:21'),(2,301,1426,'REGISTERED','2016-03-29 07:58:32'),(2,301,1426,'UNREGISTERED','2016-03-29 07:58:33'),(2,301,1500,'REGISTERED','2016-03-29 07:58:35'),(2,301,1426,'REGISTERED','2016-03-29 07:58:35'),(2,293,1477,'STANDBY','2016-03-29 08:05:40'),(2,297,1477,'REGISTERED','2016-03-29 08:05:50'),(2,293,1210,'UNREGISTERED','2016-03-29 09:23:35'),(2,294,1210,'REGISTERED','2016-03-29 09:23:43'),(2,293,1477,'CANCEL_STANDBY','2016-03-29 09:37:43'),(2,293,1477,'REGISTERED','2016-03-29 09:37:44'),(2,292,1241,'REGISTERED','2016-03-29 11:06:52'),(2,293,1241,'UNREGISTERED','2016-03-29 11:06:58'),(2,298,1218,'STANDBY','2016-03-29 11:15:41'),(2,292,1201,'UNREGISTERED','2016-03-29 13:03:47'),(2,292,1276,'UNREGISTERED','2016-03-29 13:05:30'),(2,299,1246,'REGISTERED','2016-03-29 14:10:25'),(2,293,1201,'REGISTERED','2016-03-29 15:46:09'),(2,293,1204,'UNREGISTERED','2016-03-29 15:46:47'),(2,296,1204,'REGISTERED','2016-03-29 15:47:09'),(2,292,1543,'REGISTERED','2016-03-29 15:49:40'),(2,294,1230,'UNREGISTERED','2016-03-29 16:23:45'),(2,294,1201,'REGISTERED','2016-03-29 18:38:16'),(2,297,1543,'REGISTERED','2016-03-30 05:09:29'),(2,296,1543,'UNREGISTERED','2016-03-30 05:09:42'),(2,297,1565,'REGISTERED','2016-03-30 07:23:23'),(2,300,1565,'REGISTERED','2016-03-30 07:25:43'),(2,300,1299,'REGISTERED','2016-03-30 08:00:25'),(2,301,1574,'REGISTERED','2016-03-30 08:01:47'),(2,295,1212,'REGISTERED','2016-03-30 11:52:22'),(2,295,1303,'REGISTERED','2016-03-30 11:53:15'),(2,299,1443,'REGISTERED','2016-03-30 12:03:20'),(2,295,1303,'UNREGISTERED','2016-03-30 12:46:09'),(1,345,1057,'REGISTERED','2016-03-30 14:38:34'),(2,296,1477,'REGISTERED','2016-03-30 15:39:00'),(2,300,1284,'REGISTERED','2016-03-30 15:48:18'),(2,301,1230,'REGISTERED','2016-03-30 16:12:14'),(2,299,1240,'REGISTERED','2016-03-30 16:57:01'),(2,297,1543,'UNREGISTERED','2016-03-30 17:19:36'),(2,301,1304,'REGISTERED','2016-03-30 18:00:57'),(2,298,1463,'UNREGISTERED','2016-03-30 18:07:33'),(2,298,1232,'CANCEL_STANDBY','2016-03-30 18:09:18'),(2,301,1241,'REGISTERED','2016-03-30 18:33:49'),(2,298,1218,'CANCEL_STANDBY','2016-03-30 19:16:07'),(2,298,1218,'REGISTERED','2016-03-30 19:16:08'),(2,298,1259,'STANDBY','2016-03-30 19:16:28'),(2,298,1265,'STANDBY','2016-03-31 09:16:02'),(2,298,1309,'UNREGISTERED','2016-03-31 09:32:25'),(2,298,1265,'CANCEL_STANDBY','2016-03-31 09:34:37'),(2,298,1265,'REGISTERED','2016-03-31 09:34:40'),(2,298,1224,'UNREGISTERED','2016-03-31 09:35:21'),(2,300,1262,'UNREGISTERED','2016-03-31 12:56:26'),(2,301,1262,'REGISTERED','2016-03-31 12:56:43'),(2,299,1549,'UNREGISTERED','2016-03-31 13:40:47'),(1,361,1052,'REGISTERED','2016-03-31 14:00:32'),(1,367,1041,'REGISTERED','2016-03-31 14:00:33'),(1,360,1113,'REGISTERED','2016-03-31 14:00:46'),(1,360,1013,'REGISTERED','2016-03-31 14:00:47'),(1,365,1052,'REGISTERED','2016-03-31 14:00:48'),(1,361,1084,'REGISTERED','2016-03-31 14:00:50'),(1,362,1113,'REGISTERED','2016-03-31 14:00:52'),(1,361,1013,'REGISTERED','2016-03-31 14:01:01'),(1,367,1084,'REGISTERED','2016-03-31 14:01:04'),(1,363,1113,'REGISTERED','2016-03-31 14:01:05'),(1,363,1013,'REGISTERED','2016-03-31 14:01:09'),(1,365,1113,'REGISTERED','2016-03-31 14:01:12'),(1,346,1113,'REGISTERED','2016-03-31 14:01:20'),(1,360,1049,'REGISTERED','2016-03-31 14:02:15'),(1,360,1126,'REGISTERED','2016-03-31 14:02:28'),(1,361,1049,'REGISTERED','2016-03-31 14:02:30'),(1,363,1049,'REGISTERED','2016-03-31 14:02:38'),(1,361,1051,'REGISTERED','2016-03-31 14:02:47'),(1,363,1126,'REGISTERED','2016-03-31 14:02:49'),(1,366,1049,'REGISTERED','2016-03-31 14:02:52'),(1,365,1051,'REGISTERED','2016-03-31 14:02:53'),(1,367,1051,'REGISTERED','2016-03-31 14:03:16'),(1,366,1126,'REGISTERED','2016-03-31 14:03:35'),(1,359,1012,'REGISTERED','2016-03-31 14:06:12'),(1,363,1012,'REGISTERED','2016-03-31 14:06:20'),(1,366,1012,'REGISTERED','2016-03-31 14:06:31'),(1,366,1012,'UNREGISTERED','2016-03-31 14:06:32'),(1,362,1026,'REGISTERED','2016-03-31 14:07:55'),(1,367,1026,'REGISTERED','2016-03-31 14:08:05'),(1,360,1055,'REGISTERED','2016-03-31 14:09:08'),(1,363,1055,'REGISTERED','2016-03-31 14:09:29'),(1,367,1055,'REGISTERED','2016-03-31 14:09:43'),(1,360,1031,'REGISTERED','2016-03-31 14:10:07'),(1,363,1031,'REGISTERED','2016-03-31 14:10:31'),(1,360,1107,'REGISTERED','2016-03-31 14:19:42'),(1,363,1107,'REGISTERED','2016-03-31 14:21:56'),(1,365,1107,'REGISTERED','2016-03-31 14:22:05'),(1,346,1037,'UNREGISTERED','2016-03-31 14:28:48'),(1,365,1037,'REGISTERED','2016-03-31 14:29:18'),(1,362,1037,'REGISTERED','2016-03-31 14:29:41'),(1,360,1037,'REGISTERED','2016-03-31 14:29:55'),(1,366,1037,'REGISTERED','2016-03-31 14:30:28'),(1,360,1016,'REGISTERED','2016-03-31 14:32:57'),(1,363,1016,'REGISTERED','2016-03-31 14:33:11'),(1,360,1087,'REGISTERED','2016-03-31 14:37:30'),(1,363,1087,'REGISTERED','2016-03-31 14:37:38'),(1,366,1087,'REGISTERED','2016-03-31 14:37:48'),(1,365,1087,'REGISTERED','2016-03-31 14:37:59'),(1,360,1117,'REGISTERED','2016-03-31 15:08:40'),(1,361,1117,'REGISTERED','2016-03-31 15:08:49'),(1,366,1117,'REGISTERED','2016-03-31 15:08:58'),(1,360,1081,'REGISTERED','2016-03-31 15:15:48'),(1,363,1081,'REGISTERED','2016-03-31 15:15:56'),(1,365,1076,'REGISTERED','2016-03-31 15:18:04'),(1,362,1042,'REGISTERED','2016-03-31 15:33:31'),(1,366,1042,'REGISTERED','2016-03-31 15:33:40'),(1,346,1042,'REGISTERED','2016-03-31 15:33:49'),(1,345,1042,'UNREGISTERED','2016-03-31 15:33:58'),(1,361,1022,'REGISTERED','2016-03-31 15:34:40'),(1,365,1022,'REGISTERED','2016-03-31 15:34:57'),(1,366,1022,'REGISTERED','2016-03-31 15:35:12'),(1,345,1022,'UNREGISTERED','2016-03-31 15:41:01'),(1,360,1023,'REGISTERED','2016-03-31 15:48:19'),(1,362,1023,'REGISTERED','2016-03-31 15:48:35'),(1,363,1023,'REGISTERED','2016-03-31 15:48:50'),(1,361,1047,'REGISTERED','2016-03-31 15:49:53'),(1,363,1047,'REGISTERED','2016-03-31 15:50:04'),(1,361,1074,'REGISTERED','2016-03-31 15:50:17'),(1,365,1047,'REGISTERED','2016-03-31 15:50:18'),(1,366,1047,'REGISTERED','2016-03-31 15:50:34'),(1,366,1074,'REGISTERED','2016-03-31 15:50:38'),(2,300,1565,'UNREGISTERED','2016-03-31 16:26:53'),(1,359,1044,'REGISTERED','2016-03-31 16:28:26'),(1,363,1044,'REGISTERED','2016-03-31 16:29:04'),(2,298,1232,'REGISTERED','2016-03-31 16:58:17'),(2,298,1204,'UNREGISTERED','2016-03-31 17:07:11'),(1,361,1017,'REGISTERED','2016-03-31 17:26:22'),(1,366,1017,'REGISTERED','2016-03-31 17:27:20'),(2,300,1201,'REGISTERED','2016-03-31 17:38:01'),(2,300,1204,'REGISTERED','2016-03-31 17:39:51'),(2,300,1258,'REGISTERED','2016-03-31 17:40:21'),(2,300,1258,'UNREGISTERED','2016-03-31 17:40:23'),(1,345,1120,'REGISTERED','2016-03-31 17:57:32'),(1,359,1029,'REGISTERED','2016-03-31 18:03:27'),(1,364,1029,'REGISTERED','2016-03-31 18:03:57'),(1,346,1067,'UNREGISTERED','2016-03-31 18:12:30'),(1,361,1123,'REGISTERED','2016-03-31 18:56:01'),(1,364,1123,'REGISTERED','2016-03-31 18:57:05'),(1,359,1019,'REGISTERED','2016-03-31 20:24:04'),(1,364,1019,'REGISTERED','2016-03-31 20:24:23'),(2,426,1230,'REGISTERED','2016-03-31 21:00:18'),(2,426,1443,'REGISTERED','2016-03-31 21:00:23'),(2,441,1230,'REGISTERED','2016-03-31 21:00:26'),(2,426,1590,'REGISTERED','2016-03-31 21:00:33'),(2,437,1478,'REGISTERED','2016-03-31 21:00:33'),(2,456,1230,'REGISTERED','2016-03-31 21:00:34'),(2,436,1443,'REGISTERED','2016-03-31 21:00:37'),(2,469,1230,'REGISTERED','2016-03-31 21:00:44'),(2,441,1443,'REGISTERED','2016-03-31 21:00:52'),(2,441,1590,'REGISTERED','2016-03-31 21:00:55'),(2,456,1443,'REGISTERED','2016-03-31 21:01:01'),(2,456,1590,'REGISTERED','2016-03-31 21:01:11'),(2,451,1443,'REGISTERED','2016-03-31 21:01:15'),(2,466,1443,'REGISTERED','2016-03-31 21:01:27'),(2,426,1210,'REGISTERED','2016-03-31 21:01:31'),(2,469,1590,'REGISTERED','2016-03-31 21:01:34'),(2,441,1210,'REGISTERED','2016-03-31 21:01:40'),(2,430,1478,'REGISTERED','2016-03-31 21:01:41'),(2,456,1210,'REGISTERED','2016-03-31 21:01:47'),(2,469,1210,'REGISTERED','2016-03-31 21:02:02'),(2,466,1210,'REGISTERED','2016-03-31 21:02:24'),(2,430,1478,'UNREGISTERED','2016-03-31 21:02:26'),(2,452,1478,'REGISTERED','2016-03-31 21:03:07'),(2,431,1230,'REGISTERED','2016-03-31 21:03:50'),(2,426,1262,'REGISTERED','2016-03-31 21:04:22'),(2,433,1262,'REGISTERED','2016-03-31 21:04:55'),(2,441,1262,'REGISTERED','2016-03-31 21:05:04'),(2,456,1262,'REGISTERED','2016-03-31 21:05:14'),(2,448,1262,'REGISTERED','2016-03-31 21:05:29'),(2,426,1412,'REGISTERED','2016-03-31 21:07:26'),(2,441,1412,'REGISTERED','2016-03-31 21:07:39'),(2,426,1544,'REGISTERED','2016-03-31 21:07:48'),(2,434,1544,'REGISTERED','2016-03-31 21:08:10'),(2,437,1412,'REGISTERED','2016-03-31 21:08:31'),(2,437,1544,'REGISTERED','2016-03-31 21:08:37'),(2,452,1412,'REGISTERED','2016-03-31 21:08:41'),(2,434,1544,'UNREGISTERED','2016-03-31 21:08:56'),(2,452,1412,'UNREGISTERED','2016-03-31 21:09:10'),(2,437,1412,'UNREGISTERED','2016-03-31 21:09:18'),(2,441,1544,'REGISTERED','2016-03-31 21:09:20'),(2,448,1544,'REGISTERED','2016-03-31 21:09:48'),(2,452,1544,'REGISTERED','2016-03-31 21:10:05'),(2,456,1544,'REGISTERED','2016-03-31 21:10:21'),(2,438,1412,'REGISTERED','2016-03-31 21:16:16'),(2,453,1412,'REGISTERED','2016-03-31 21:16:26'),(2,433,1412,'REGISTERED','2016-03-31 21:16:36'),(2,448,1412,'REGISTERED','2016-03-31 21:16:44'),(1,346,1058,'REGISTERED','2016-03-31 22:14:57'),(2,430,1583,'REGISTERED','2016-03-31 22:15:28'),(2,433,1583,'REGISTERED','2016-03-31 22:15:54'),(2,433,1583,'UNREGISTERED','2016-03-31 22:15:54'),(2,433,1583,'REGISTERED','2016-03-31 22:15:55'),(2,448,1583,'REGISTERED','2016-03-31 22:16:38'),(2,450,1583,'REGISTERED','2016-03-31 22:17:17'),(2,456,1583,'REGISTERED','2016-03-31 22:17:54'),(2,450,1583,'UNREGISTERED','2016-03-31 22:18:09'),(2,463,1583,'REGISTERED','2016-03-31 22:18:18'),(2,300,1412,'UNREGISTERED','2016-04-01 01:54:21'),(1,361,1054,'REGISTERED','2016-04-01 04:24:14'),(2,426,1331,'REGISTERED','2016-04-01 04:24:15'),(2,441,1331,'REGISTERED','2016-04-01 04:24:28'),(1,365,1054,'REGISTERED','2016-04-01 04:24:35'),(2,456,1331,'REGISTERED','2016-04-01 04:24:40'),(1,367,1054,'REGISTERED','2016-04-01 04:24:59'),(2,469,1331,'REGISTERED','2016-04-01 04:25:36'),(2,430,1331,'REGISTERED','2016-04-01 04:27:03'),(2,445,1331,'REGISTERED','2016-04-01 04:27:17'),(2,460,1331,'REGISTERED','2016-04-01 04:27:25'),(2,473,1331,'REGISTERED','2016-04-01 04:27:38'),(2,300,1343,'REGISTERED','2016-04-01 04:45:22'),(2,426,1235,'REGISTERED','2016-04-01 04:46:12'),(2,433,1235,'REGISTERED','2016-04-01 04:46:26'),(2,436,1235,'REGISTERED','2016-04-01 04:46:36'),(2,441,1235,'REGISTERED','2016-04-01 04:46:46'),(2,448,1235,'REGISTERED','2016-04-01 04:46:57'),(2,451,1235,'REGISTERED','2016-04-01 04:47:07'),(2,456,1235,'REGISTERED','2016-04-01 04:47:16'),(2,463,1235,'REGISTERED','2016-04-01 04:47:30'),(2,426,1263,'REGISTERED','2016-04-01 04:48:03'),(2,441,1263,'REGISTERED','2016-04-01 04:48:21'),(2,456,1263,'REGISTERED','2016-04-01 04:48:35'),(2,469,1263,'REGISTERED','2016-04-01 04:48:51'),(2,426,1236,'REGISTERED','2016-04-01 04:50:05'),(2,433,1240,'REGISTERED','2016-04-01 04:54:17'),(2,436,1240,'REGISTERED','2016-04-01 04:54:44'),(2,448,1240,'REGISTERED','2016-04-01 04:55:06'),(2,425,1240,'REGISTERED','2016-04-01 04:55:27'),(2,433,1300,'REGISTERED','2016-04-01 04:57:01'),(2,436,1300,'REGISTERED','2016-04-01 04:57:11'),(2,426,1301,'REGISTERED','2016-04-01 04:58:05'),(2,430,1301,'REGISTERED','2016-04-01 04:58:25'),(2,436,1301,'REGISTERED','2016-04-01 04:58:56'),(2,441,1201,'REGISTERED','2016-04-01 04:59:03'),(2,456,1201,'REGISTERED','2016-04-01 04:59:10'),(2,469,1201,'REGISTERED','2016-04-01 04:59:20'),(2,438,1301,'REGISTERED','2016-04-01 05:00:04'),(1,346,1113,'UNREGISTERED','2016-04-01 05:00:06'),(2,441,1301,'REGISTERED','2016-04-01 05:00:17'),(2,436,1246,'REGISTERED','2016-04-01 05:02:47'),(2,425,1239,'REGISTERED','2016-04-01 05:11:51'),(2,426,1297,'STANDBY','2016-04-01 05:17:30'),(2,430,1297,'REGISTERED','2016-04-01 05:18:18'),(2,441,1297,'STANDBY','2016-04-01 05:21:25'),(2,440,1239,'REGISTERED','2016-04-01 05:23:00'),(2,445,1297,'REGISTERED','2016-04-01 05:27:59'),(2,456,1297,'REGISTERED','2016-04-01 05:28:12'),(2,456,1297,'UNREGISTERED','2016-04-01 05:28:23'),(2,460,1297,'REGISTERED','2016-04-01 05:28:37'),(2,469,1297,'REGISTERED','2016-04-01 05:28:53'),(2,426,1364,'STANDBY','2016-04-01 05:46:22'),(2,301,1201,'REGISTERED','2016-04-01 05:48:05'),(2,426,1204,'STANDBY','2016-04-01 06:00:28'),(2,430,1204,'REGISTERED','2016-04-01 06:00:47'),(2,436,1204,'REGISTERED','2016-04-01 06:03:25'),(2,426,1258,'STANDBY','2016-04-01 06:29:35'),(2,441,1258,'STANDBY','2016-04-01 06:29:49'),(2,456,1258,'REGISTERED','2016-04-01 06:30:01'),(2,469,1258,'REGISTERED','2016-04-01 06:30:13'),(2,431,1531,'REGISTERED','2016-04-01 06:56:06'),(2,446,1531,'REGISTERED','2016-04-01 06:56:28'),(2,427,1233,'REGISTERED','2016-04-01 07:03:00'),(2,429,1250,'REGISTERED','2016-04-01 07:25:17'),(2,433,1250,'REGISTERED','2016-04-01 07:25:23'),(2,441,1250,'STANDBY','2016-04-01 07:25:31'),(2,456,1250,'STANDBY','2016-04-01 07:25:38'),(2,469,1250,'REGISTERED','2016-04-01 07:25:48'),(2,476,1250,'REGISTERED','2016-04-01 07:25:58'),(2,463,1250,'REGISTERED','2016-04-01 07:26:05'),(2,448,1250,'REGISTERED','2016-04-01 07:26:14'),(2,444,1250,'REGISTERED','2016-04-01 07:26:24'),(2,459,1250,'REGISTERED','2016-04-01 07:26:30'),(2,472,1250,'REGISTERED','2016-04-01 07:26:35'),(2,442,1250,'REGISTERED','2016-04-01 07:26:43'),(2,457,1250,'REGISTERED','2016-04-01 07:26:52'),(2,433,1332,'REGISTERED','2016-04-01 07:50:08'),(2,427,1332,'REGISTERED','2016-04-01 07:50:22'),(2,301,1332,'REGISTERED','2016-04-01 07:51:29'),(2,427,1201,'REGISTERED','2016-04-01 07:53:24'),(2,427,1541,'REGISTERED','2016-04-01 09:12:06'),(2,434,1541,'REGISTERED','2016-04-01 09:12:30'),(1,360,1296,'REGISTERED','2016-04-01 09:55:08'),(1,360,1296,'UNREGISTERED','2016-04-01 09:55:08'),(1,360,1296,'REGISTERED','2016-04-01 09:55:08'),(1,363,1296,'REGISTERED','2016-04-01 09:55:17'),(1,363,1296,'UNREGISTERED','2016-04-01 09:55:17'),(1,363,1296,'REGISTERED','2016-04-01 09:55:18'),(1,360,1071,'REGISTERED','2016-04-01 10:57:36'),(2,456,1276,'STANDBY','2016-04-01 11:47:56'),(2,469,1276,'REGISTERED','2016-04-01 11:48:04'),(2,429,1276,'REGISTERED','2016-04-01 11:48:19'),(2,427,1276,'REGISTERED','2016-04-01 11:48:43'),(2,450,1276,'REGISTERED','2016-04-01 11:49:48'),(2,444,1276,'REGISTERED','2016-04-01 11:50:02'),(2,459,1276,'REGISTERED','2016-04-01 11:51:26'),(2,472,1276,'REGISTERED','2016-04-01 11:51:43'),(1,361,1134,'REGISTERED','2016-04-01 12:04:35'),(2,301,1500,'UNREGISTERED','2016-04-01 12:21:53'),(2,433,1248,'REGISTERED','2016-04-01 12:34:52'),(2,301,1565,'REGISTERED','2016-04-01 13:28:39'),(2,451,1240,'REGISTERED','2016-04-01 14:12:31'),(1,360,1127,'REGISTERED','2016-04-01 15:43:10'),(1,365,1127,'REGISTERED','2016-04-01 15:43:22'),(1,367,1127,'REGISTERED','2016-04-01 15:43:32'),(2,427,1343,'REGISTERED','2016-04-01 15:47:49'),(2,430,1463,'REGISTERED','2016-04-01 16:05:38'),(2,301,1556,'REGISTERED','2016-04-01 16:12:36'),(2,425,1279,'REGISTERED','2016-04-01 16:42:48'),(2,434,1233,'REGISTERED','2016-04-01 17:14:21'),(2,437,1233,'REGISTERED','2016-04-01 17:14:37'),(2,442,1233,'REGISTERED','2016-04-01 17:15:01'),(2,449,1233,'REGISTERED','2016-04-01 17:15:12'),(2,452,1233,'REGISTERED','2016-04-01 17:15:25'),(2,457,1233,'REGISTERED','2016-04-01 17:15:38'),(2,464,1233,'REGISTERED','2016-04-01 17:16:13'),(2,464,1233,'UNREGISTERED','2016-04-01 17:16:14'),(2,464,1233,'REGISTERED','2016-04-01 17:16:16'),(2,466,1233,'REGISTERED','2016-04-01 17:16:35'),(2,425,1241,'REGISTERED','2016-04-01 17:26:09'),(2,430,1241,'REGISTERED','2016-04-01 17:33:00'),(2,429,1117,'REGISTERED','2016-04-01 18:14:36'),(2,444,1117,'REGISTERED','2016-04-01 18:14:43'),(2,459,1117,'REGISTERED','2016-04-01 18:14:57'),(2,425,1561,'REGISTERED','2016-04-01 19:11:15'),(2,433,1561,'REGISTERED','2016-04-01 19:12:01'),(2,434,1568,'REGISTERED','2016-04-01 20:00:43'),(2,433,1304,'REGISTERED','2016-04-01 21:26:35'),(2,448,1304,'REGISTERED','2016-04-01 21:26:46'),(2,463,1304,'REGISTERED','2016-04-01 21:26:57'),(2,477,1304,'REGISTERED','2016-04-01 21:27:08'),(2,429,1228,'REGISTERED','2016-04-02 05:05:03'),(1,366,1037,'UNREGISTERED','2016-04-02 05:54:21'),(2,433,1263,'REGISTERED','2016-04-02 06:27:11'),(2,448,1263,'REGISTERED','2016-04-02 06:27:34'),(2,301,1263,'REGISTERED','2016-04-02 06:38:56'),(2,301,1241,'UNREGISTERED','2016-04-02 06:50:16'),(2,424,1259,'REGISTERED','2016-04-02 11:06:21'),(2,424,1232,'REGISTERED','2016-04-02 11:08:02'),(2,424,1265,'REGISTERED','2016-04-02 11:08:44'),(2,424,1292,'REGISTERED','2016-04-02 11:09:52'),(2,424,1309,'REGISTERED','2016-04-02 11:15:11'),(2,439,1309,'REGISTERED','2016-04-02 11:15:29'),(2,450,1309,'REGISTERED','2016-04-02 11:15:35'),(2,450,1309,'UNREGISTERED','2016-04-02 11:15:55'),(2,467,1309,'REGISTERED','2016-04-02 11:16:14'),(2,467,1224,'REGISTERED','2016-04-02 11:16:19'),(2,424,1224,'REGISTERED','2016-04-02 11:16:35'),(2,439,1224,'REGISTERED','2016-04-02 11:16:56'),(2,433,1236,'STANDBY','2016-04-02 14:34:09'),(2,448,1364,'REGISTERED','2016-04-02 14:34:43'),(2,448,1236,'REGISTERED','2016-04-02 14:34:45'),(2,452,1364,'REGISTERED','2016-04-02 14:35:40'),(2,452,1236,'REGISTERED','2016-04-02 14:35:41'),(2,433,1364,'STANDBY','2016-04-02 14:36:33'),(2,454,1364,'REGISTERED','2016-04-02 14:39:42'),(2,454,1236,'REGISTERED','2016-04-02 14:39:45'),(1,361,1067,'REGISTERED','2016-04-02 15:13:06'),(1,365,1067,'REGISTERED','2016-04-02 15:13:19'),(1,367,1067,'REGISTERED','2016-04-02 15:13:36'),(2,425,1240,'UNREGISTERED','2016-04-02 15:40:21'),(2,463,1240,'REGISTERED','2016-04-02 15:41:24'),(2,466,1240,'REGISTERED','2016-04-02 15:41:44'),(2,468,1240,'REGISTERED','2016-04-02 15:43:50'),(2,476,1240,'REGISTERED','2016-04-02 15:44:03'),(2,446,1602,'REGISTERED','2016-04-02 16:12:54'),(2,431,1602,'REGISTERED','2016-04-02 16:13:07'),(2,461,1602,'REGISTERED','2016-04-02 16:13:52'),(2,428,1582,'REGISTERED','2016-04-02 16:53:59'),(2,431,1582,'REGISTERED','2016-04-02 16:54:08'),(2,428,1284,'REGISTERED','2016-04-02 17:01:05'),(2,466,1284,'REGISTERED','2016-04-02 17:01:34'),(2,426,1477,'STANDBY','2016-04-02 17:15:48'),(2,430,1477,'REGISTERED','2016-04-02 17:16:18'),(2,434,1477,'REGISTERED','2016-04-02 17:16:35'),(2,434,1477,'UNREGISTERED','2016-04-02 17:16:36'),(2,434,1477,'REGISTERED','2016-04-02 17:16:36'),(2,425,1271,'REGISTERED','2016-04-02 17:31:03'),(2,425,1271,'UNREGISTERED','2016-04-02 17:31:04'),(2,425,1271,'REGISTERED','2016-04-02 17:31:04'),(2,424,1271,'REGISTERED','2016-04-02 17:31:18'),(1,360,1021,'REGISTERED','2016-04-02 17:54:43'),(1,363,1021,'REGISTERED','2016-04-02 17:54:52'),(1,367,1142,'REGISTERED','2016-04-02 18:02:19'),(1,359,1142,'REGISTERED','2016-04-02 18:02:37'),(2,428,1142,'REGISTERED','2016-04-02 18:02:55'),(2,433,1269,'STANDBY','2016-04-02 18:08:10'),(2,448,1269,'REGISTERED','2016-04-02 18:08:21'),(2,463,1269,'REGISTERED','2016-04-02 18:08:29'),(2,476,1269,'REGISTERED','2016-04-02 18:08:38'),(2,425,1202,'REGISTERED','2016-04-02 18:54:47'),(1,363,1193,'REGISTERED','2016-04-02 19:15:22'),(2,430,1331,'UNREGISTERED','2016-04-02 19:28:23'),(2,450,1331,'REGISTERED','2016-04-02 19:28:43'),(2,465,1331,'REGISTERED','2016-04-02 19:28:49'),(2,469,1331,'UNREGISTERED','2016-04-02 19:32:43'),(2,426,1204,'CANCEL_STANDBY','2016-04-02 19:43:39'),(1,361,1131,'REGISTERED','2016-04-02 19:47:55'),(1,365,1131,'REGISTERED','2016-04-02 19:48:21'),(2,424,1368,'REGISTERED','2016-04-02 19:57:54'),(2,427,1368,'REGISTERED','2016-04-02 19:58:15'),(2,427,1368,'UNREGISTERED','2016-04-02 19:58:33'),(2,425,1491,'REGISTERED','2016-04-02 20:00:19'),(2,425,1491,'UNREGISTERED','2016-04-02 20:08:10'),(2,424,1491,'REGISTERED','2016-04-02 20:08:19'),(2,445,1204,'REGISTERED','2016-04-02 20:44:44'),(2,450,1204,'REGISTERED','2016-04-02 20:44:54'),(2,469,1204,'REGISTERED','2016-04-02 20:45:18'),(2,427,1281,'REGISTERED','2016-04-03 04:20:43'),(1,360,1121,'REGISTERED','2016-04-03 04:39:39'),(2,426,1443,'UNREGISTERED','2016-04-03 04:49:05'),(2,426,1297,'CANCEL_STANDBY','2016-04-03 05:17:13'),(2,426,1297,'REGISTERED','2016-04-03 05:17:16'),(2,430,1241,'UNREGISTERED','2016-04-03 05:23:06'),(2,434,1241,'REGISTERED','2016-04-03 05:23:32'),(1,362,1313,'REGISTERED','2016-04-03 06:13:13'),(1,364,1313,'REGISTERED','2016-04-03 06:13:26'),(1,366,1313,'REGISTERED','2016-04-03 06:13:37'),(2,427,1541,'UNREGISTERED','2016-04-03 06:45:36'),(2,437,1541,'REGISTERED','2016-04-03 06:46:18'),(2,441,1308,'STANDBY','2016-04-03 06:50:23'),(2,437,1590,'REGISTERED','2016-04-03 06:59:45'),(2,448,1590,'STANDBY','2016-04-03 06:59:59'),(2,452,1590,'REGISTERED','2016-04-03 07:00:19'),(2,430,1590,'REGISTERED','2016-04-03 07:00:42'),(2,466,1590,'REGISTERED','2016-04-03 07:00:53'),(2,445,1590,'REGISTERED','2016-04-03 07:01:13'),(2,463,1590,'REGISTERED','2016-04-03 07:01:27'),(2,476,1590,'REGISTERED','2016-04-03 07:01:54'),(2,430,1210,'REGISTERED','2016-04-03 07:06:51'),(1,362,1017,'REGISTERED','2016-04-03 07:15:24'),(1,361,1017,'UNREGISTERED','2016-04-03 07:15:35'),(1,361,1043,'REGISTERED','2016-04-03 07:15:43'),(1,364,1043,'REGISTERED','2016-04-03 07:15:54'),(1,360,1076,'REGISTERED','2016-04-03 07:41:17'),(2,425,1510,'REGISTERED','2016-04-03 07:51:04'),(2,428,1226,'REGISTERED','2016-04-03 07:53:40'),(2,429,1084,'REGISTERED','2016-04-03 07:59:24'),(2,444,1084,'REGISTERED','2016-04-03 07:59:33'),(2,459,1084,'REGISTERED','2016-04-03 07:59:43'),(2,472,1084,'REGISTERED','2016-04-03 08:00:01'),(2,431,1226,'REGISTERED','2016-04-03 08:00:01'),(1,361,1043,'UNREGISTERED','2016-04-03 08:20:07'),(2,426,1230,'UNREGISTERED','2016-04-03 09:01:33'),(2,431,1230,'UNREGISTERED','2016-04-03 09:03:35'),(2,426,1230,'REGISTERED','2016-04-03 09:03:42'),(2,452,1565,'REGISTERED','2016-04-03 09:49:34'),(2,428,1549,'REGISTERED','2016-04-03 11:52:32'),(1,360,1081,'UNREGISTERED','2016-04-03 12:04:36'),(2,430,1505,'REGISTERED','2016-04-03 12:37:11'),(2,426,1588,'STANDBY','2016-04-03 12:52:38'),(2,430,1588,'REGISTERED','2016-04-03 12:53:00'),(2,449,1568,'REGISTERED','2016-04-03 12:55:11'),(2,426,1589,'STANDBY','2016-04-03 12:55:18'),(2,430,1589,'REGISTERED','2016-04-03 12:55:30'),(2,441,1589,'STANDBY','2016-04-03 12:55:40'),(2,445,1589,'REGISTERED','2016-04-03 12:55:50'),(2,456,1589,'STANDBY','2016-04-03 12:56:17'),(2,460,1589,'REGISTERED','2016-04-03 12:56:28'),(2,469,1589,'REGISTERED','2016-04-03 12:56:38'),(2,473,1589,'REGISTERED','2016-04-03 12:56:48'),(2,430,1258,'REGISTERED','2016-04-03 12:57:35'),(2,441,1588,'STANDBY','2016-04-03 12:58:30'),(2,445,1588,'REGISTERED','2016-04-03 12:58:59'),(2,456,1588,'STANDBY','2016-04-03 12:59:08'),(2,460,1588,'REGISTERED','2016-04-03 12:59:17'),(2,469,1588,'REGISTERED','2016-04-03 12:59:26'),(2,473,1588,'REGISTERED','2016-04-03 12:59:36'),(2,428,1238,'REGISTERED','2016-04-03 13:04:12'),(2,431,1238,'REGISTERED','2016-04-03 13:04:27'),(2,436,1238,'REGISTERED','2016-04-03 13:04:36'),(1,360,1031,'UNREGISTERED','2016-04-03 14:35:07'),(2,425,1570,'REGISTERED','2016-04-03 14:36:19'),(2,429,1570,'REGISTERED','2016-04-03 14:36:56'),(2,424,1579,'REGISTERED','2016-04-03 14:53:56'),(2,429,1289,'REGISTERED','2016-04-03 14:56:16'),(2,446,1289,'REGISTERED','2016-04-03 14:57:44'),(2,425,1237,'REGISTERED','2016-04-03 15:23:38'),(1,360,1193,'REGISTERED','2016-04-03 15:41:55'),(2,433,1397,'STANDBY','2016-04-03 16:13:35'),(1,363,1076,'REGISTERED','2016-04-03 16:14:00'),(2,434,1397,'REGISTERED','2016-04-03 16:14:49'),(2,433,1397,'CANCEL_STANDBY','2016-04-03 16:15:13'),(2,433,1397,'STANDBY','2016-04-03 16:15:40'),(2,426,1477,'CANCEL_STANDBY','2016-04-03 16:43:33'),(2,440,1462,'REGISTERED','2016-04-04 05:33:39'),(2,430,1463,'UNREGISTERED','2016-04-04 08:44:22'),(2,434,1463,'REGISTERED','2016-04-04 08:44:39'),(1,363,1121,'REGISTERED','2016-04-04 10:15:02'),(1,364,1527,'REGISTERED','2016-04-04 11:06:18'),(1,366,1527,'REGISTERED','2016-04-04 11:06:44'),(2,434,1343,'REGISTERED','2016-04-04 12:45:25'),(1,361,1049,'UNREGISTERED','2016-04-04 13:09:19'),(1,361,1134,'UNREGISTERED','2016-04-04 14:34:12'),(2,429,1250,'UNREGISTERED','2016-04-04 14:51:01'),(1,361,1049,'REGISTERED','2016-04-04 15:02:45'),(1,361,1052,'UNREGISTERED','2016-04-04 15:09:26'),(1,362,1313,'UNREGISTERED','2016-04-04 15:13:28'),(1,362,1313,'REGISTERED','2016-04-04 15:13:29'),(1,362,1026,'UNREGISTERED','2016-04-04 15:13:53'),(1,362,1313,'UNREGISTERED','2016-04-04 15:13:56'),(2,434,1477,'UNREGISTERED','2016-04-04 15:18:05'),(1,361,1047,'UNREGISTERED','2016-04-04 15:39:28'),(1,362,1113,'UNREGISTERED','2016-04-04 15:56:59'),(2,429,1561,'REGISTERED','2016-04-04 16:39:35'),(2,433,1561,'UNREGISTERED','2016-04-04 16:39:54'),(2,433,1397,'CANCEL_STANDBY','2016-04-04 16:40:55'),(2,433,1397,'REGISTERED','2016-04-04 16:40:58'),(2,434,1397,'UNREGISTERED','2016-04-04 16:41:39'),(2,437,1284,'REGISTERED','2016-04-04 16:56:00'),(2,463,1288,'REGISTERED','2016-04-04 17:06:09'),(2,434,1555,'REGISTERED','2016-04-04 17:35:04'),(2,438,1292,'REGISTERED','2016-04-04 18:24:12'),(2,438,1292,'UNREGISTERED','2016-04-04 18:24:12'),(2,438,1292,'REGISTERED','2016-04-04 18:24:12'),(2,438,1309,'REGISTERED','2016-04-04 18:25:57'),(2,439,1265,'REGISTERED','2016-04-05 00:26:59'),(1,363,1068,'STANDBY','2016-04-05 05:50:26'),(1,365,1068,'REGISTERED','2016-04-05 05:50:42'),(2,431,1251,'REGISTERED','2016-04-05 05:59:25'),(2,436,1549,'REGISTERED','2016-04-05 06:02:32'),(2,429,1250,'REGISTERED','2016-04-05 06:49:13'),(2,429,1250,'UNREGISTERED','2016-04-05 06:50:24'),(2,429,1250,'REGISTERED','2016-04-05 06:50:25'),(2,429,1250,'UNREGISTERED','2016-04-05 06:52:27'),(2,429,1250,'REGISTERED','2016-04-05 06:52:29'),(2,431,1531,'UNREGISTERED','2016-04-05 07:34:46'),(2,461,1531,'REGISTERED','2016-04-05 07:35:00'),(1,365,1076,'UNREGISTERED','2016-04-05 08:58:06'),(1,363,1049,'UNREGISTERED','2016-04-05 09:09:08'),(1,364,1043,'UNREGISTERED','2016-04-05 09:28:05'),(2,430,1588,'UNREGISTERED','2016-04-05 10:04:57'),(1,363,1031,'UNREGISTERED','2016-04-05 10:07:08'),(2,431,1298,'REGISTERED','2016-04-05 10:16:52'),(2,430,1426,'REGISTERED','2016-04-05 11:29:28'),(2,430,1556,'REGISTERED','2016-04-05 11:30:13'),(2,430,1556,'UNREGISTERED','2016-04-05 11:36:03'),(2,430,1588,'REGISTERED','2016-04-05 12:07:01'),(2,430,1589,'UNREGISTERED','2016-04-05 12:07:59'),(2,429,1201,'REGISTERED','2016-04-05 12:46:19'),(2,442,1201,'REGISTERED','2016-04-05 12:57:44'),(1,363,1126,'UNREGISTERED','2016-04-05 13:31:31'),(1,363,1087,'UNREGISTERED','2016-04-05 14:27:56'),(1,363,1087,'REGISTERED','2016-04-05 14:28:11'),(1,363,1193,'UNREGISTERED','2016-04-05 14:40:18'),(1,364,1123,'UNREGISTERED','2016-04-05 14:59:58'),(2,429,1228,'UNREGISTERED','2016-04-05 15:03:14'),(1,363,1047,'UNREGISTERED','2016-04-05 15:09:06'),(2,429,1209,'REGISTERED','2016-04-05 15:12:37'),(2,440,1570,'REGISTERED','2016-04-05 15:35:16'),(1,363,1113,'UNREGISTERED','2016-04-05 15:52:44'),(1,365,1049,'REGISTERED','2016-04-05 16:00:11'),(2,433,1332,'UNREGISTERED','2016-04-05 17:41:36'),(2,432,1303,'REGISTERED','2016-04-05 18:07:59'),(2,432,1212,'REGISTERED','2016-04-05 18:10:45'),(2,438,1241,'REGISTERED','2016-04-05 19:51:45'),(1,364,1022,'REGISTERED','2016-04-05 20:29:18'),(2,460,1204,'REGISTERED','2016-04-05 20:29:47'),(2,465,1204,'REGISTERED','2016-04-05 20:30:02'),(2,473,1204,'REGISTERED','2016-04-05 20:30:20'),(1,366,1012,'REGISTERED','2016-04-05 23:08:34'),(1,366,1012,'UNREGISTERED','2016-04-05 23:08:35'),(1,366,1012,'REGISTERED','2016-04-05 23:08:39'),(2,452,1478,'UNREGISTERED','2016-04-06 02:27:21'),(2,452,1478,'UNREGISTERED','2016-04-06 02:27:21'),(2,433,1478,'REGISTERED','2016-04-06 02:27:32'),(2,433,1478,'STANDBY','2016-04-06 02:27:32'),(1,364,1313,'UNREGISTERED','2016-04-06 04:16:54'),(1,365,1017,'REGISTERED','2016-04-06 04:29:19'),(1,364,1022,'UNREGISTERED','2016-04-06 04:33:07'),(2,432,1291,'REGISTERED','2016-04-06 05:33:43'),(2,432,1227,'REGISTERED','2016-04-06 05:34:19'),(1,367,1019,'REGISTERED','2016-04-06 06:18:00'),(1,365,1017,'UNREGISTERED','2016-04-06 08:59:19'),(1,365,1067,'UNREGISTERED','2016-04-06 10:58:29'),(1,365,1049,'UNREGISTERED','2016-04-06 14:08:55'),(2,436,1219,'REGISTERED','2016-04-06 14:09:57'),(2,432,1579,'REGISTERED','2016-04-06 14:27:16'),(1,365,1113,'UNREGISTERED','2016-04-06 14:28:39'),(2,437,1343,'REGISTERED','2016-04-06 14:52:49'),(2,436,1534,'REGISTERED','2016-04-06 15:20:31'),(1,365,1087,'UNREGISTERED','2016-04-06 15:39:20'),(2,448,1225,'STANDBY','2016-04-06 18:03:52'),(2,463,1225,'REGISTERED','2016-04-06 18:04:06'),(2,437,1209,'REGISTERED','2016-04-06 18:24:07'),(2,452,1478,'REGISTERED','2016-04-06 20:26:01'),(2,463,1248,'REGISTERED','2016-04-06 21:55:20'),(2,463,1248,'UNREGISTERED','2016-04-06 21:55:20'),(2,463,1248,'REGISTERED','2016-04-06 21:55:20'),(2,445,1478,'REGISTERED','2016-04-07 06:08:18'),(2,456,1478,'STANDBY','2016-04-07 06:10:01'),(2,460,1478,'REGISTERED','2016-04-07 06:10:27'),(2,461,1531,'UNREGISTERED','2016-04-07 06:30:51'),(2,455,1531,'REGISTERED','2016-04-07 06:31:16'),(2,437,1541,'UNREGISTERED','2016-04-07 12:59:58'),(2,437,1541,'UNREGISTERED','2016-04-07 12:59:58'),(1,366,1131,'REGISTERED','2016-04-07 13:19:46'),(1,366,1131,'UNREGISTERED','2016-04-07 13:19:46'),(1,366,1131,'REGISTERED','2016-04-07 13:19:46'),(2,437,1233,'UNREGISTERED','2016-04-07 13:56:56'),(1,376,1041,'REGISTERED','2016-04-07 14:00:32'),(1,369,1013,'REGISTERED','2016-04-07 14:00:43'),(1,370,1084,'REGISTERED','2016-04-07 14:00:45'),(1,369,1113,'REGISTERED','2016-04-07 14:00:46'),(1,370,1113,'REGISTERED','2016-04-07 14:00:51'),(1,370,1013,'REGISTERED','2016-04-07 14:00:53'),(1,376,1084,'REGISTERED','2016-04-07 14:00:53'),(1,372,1113,'REGISTERED','2016-04-07 14:00:56'),(1,369,1117,'REGISTERED','2016-04-07 14:00:59'),(1,372,1013,'REGISTERED','2016-04-07 14:01:01'),(1,370,1117,'REGISTERED','2016-04-07 14:01:05'),(1,370,1037,'REGISTERED','2016-04-07 14:01:07'),(1,375,1117,'REGISTERED','2016-04-07 14:01:18'),(1,369,1016,'REGISTERED','2016-04-07 14:01:20'),(1,376,1037,'REGISTERED','2016-04-07 14:01:30'),(1,369,1013,'UNREGISTERED','2016-04-07 14:01:32'),(1,373,1016,'REGISTERED','2016-04-07 14:01:39'),(1,369,1049,'REGISTERED','2016-04-07 14:01:41'),(1,369,1013,'REGISTERED','2016-04-07 14:01:41'),(1,369,1047,'REGISTERED','2016-04-07 14:01:47'),(1,372,1047,'REGISTERED','2016-04-07 14:01:56'),(1,370,1049,'REGISTERED','2016-04-07 14:01:56'),(1,372,1049,'REGISTERED','2016-04-07 14:02:07'),(1,369,1126,'REGISTERED','2016-04-07 14:02:41'),(1,375,1047,'REGISTERED','2016-04-07 14:02:41'),(1,373,1113,'REGISTERED','2016-04-07 14:02:44'),(1,369,1031,'REGISTERED','2016-04-07 14:02:47'),(1,372,1126,'REGISTERED','2016-04-07 14:02:53'),(1,369,1055,'REGISTERED','2016-04-07 14:02:56'),(1,369,1296,'REGISTERED','2016-04-07 14:02:56'),(1,372,1031,'REGISTERED','2016-04-07 14:03:00'),(1,368,1296,'REGISTERED','2016-04-07 14:03:02'),(1,375,1126,'REGISTERED','2016-04-07 14:03:06'),(1,372,1296,'REGISTERED','2016-04-07 14:03:11'),(1,369,1081,'REGISTERED','2016-04-07 14:03:13'),(1,370,1055,'REGISTERED','2016-04-07 14:03:13'),(1,368,1012,'REGISTERED','2016-04-07 14:03:27'),(1,370,1012,'REGISTERED','2016-04-07 14:03:35'),(1,375,1049,'REGISTERED','2016-04-07 14:03:38'),(1,372,1081,'REGISTERED','2016-04-07 14:03:50'),(1,368,1029,'REGISTERED','2016-04-07 14:03:51'),(1,375,1012,'REGISTERED','2016-04-07 14:03:53'),(1,366,1036,'REGISTERED','2016-04-07 14:04:07'),(1,375,1036,'REGISTERED','2016-04-07 14:04:15'),(1,373,1029,'REGISTERED','2016-04-07 14:04:24'),(1,369,1036,'REGISTERED','2016-04-07 14:04:36'),(1,369,1107,'REGISTERED','2016-04-07 14:04:48'),(1,372,1036,'REGISTERED','2016-04-07 14:04:53'),(1,372,1107,'REGISTERED','2016-04-07 14:05:39'),(1,369,1071,'REGISTERED','2016-04-07 14:05:44'),(1,370,1067,'REGISTERED','2016-04-07 14:06:09'),(1,373,1107,'REGISTERED','2016-04-07 14:06:09'),(1,376,1067,'REGISTERED','2016-04-07 14:06:33'),(1,370,1051,'REGISTERED','2016-04-07 14:06:56'),(1,376,1051,'REGISTERED','2016-04-07 14:07:23'),(1,369,1087,'REGISTERED','2016-04-07 14:08:26'),(1,370,1087,'REGISTERED','2016-04-07 14:08:38'),(1,375,1087,'REGISTERED','2016-04-07 14:09:03'),(1,369,1023,'REGISTERED','2016-04-07 14:09:05'),(1,369,1023,'UNREGISTERED','2016-04-07 14:09:05'),(1,369,1023,'REGISTERED','2016-04-07 14:09:06'),(1,372,1087,'REGISTERED','2016-04-07 14:09:13'),(1,370,1023,'REGISTERED','2016-04-07 14:09:30'),(1,370,1023,'UNREGISTERED','2016-04-07 14:09:30'),(1,370,1023,'REGISTERED','2016-04-07 14:09:30'),(1,372,1023,'REGISTERED','2016-04-07 14:09:52'),(1,372,1023,'UNREGISTERED','2016-04-07 14:09:52'),(1,372,1023,'REGISTERED','2016-04-07 14:09:52'),(1,370,1022,'REGISTERED','2016-04-07 14:14:44'),(1,375,1022,'REGISTERED','2016-04-07 14:14:59'),(1,373,1022,'REGISTERED','2016-04-07 14:15:14'),(2,437,1581,'REGISTERED','2016-04-07 14:24:13'),(1,368,1019,'REGISTERED','2016-04-07 14:26:01'),(1,373,1019,'REGISTERED','2016-04-07 14:26:39'),(1,375,1019,'REGISTERED','2016-04-07 14:27:16'),(1,370,1052,'REGISTERED','2016-04-07 14:35:03'),(1,370,1026,'REGISTERED','2016-04-07 15:01:22'),(1,376,1026,'REGISTERED','2016-04-07 15:02:07'),(1,366,1049,'UNREGISTERED','2016-04-07 15:05:58'),(1,369,1021,'REGISTERED','2016-04-07 15:18:38'),(1,372,1021,'REGISTERED','2016-04-07 15:18:47'),(1,368,1044,'REGISTERED','2016-04-07 15:58:27'),(1,370,1042,'REGISTERED','2016-04-07 16:19:16'),(1,375,1042,'REGISTERED','2016-04-07 16:19:31'),(2,437,1209,'UNREGISTERED','2016-04-07 16:24:47'),(1,370,1193,'REGISTERED','2016-04-07 16:35:20'),(2,437,1343,'UNREGISTERED','2016-04-07 16:49:30'),(2,448,1544,'UNREGISTERED','2016-04-07 18:16:02'),(2,452,1544,'UNREGISTERED','2016-04-07 18:16:13'),(2,445,1544,'REGISTERED','2016-04-07 18:16:24'),(2,466,1544,'REGISTERED','2016-04-07 18:16:54'),(2,445,1477,'REGISTERED','2016-04-07 18:31:20'),(2,436,1209,'REGISTERED','2016-04-07 19:02:07'),(1,366,1313,'UNREGISTERED','2016-04-07 19:04:35'),(1,372,1066,'REGISTERED','2016-04-07 19:31:23'),(1,370,1017,'REGISTERED','2016-04-07 20:44:54'),(1,375,1017,'REGISTERED','2016-04-07 20:45:55'),(1,372,1044,'REGISTERED','2016-04-08 02:36:48'),(1,366,1127,'REGISTERED','2016-04-08 03:23:05'),(1,367,1127,'UNREGISTERED','2016-04-08 03:23:12'),(1,376,1127,'REGISTERED','2016-04-08 03:23:43'),(1,369,1127,'REGISTERED','2016-04-08 03:24:01'),(1,366,1126,'UNREGISTERED','2016-04-08 03:27:43'),(2,445,1210,'REGISTERED','2016-04-08 03:50:24'),(1,372,1074,'REGISTERED','2016-04-08 04:11:31'),(1,375,1074,'REGISTERED','2016-04-08 04:11:44'),(1,366,1042,'UNREGISTERED','2016-04-08 04:16:35'),(1,376,1123,'REGISTERED','2016-04-08 04:51:20'),(2,442,1241,'REGISTERED','2016-04-08 04:51:58'),(2,443,1241,'REGISTERED','2016-04-08 04:52:12'),(2,445,1241,'REGISTERED','2016-04-08 04:52:23'),(2,443,1582,'REGISTERED','2016-04-08 05:47:37'),(2,446,1582,'REGISTERED','2016-04-08 05:47:49'),(2,443,1549,'REGISTERED','2016-04-08 05:58:15'),(2,441,1301,'UNREGISTERED','2016-04-08 05:59:35'),(2,451,1301,'REGISTERED','2016-04-08 05:59:59'),(2,453,1301,'REGISTERED','2016-04-08 06:00:11'),(2,448,1258,'REGISTERED','2016-04-08 06:10:42'),(2,441,1258,'CANCEL_STANDBY','2016-04-08 06:11:09'),(2,441,1258,'REGISTERED','2016-04-08 06:11:12'),(1,369,1121,'REGISTERED','2016-04-08 06:36:58'),(1,372,1121,'REGISTERED','2016-04-08 06:37:23'),(1,370,1054,'REGISTERED','2016-04-08 06:37:33'),(1,376,1054,'REGISTERED','2016-04-08 06:37:51'),(2,439,1221,'REGISTERED','2016-04-08 09:31:44'),(2,450,1221,'REGISTERED','2016-04-08 09:31:55'),(2,438,1230,'REGISTERED','2016-04-08 10:06:31'),(1,370,1313,'STANDBY','2016-04-08 11:09:11'),(1,373,1313,'REGISTERED','2016-04-08 11:10:01'),(2,442,1205,'REGISTERED','2016-04-08 15:41:21'),(2,449,1205,'REGISTERED','2016-04-08 15:41:51'),(2,443,1287,'REGISTERED','2016-04-08 17:59:13'),(2,438,1230,'UNREGISTERED','2016-04-08 18:50:05'),(2,443,1284,'REGISTERED','2016-04-08 18:57:48'),(2,442,1307,'REGISTERED','2016-04-08 19:12:18'),(2,449,1307,'REGISTERED','2016-04-08 19:12:28'),(2,438,1233,'REGISTERED','2016-04-08 19:27:25'),(2,442,1343,'REGISTERED','2016-04-08 19:40:06'),(2,440,1202,'REGISTERED','2016-04-09 06:05:22'),(2,450,1276,'UNREGISTERED','2016-04-09 11:25:07'),(2,465,1276,'REGISTERED','2016-04-09 11:26:18'),(1,480,1000,'REGISTERED','2016-04-09 13:37:24'),(1,480,1000,'UNREGISTERED','2016-04-09 13:37:25'),(2,448,1412,'UNREGISTERED','2016-04-09 15:25:33'),(2,445,1412,'REGISTERED','2016-04-09 15:25:42'),(2,444,1209,'REGISTERED','2016-04-09 16:21:36'),(1,375,1313,'REGISTERED','2016-04-09 16:34:39'),(1,369,1313,'STANDBY','2016-04-09 16:35:30'),(1,370,1313,'CANCEL_STANDBY','2016-04-09 16:36:09'),(1,370,1313,'STANDBY','2016-04-09 16:36:16'),(1,480,1113,'REGISTERED','2016-04-09 17:44:46'),(1,480,1012,'REGISTERED','2016-04-09 17:44:50'),(1,373,1113,'UNREGISTERED','2016-04-09 17:44:57'),(1,370,1012,'UNREGISTERED','2016-04-09 17:45:01'),(1,480,1052,'REGISTERED','2016-04-09 17:46:09'),(1,480,1051,'REGISTERED','2016-04-09 17:51:25'),(1,480,1037,'REGISTERED','2016-04-09 17:53:42'),(1,480,1087,'REGISTERED','2016-04-09 18:00:52'),(1,480,1026,'REGISTERED','2016-04-09 18:13:50'),(1,370,1134,'REGISTERED','2016-04-09 18:16:36'),(1,480,1134,'REGISTERED','2016-04-09 18:17:08'),(2,439,1218,'REGISTERED','2016-04-09 18:27:55'),(2,448,1236,'UNREGISTERED','2016-04-09 19:29:46'),(2,463,1611,'REGISTERED','2016-04-09 19:32:39'),(1,480,1107,'REGISTERED','2016-04-09 20:48:10'),(1,373,1107,'UNREGISTERED','2016-04-09 20:48:25'),(2,444,1561,'REGISTERED','2016-04-09 21:07:12'),(2,473,1544,'REGISTERED','2016-04-09 21:19:22'),(2,445,1241,'UNREGISTERED','2016-04-09 21:42:57'),(1,369,1123,'STANDBY','2016-04-10 03:21:01'),(1,370,1123,'STANDBY','2016-04-10 03:21:11'),(1,372,1123,'REGISTERED','2016-04-10 03:21:24'),(2,441,1443,'UNREGISTERED','2016-04-10 04:44:28'),(2,441,1250,'CANCEL_STANDBY','2016-04-10 04:45:36'),(2,441,1250,'REGISTERED','2016-04-10 04:45:37'),(2,442,1250,'UNREGISTERED','2016-04-10 04:45:49'),(2,441,1477,'STANDBY','2016-04-10 05:03:14'),(2,448,1240,'UNREGISTERED','2016-04-10 05:56:18'),(2,464,1568,'REGISTERED','2016-04-10 06:05:07'),(2,445,1609,'REGISTERED','2016-04-10 06:09:45'),(2,439,1309,'UNREGISTERED','2016-04-10 06:25:37'),(2,448,1262,'UNREGISTERED','2016-04-10 07:02:30'),(2,466,1262,'REGISTERED','2016-04-10 07:08:24'),(2,443,1549,'UNREGISTERED','2016-04-10 09:10:43'),(2,446,1289,'UNREGISTERED','2016-04-10 09:14:11'),(2,444,1289,'REGISTERED','2016-04-10 09:14:32'),(2,440,1294,'REGISTERED','2016-04-10 09:27:00'),(2,440,1295,'REGISTERED','2016-04-10 09:28:58'),(2,443,1241,'UNREGISTERED','2016-04-10 09:35:59'),(2,440,1201,'REGISTERED','2016-04-10 09:43:25'),(2,443,1549,'REGISTERED','2016-04-10 10:19:01'),(2,439,1201,'REGISTERED','2016-04-10 10:43:05'),(2,448,1225,'CANCEL_STANDBY','2016-04-10 11:12:08'),(2,448,1225,'REGISTERED','2016-04-10 11:12:10'),(2,448,1397,'REGISTERED','2016-04-10 11:32:15'),(2,441,1477,'CANCEL_STANDBY','2016-04-10 12:21:11'),(2,448,1300,'REGISTERED','2016-04-10 12:22:05'),(2,451,1300,'REGISTERED','2016-04-10 12:22:15'),(2,463,1300,'REGISTERED','2016-04-10 12:22:31'),(2,466,1300,'REGISTERED','2016-04-10 12:22:56'),(2,476,1300,'REGISTERED','2016-04-10 12:23:03'),(2,445,1201,'STANDBY','2016-04-10 13:47:33'),(2,443,1077,'REGISTERED','2016-04-10 14:01:15'),(2,440,1297,'REGISTERED','2016-04-10 14:20:03'),(2,440,1295,'UNREGISTERED','2016-04-10 14:27:31'),(2,440,1295,'REGISTERED','2016-04-10 14:27:33'),(1,369,1049,'UNREGISTERED','2016-04-10 14:31:18'),(1,370,1131,'STANDBY','2016-04-10 14:37:56'),(1,480,1131,'REGISTERED','2016-04-10 14:38:41'),(2,441,1263,'UNREGISTERED','2016-04-10 15:01:26'),(2,449,1463,'REGISTERED','2016-04-10 15:05:44'),(2,450,1463,'REGISTERED','2016-04-10 15:06:11'),(2,441,1230,'UNREGISTERED','2016-04-10 15:10:50'),(2,443,1230,'REGISTERED','2016-04-10 15:11:32'),(1,369,1047,'UNREGISTERED','2016-04-10 15:32:29'),(1,369,1055,'UNREGISTERED','2016-04-10 15:45:21'),(1,370,1055,'UNREGISTERED','2016-04-10 15:45:31'),(1,369,1113,'UNREGISTERED','2016-04-10 15:51:59'),(2,452,1246,'REGISTERED','2016-04-10 15:53:11'),(2,466,1246,'REGISTERED','2016-04-10 15:53:33'),(1,373,1016,'UNREGISTERED','2016-04-10 16:16:27'),(1,480,1016,'REGISTERED','2016-04-10 16:16:38'),(1,370,1313,'CANCEL_STANDBY','2016-04-10 16:27:01'),(1,370,1313,'REGISTERED','2016-04-10 16:27:05'),(2,443,1581,'REGISTERED','2016-04-10 16:56:18'),(2,442,1477,'REGISTERED','2016-04-10 17:07:42'),(2,443,1230,'UNREGISTERED','2016-04-10 18:02:07'),(2,444,1462,'REGISTERED','2016-04-10 18:16:48'),(1,372,1076,'REGISTERED','2016-04-10 18:47:13'),(1,375,1123,'REGISTERED','2016-04-10 19:09:44'),(1,376,1123,'UNREGISTERED','2016-04-10 19:10:00'),(1,373,1142,'REGISTERED','2016-04-10 19:42:19'),(1,376,1142,'REGISTERED','2016-04-10 19:43:03'),(1,372,1000,'STANDBY','2016-04-10 19:50:06'),(1,372,1000,'CANCEL_STANDBY','2016-04-10 19:50:07'),(1,373,1527,'REGISTERED','2016-04-10 20:34:40'),(1,375,1527,'REGISTERED','2016-04-10 20:35:08'),(1,370,1043,'STANDBY','2016-04-11 04:13:19'),(1,373,1043,'REGISTERED','2016-04-11 04:13:40'),(1,375,1043,'REGISTERED','2016-04-11 04:13:53'),(2,443,1226,'REGISTERED','2016-04-11 05:25:10'),(1,370,1193,'UNREGISTERED','2016-04-11 06:17:56'),(1,370,1123,'CANCEL_STANDBY','2016-04-11 06:20:12'),(1,370,1123,'REGISTERED','2016-04-11 06:21:54'),(1,370,1051,'UNREGISTERED','2016-04-11 07:54:07'),(1,372,1031,'UNREGISTERED','2016-04-11 09:13:59'),(1,370,1131,'CANCEL_STANDBY','2016-04-11 10:28:15'),(1,370,1131,'REGISTERED','2016-04-11 10:28:17'),(2,463,1263,'STANDBY','2016-04-11 11:52:45'),(2,469,1478,'STANDBY','2016-04-11 12:25:37'),(1,372,1044,'UNREGISTERED','2016-04-11 13:01:48'),(1,480,1076,'REGISTERED','2016-04-11 13:09:52'),(1,370,1052,'UNREGISTERED','2016-04-11 13:11:03'),(1,372,1012,'REGISTERED','2016-04-11 13:27:01'),(1,372,1012,'UNREGISTERED','2016-04-11 13:59:12'),(1,480,1031,'REGISTERED','2016-04-11 15:01:25'),(1,370,1134,'UNREGISTERED','2016-04-11 15:22:41'),(1,370,1123,'UNREGISTERED','2016-04-11 15:31:35'),(1,370,1026,'UNREGISTERED','2016-04-11 15:54:21'),(1,370,1042,'UNREGISTERED','2016-04-11 15:55:53'),(1,370,1043,'CANCEL_STANDBY','2016-04-11 16:31:36'),(1,370,1013,'UNREGISTERED','2016-04-11 16:36:41'),(2,445,1412,'UNREGISTERED','2016-04-11 18:00:24'),(2,446,1235,'REGISTERED','2016-04-11 18:08:26'),(2,448,1235,'UNREGISTERED','2016-04-11 18:08:37'),(2,445,1477,'UNREGISTERED','2016-04-11 18:43:51'),(1,480,1031,'UNREGISTERED','2016-04-11 20:21:59'),(2,448,1254,'REGISTERED','2016-04-12 03:15:45'),(2,451,1254,'REGISTERED','2016-04-12 03:16:37'),(2,451,1254,'UNREGISTERED','2016-04-12 03:16:38'),(2,451,1254,'REGISTERED','2016-04-12 03:16:38'),(2,463,1254,'STANDBY','2016-04-12 03:17:38'),(2,446,1334,'REGISTERED','2016-04-12 03:48:27'),(2,458,1334,'REGISTERED','2016-04-12 03:50:08'),(2,452,1334,'REGISTERED','2016-04-12 03:50:45'),(2,452,1334,'UNREGISTERED','2016-04-12 03:51:03'),(2,474,1334,'REGISTERED','2016-04-12 03:52:23'),(2,471,1334,'REGISTERED','2016-04-12 03:52:35'),(2,446,1241,'REGISTERED','2016-04-12 03:53:50'),(2,457,1334,'REGISTERED','2016-04-12 03:54:29'),(2,445,1201,'CANCEL_STANDBY','2016-04-12 05:26:54'),(2,445,1201,'REGISTERED','2016-04-12 05:26:56'),(2,465,1309,'REGISTERED','2016-04-12 06:07:53'),(2,445,1201,'UNREGISTERED','2016-04-12 09:12:13'),(2,444,1279,'REGISTERED','2016-04-12 11:05:53'),(1,372,1036,'UNREGISTERED','2016-04-12 12:21:13'),(1,372,1036,'UNREGISTERED','2016-04-12 12:21:14'),(2,447,1303,'REGISTERED','2016-04-12 13:14:42'),(2,446,1201,'REGISTERED','2016-04-12 13:24:07'),(1,372,1324,'REGISTERED','2016-04-12 13:29:20'),(2,449,1477,'REGISTERED','2016-04-12 14:11:58'),(1,372,1296,'UNREGISTERED','2016-04-12 14:21:37'),(2,445,1210,'UNREGISTERED','2016-04-12 14:59:49'),(2,448,1210,'REGISTERED','2016-04-12 15:01:09'),(1,372,1049,'UNREGISTERED','2016-04-12 15:09:35'),(2,446,1582,'UNREGISTERED','2016-04-12 15:14:35'),(1,372,1113,'UNREGISTERED','2016-04-12 15:30:27'),(1,372,1074,'UNREGISTERED','2016-04-12 15:38:25'),(2,445,1589,'UNREGISTERED','2016-04-12 16:27:45'),(2,445,1463,'REGISTERED','2016-04-12 16:28:59'),(2,450,1248,'REGISTERED','2016-04-12 16:34:28'),(2,449,1463,'UNREGISTERED','2016-04-12 16:40:44'),(1,373,1064,'REGISTERED','2016-04-12 16:46:51'),(1,375,1064,'REGISTERED','2016-04-12 16:47:41'),(2,448,1364,'UNREGISTERED','2016-04-12 17:13:28'),(2,455,1239,'REGISTERED','2016-04-12 17:41:36'),(2,455,1570,'REGISTERED','2016-04-12 18:09:08'),(2,455,1570,'UNREGISTERED','2016-04-12 18:09:08'),(2,455,1570,'REGISTERED','2016-04-12 18:09:09'),(2,459,1570,'REGISTERED','2016-04-12 18:09:31'),(2,459,1570,'UNREGISTERED','2016-04-12 18:09:31'),(2,459,1570,'REGISTERED','2016-04-12 18:09:31'),(2,460,1609,'REGISTERED','2016-04-12 19:47:59'),(2,463,1583,'UNREGISTERED','2016-04-12 21:21:07'),(2,460,1583,'REGISTERED','2016-04-12 21:21:23'),(1,373,1022,'UNREGISTERED','2016-04-12 22:50:03'),(2,463,1263,'CANCEL_STANDBY','2016-04-12 23:04:07'),(2,463,1263,'REGISTERED','2016-04-12 23:04:15'),(2,449,1397,'REGISTERED','2016-04-13 02:56:38'),(2,448,1397,'UNREGISTERED','2016-04-13 02:57:04'),(2,459,1620,'REGISTERED','2016-04-13 03:38:38'),(2,472,1620,'REGISTERED','2016-04-13 03:39:33'),(2,460,1287,'REGISTERED','2016-04-13 04:07:27'),(2,466,1287,'REGISTERED','2016-04-13 04:07:39'),(1,373,1019,'UNREGISTERED','2016-04-13 04:21:30'),(1,373,1017,'REGISTERED','2016-04-13 04:22:57'),(2,448,1254,'UNREGISTERED','2016-04-13 04:53:46'),(2,451,1254,'UNREGISTERED','2016-04-13 04:54:26'),(2,460,1241,'REGISTERED','2016-04-13 05:27:50'),(2,463,1241,'STANDBY','2016-04-13 05:28:17'),(2,464,1241,'REGISTERED','2016-04-13 05:28:31'),(2,449,1219,'REGISTERED','2016-04-13 06:21:03'),(2,457,1622,'REGISTERED','2016-04-13 08:10:40'),(2,457,1623,'REGISTERED','2016-04-13 08:12:50'),(2,476,1284,'REGISTERED','2016-04-13 09:51:22'),(2,471,1284,'REGISTERED','2016-04-13 09:51:28'),(2,469,1276,'UNREGISTERED','2016-04-13 11:17:51'),(2,459,1462,'REGISTERED','2016-04-13 12:22:20'),(2,452,1299,'REGISTERED','2016-04-13 14:07:53'),(2,448,1295,'REGISTERED','2016-04-13 14:33:39'),(1,375,1049,'UNREGISTERED','2016-04-13 15:19:44'),(2,447,1579,'REGISTERED','2016-04-13 15:40:43'),(2,448,1201,'REGISTERED','2016-04-13 16:05:25'),(1,480,1000,'REGISTERED','2016-04-13 16:05:32'),(1,480,1000,'UNREGISTERED','2016-04-13 16:05:33'),(2,449,1565,'REGISTERED','2016-04-13 16:08:01'),(2,452,1236,'UNREGISTERED','2016-04-13 16:16:59'),(2,454,1236,'UNREGISTERED','2016-04-13 16:17:23'),(2,448,1213,'REGISTERED','2016-04-13 16:18:11'),(2,448,1263,'UNREGISTERED','2016-04-13 16:46:26'),(2,450,1204,'UNREGISTERED','2016-04-13 17:21:56'),(2,451,1204,'REGISTERED','2016-04-13 17:22:08'),(2,458,1334,'UNREGISTERED','2016-04-14 03:18:03'),(2,470,1334,'REGISTERED','2016-04-14 03:20:38'),(2,470,1334,'UNREGISTERED','2016-04-14 03:20:38'),(2,470,1334,'REGISTERED','2016-04-14 03:20:38'),(2,474,1334,'UNREGISTERED','2016-04-14 03:21:28'),(2,474,1334,'UNREGISTERED','2016-04-14 03:21:28'),(1,480,1037,'UNREGISTERED','2016-04-14 04:03:51'),(1,480,1324,'REGISTERED','2016-04-14 06:48:31'),(2,452,1574,'REGISTERED','2016-04-14 07:38:05'),(2,469,1583,'REGISTERED','2016-04-14 09:01:59'),(2,469,1583,'STANDBY','2016-04-14 09:01:59'),(2,469,1583,'UNREGISTERED','2016-04-14 09:02:14'),(2,469,1583,'UNREGISTERED','2016-04-14 09:02:14'),(2,469,1583,'CANCEL_STANDBY','2016-04-14 09:02:14'),(2,469,1583,'REGISTERED','2016-04-14 09:02:21'),(2,469,1583,'STANDBY','2016-04-14 09:02:21'),(2,473,1583,'REGISTERED','2016-04-14 09:03:08'),(2,473,1583,'UNREGISTERED','2016-04-14 09:03:08'),(2,473,1583,'REGISTERED','2016-04-14 09:03:08'),(2,455,1279,'REGISTERED','2016-04-14 10:26:37'),(1,376,1296,'REGISTERED','2016-04-14 10:45:27'),(2,452,1364,'UNREGISTERED','2016-04-14 11:57:20'),(2,454,1364,'UNREGISTERED','2016-04-14 11:57:32'),(1,375,1142,'REGISTERED','2016-04-14 12:14:25'),(1,375,1142,'UNREGISTERED','2016-04-14 12:14:26'),(1,375,1142,'REGISTERED','2016-04-14 12:14:26'),(1,376,1142,'UNREGISTERED','2016-04-14 12:14:33'),(1,376,1142,'UNREGISTERED','2016-04-14 12:14:34'),(2,452,1590,'UNREGISTERED','2016-04-14 13:07:44'),(2,451,1235,'UNREGISTERED','2016-04-14 13:49:26'),(2,452,1235,'REGISTERED','2016-04-14 13:50:18'),(1,385,1041,'REGISTERED','2016-04-14 14:00:27'),(1,378,1113,'REGISTERED','2016-04-14 14:00:38'),(1,378,1126,'REGISTERED','2016-04-14 14:00:44'),(1,379,1113,'REGISTERED','2016-04-14 14:00:44'),(1,379,1052,'REGISTERED','2016-04-14 14:00:49'),(1,381,1113,'REGISTERED','2016-04-14 14:00:50'),(1,379,1084,'REGISTERED','2016-04-14 14:00:52'),(1,381,1126,'REGISTERED','2016-04-14 14:00:54'),(1,383,1113,'REGISTERED','2016-04-14 14:00:57'),(1,385,1084,'REGISTERED','2016-04-14 14:00:58'),(1,384,1126,'REGISTERED','2016-04-14 14:01:04'),(1,383,1052,'REGISTERED','2016-04-14 14:01:05'),(1,379,1051,'REGISTERED','2016-04-14 14:01:42'),(1,383,1051,'REGISTERED','2016-04-14 14:01:54'),(1,378,1016,'REGISTERED','2016-04-14 14:01:59'),(1,385,1051,'REGISTERED','2016-04-14 14:02:02'),(1,381,1016,'REGISTERED','2016-04-14 14:02:09'),(1,379,1026,'REGISTERED','2016-04-14 14:02:19'),(1,377,1051,'REGISTERED','2016-04-14 14:02:32'),(1,383,1026,'REGISTERED','2016-04-14 14:02:37'),(1,378,1081,'REGISTERED','2016-04-14 14:03:36'),(1,381,1081,'REGISTERED','2016-04-14 14:03:45'),(1,377,1012,'REGISTERED','2016-04-14 14:05:32'),(1,379,1042,'REGISTERED','2016-04-14 14:05:34'),(1,381,1012,'REGISTERED','2016-04-14 14:05:41'),(1,383,1042,'REGISTERED','2016-04-14 14:05:46'),(1,384,1042,'REGISTERED','2016-04-14 14:05:54'),(1,384,1012,'REGISTERED','2016-04-14 14:05:56'),(1,375,1042,'UNREGISTERED','2016-04-14 14:06:03'),(1,378,1047,'REGISTERED','2016-04-14 14:17:26'),(1,381,1047,'REGISTERED','2016-04-14 14:17:38'),(1,384,1047,'REGISTERED','2016-04-14 14:17:53'),(1,378,1013,'REGISTERED','2016-04-14 14:18:11'),(1,379,1013,'REGISTERED','2016-04-14 14:18:21'),(1,381,1013,'REGISTERED','2016-04-14 14:18:35'),(2,450,1331,'UNREGISTERED','2016-04-14 14:26:26'),(2,451,1300,'UNREGISTERED','2016-04-14 14:27:50'),(2,453,1300,'REGISTERED','2016-04-14 14:27:58'),(2,451,1301,'UNREGISTERED','2016-04-14 14:28:56'),(2,459,1084,'UNREGISTERED','2016-04-14 14:35:28'),(2,461,1084,'REGISTERED','2016-04-14 14:35:42'),(1,378,1087,'REGISTERED','2016-04-14 14:35:49'),(1,381,1087,'REGISTERED','2016-04-14 14:36:07'),(1,383,1087,'REGISTERED','2016-04-14 14:36:23'),(1,384,1087,'REGISTERED','2016-04-14 14:36:49'),(1,377,1019,'REGISTERED','2016-04-14 14:47:20'),(1,382,1019,'REGISTERED','2016-04-14 14:47:44'),(1,384,1019,'REGISTERED','2016-04-14 14:47:57'),(1,378,1107,'REGISTERED','2016-04-14 14:49:21'),(1,381,1107,'REGISTERED','2016-04-14 14:49:39'),(1,383,1107,'REGISTERED','2016-04-14 14:50:06'),(1,480,1134,'UNREGISTERED','2016-04-14 14:50:48'),(1,379,1134,'REGISTERED','2016-04-14 14:51:01'),(1,383,1134,'REGISTERED','2016-04-14 14:51:17'),(1,378,1071,'REGISTERED','2016-04-14 14:51:46'),(1,383,1062,'REGISTERED','2016-04-14 14:51:52'),(1,385,1062,'REGISTERED','2016-04-14 14:52:19'),(1,377,1044,'REGISTERED','2016-04-14 14:54:03'),(1,378,1023,'REGISTERED','2016-04-14 14:54:23'),(1,379,1023,'REGISTERED','2016-04-14 14:54:38'),(1,381,1023,'REGISTERED','2016-04-14 14:55:06'),(1,377,1066,'REGISTERED','2016-04-14 14:55:15'),(1,381,1066,'REGISTERED','2016-04-14 14:55:30'),(1,381,1044,'REGISTERED','2016-04-14 14:56:06'),(1,378,1117,'REGISTERED','2016-04-14 15:05:18'),(1,379,1117,'REGISTERED','2016-04-14 15:05:25'),(1,384,1117,'REGISTERED','2016-04-14 15:05:34'),(1,379,1313,'REGISTERED','2016-04-14 15:09:39'),(1,382,1313,'REGISTERED','2016-04-14 15:10:33'),(1,384,1313,'REGISTERED','2016-04-14 15:10:59'),(1,383,1049,'REGISTERED','2016-04-14 15:56:31'),(1,384,1049,'REGISTERED','2016-04-14 15:56:39'),(1,375,1064,'UNREGISTERED','2016-04-14 16:14:07'),(1,377,1029,'REGISTERED','2016-04-14 16:23:51'),(1,382,1029,'REGISTERED','2016-04-14 16:24:32'),(2,460,1287,'UNREGISTERED','2016-04-14 17:02:48'),(2,464,1287,'REGISTERED','2016-04-14 17:03:03'),(1,377,1076,'REGISTERED','2016-04-14 17:03:13'),(1,385,1037,'REGISTERED','2016-04-14 17:05:41'),(1,378,1037,'REGISTERED','2016-04-14 17:05:53'),(1,379,1037,'REGISTERED','2016-04-14 17:06:02'),(1,378,1121,'REGISTERED','2016-04-14 17:06:08'),(1,383,1037,'REGISTERED','2016-04-14 17:06:12'),(1,381,1121,'REGISTERED','2016-04-14 17:06:26'),(1,379,1067,'REGISTERED','2016-04-14 17:06:47'),(1,383,1067,'REGISTERED','2016-04-14 17:07:39'),(1,385,1067,'REGISTERED','2016-04-14 17:08:56'),(1,377,1043,'REGISTERED','2016-04-14 17:25:14'),(1,384,1043,'REGISTERED','2016-04-14 17:26:10'),(1,382,1043,'REGISTERED','2016-04-14 17:30:19'),(1,376,1120,'REGISTERED','2016-04-14 17:33:41'),(1,381,1074,'REGISTERED','2016-04-14 17:35:12'),(1,384,1074,'REGISTERED','2016-04-14 17:35:40'),(1,377,1019,'UNREGISTERED','2016-04-14 17:39:39'),(1,378,1127,'REGISTERED','2016-04-14 17:42:57'),(1,382,1019,'UNREGISTERED','2016-04-14 17:43:06'),(1,385,1127,'REGISTERED','2016-04-14 17:43:12'),(1,379,1022,'REGISTERED','2016-04-14 17:44:41'),(1,382,1022,'REGISTERED','2016-04-14 17:45:00'),(1,384,1022,'REGISTERED','2016-04-14 17:45:09'),(1,381,1193,'REGISTERED','2016-04-14 17:51:18'),(1,378,1123,'REGISTERED','2016-04-14 18:15:15'),(1,379,1123,'REGISTERED','2016-04-14 18:15:36'),(2,457,1307,'REGISTERED','2016-04-14 18:16:59'),(1,378,1296,'REGISTERED','2016-04-14 18:34:29'),(1,375,1087,'UNREGISTERED','2016-04-14 18:50:36'),(2,469,1478,'CANCEL_STANDBY','2016-04-14 19:48:53'),(2,469,1478,'REGISTERED','2016-04-14 19:48:55'),(2,457,1205,'REGISTERED','2016-04-14 20:07:29'),(2,457,1205,'UNREGISTERED','2016-04-14 20:07:30'),(2,457,1205,'REGISTERED','2016-04-14 20:07:37'),(2,460,1205,'REGISTERED','2016-04-14 20:07:47'),(1,376,1296,'UNREGISTERED','2016-04-14 20:25:31'),(1,375,1127,'REGISTERED','2016-04-14 20:29:30'),(1,376,1127,'UNREGISTERED','2016-04-14 20:29:36'),(2,453,1412,'UNREGISTERED','2016-04-14 21:06:51'),(2,460,1544,'REGISTERED','2016-04-14 21:29:44'),(1,375,1036,'UNREGISTERED','2016-04-14 21:30:28'),(2,456,1544,'UNREGISTERED','2016-04-14 21:31:28'),(2,456,1478,'CANCEL_STANDBY','2016-04-14 21:31:40'),(2,456,1478,'REGISTERED','2016-04-14 21:31:42'),(2,452,1565,'UNREGISTERED','2016-04-14 22:34:29'),(2,451,1443,'UNREGISTERED','2016-04-15 02:24:14'),(1,376,1043,'REGISTERED','2016-04-15 03:51:23'),(1,375,1043,'UNREGISTERED','2016-04-15 03:51:34'),(2,452,1209,'REGISTERED','2016-04-15 04:33:37'),(2,451,1534,'REGISTERED','2016-04-15 04:41:40'),(2,451,1534,'UNREGISTERED','2016-04-15 04:47:52'),(2,451,1534,'UNREGISTERED','2016-04-15 04:47:52'),(1,379,1054,'REGISTERED','2016-04-15 05:29:38'),(1,383,1054,'REGISTERED','2016-04-15 05:29:55'),(2,464,1210,'REGISTERED','2016-04-15 05:30:20'),(1,385,1054,'REGISTERED','2016-04-15 05:30:20'),(2,463,1210,'STANDBY','2016-04-15 05:30:33'),(2,452,1235,'UNREGISTERED','2016-04-15 05:59:39'),(1,385,1022,'REGISTERED','2016-04-15 06:05:51'),(1,384,1022,'UNREGISTERED','2016-04-15 06:05:56'),(1,377,1527,'REGISTERED','2016-04-15 06:54:08'),(1,385,1527,'REGISTERED','2016-04-15 06:55:09'),(2,466,1574,'REGISTERED','2016-04-15 06:58:56'),(1,378,1076,'REGISTERED','2016-04-15 07:16:23'),(2,466,1304,'STANDBY','2016-04-15 08:16:04'),(2,457,1559,'REGISTERED','2016-04-15 08:28:22'),(1,381,1012,'UNREGISTERED','2016-04-15 11:46:33'),(2,468,1239,'REGISTERED','2016-04-15 12:26:34'),(2,453,1142,'REGISTERED','2016-04-15 18:06:30'),(2,453,1248,'REGISTERED','2016-04-15 18:33:21'),(1,382,1142,'REGISTERED','2016-04-15 21:21:29'),(1,385,1142,'REGISTERED','2016-04-15 21:21:47'),(2,458,1142,'REGISTERED','2016-04-15 21:22:35'),(1,385,1616,'REGISTERED','2016-04-16 08:34:05'),(2,460,1258,'REGISTERED','2016-04-16 12:49:07'),(2,463,1397,'STANDBY','2016-04-16 19:06:15'),(2,464,1397,'REGISTERED','2016-04-16 19:45:27'),(1,381,1031,'REGISTERED','2016-04-16 20:03:57'),(1,377,1527,'UNREGISTERED','2016-04-17 03:33:33'),(2,455,1279,'UNREGISTERED','2016-04-17 03:42:46'),(2,456,1590,'UNREGISTERED','2016-04-17 05:50:55'),(2,456,1250,'CANCEL_STANDBY','2016-04-17 05:53:15'),(2,456,1250,'REGISTERED','2016-04-17 05:53:16'),(2,457,1250,'UNREGISTERED','2016-04-17 05:53:21'),(2,458,1549,'REGISTERED','2016-04-17 06:18:08'),(2,470,1583,'REGISTERED','2016-04-17 06:29:08'),(2,476,1583,'REGISTERED','2016-04-17 06:29:36'),(2,476,1583,'UNREGISTERED','2016-04-17 06:29:39'),(1,382,1064,'REGISTERED','2016-04-17 06:43:10'),(1,384,1064,'REGISTERED','2016-04-17 06:43:24'),(2,456,1230,'UNREGISTERED','2016-04-17 07:02:43'),(2,456,1230,'REGISTERED','2016-04-17 07:02:50'),(2,463,1230,'STANDBY','2016-04-17 07:04:12'),(2,458,1582,'REGISTERED','2016-04-17 07:54:50'),(2,456,1258,'UNREGISTERED','2016-04-17 09:57:27'),(2,456,1589,'CANCEL_STANDBY','2016-04-17 09:58:46'),(2,456,1589,'REGISTERED','2016-04-17 09:58:48'),(2,456,1258,'STANDBY','2016-04-17 10:05:49'),(2,456,1276,'CANCEL_STANDBY','2016-04-17 10:20:05'),(2,456,1258,'CANCEL_STANDBY','2016-04-17 10:36:52'),(1,378,1076,'UNREGISTERED','2016-04-17 10:58:40'),(2,463,1611,'UNREGISTERED','2016-04-17 11:19:45'),(2,463,1230,'CANCEL_STANDBY','2016-04-17 11:26:16'),(2,463,1230,'REGISTERED','2016-04-17 11:26:17'),(2,463,1248,'UNREGISTERED','2016-04-17 12:20:20'),(2,457,1248,'REGISTERED','2016-04-17 12:20:50'),(2,463,1397,'CANCEL_STANDBY','2016-04-17 12:24:39'),(2,463,1397,'REGISTERED','2016-04-17 12:24:40'),(2,464,1397,'UNREGISTERED','2016-04-17 12:25:58'),(2,458,1284,'REGISTERED','2016-04-17 13:13:15'),(1,378,1193,'REGISTERED','2016-04-17 13:42:05'),(2,458,1263,'REGISTERED','2016-04-17 13:53:12'),(1,378,1023,'UNREGISTERED','2016-04-17 14:23:40'),(1,378,1123,'UNREGISTERED','2016-04-17 14:48:13'),(2,457,1233,'UNREGISTERED','2016-04-17 15:12:32'),(1,378,1047,'UNREGISTERED','2016-04-17 15:23:03'),(1,379,1047,'REGISTERED','2016-04-17 15:23:35'),(1,378,1037,'UNREGISTERED','2016-04-17 15:31:29'),(2,459,1239,'REGISTERED','2016-04-17 15:52:02'),(2,466,1301,'STANDBY','2016-04-17 15:54:29'),(2,476,1568,'REGISTERED','2016-04-17 19:08:03'),(2,460,1307,'STANDBY','2016-04-17 19:12:12'),(1,381,1627,'REGISTERED','2016-04-17 19:20:34'),(1,381,1627,'UNREGISTERED','2016-04-17 19:20:38'),(1,381,1627,'REGISTERED','2016-04-17 19:20:44'),(2,458,1581,'REGISTERED','2016-04-17 19:47:10'),(1,381,1124,'REGISTERED','2016-04-17 20:50:29'),(2,460,1302,'STANDBY','2016-04-17 20:54:46'),(2,463,1302,'STANDBY','2016-04-17 20:55:31'),(2,470,1427,'REGISTERED','2016-04-18 06:22:01'),(2,464,1241,'UNREGISTERED','2016-04-18 07:13:06'),(2,461,1241,'REGISTERED','2016-04-18 07:13:19'),(2,464,1332,'REGISTERED','2016-04-18 07:46:16'),(2,468,1279,'REGISTERED','2016-04-18 11:33:56'),(2,460,1427,'STANDBY','2016-04-18 13:07:00'),(2,460,1427,'CANCEL_STANDBY','2016-04-18 13:07:12'),(2,473,1427,'REGISTERED','2016-04-18 13:08:07'),(1,383,1076,'REGISTERED','2016-04-18 15:03:23'),(1,379,1013,'UNREGISTERED','2016-04-18 15:06:14'),(1,379,1123,'UNREGISTERED','2016-04-18 15:38:06'),(1,379,1047,'UNREGISTERED','2016-04-18 15:40:55'),(1,379,1042,'UNREGISTERED','2016-04-18 15:53:46'),(1,379,1067,'UNREGISTERED','2016-04-18 16:18:40'),(1,379,1067,'UNREGISTERED','2016-04-18 16:18:40'),(1,379,1014,'REGISTERED','2016-04-18 16:23:44'),(1,379,1313,'UNREGISTERED','2016-04-18 16:31:39'),(1,379,1113,'UNREGISTERED','2016-04-18 16:34:08'),(1,379,1047,'REGISTERED','2016-04-18 16:35:26'),(1,379,1134,'UNREGISTERED','2016-04-18 16:37:00'),(1,379,1078,'REGISTERED','2016-04-18 16:42:14'),(1,379,1078,'UNREGISTERED','2016-04-18 16:42:16'),(2,463,1288,'UNREGISTERED','2016-04-18 17:08:37'),(2,463,1210,'CANCEL_STANDBY','2016-04-18 17:09:05'),(2,463,1210,'REGISTERED','2016-04-18 17:09:09'),(2,464,1210,'UNREGISTERED','2016-04-18 17:53:30'),(1,381,1627,'UNREGISTERED','2016-04-18 19:06:14'),(2,459,1209,'REGISTERED','2016-04-18 19:17:46'),(2,466,1209,'STANDBY','2016-04-18 19:17:58'),(2,461,1241,'UNREGISTERED','2016-04-18 19:56:24'),(2,460,1609,'UNREGISTERED','2016-04-18 20:30:22'),(2,460,1307,'CANCEL_STANDBY','2016-04-18 20:30:41'),(2,460,1307,'REGISTERED','2016-04-18 20:30:42'),(2,471,1287,'REGISTERED','2016-04-19 03:51:02'),(1,381,1107,'UNREGISTERED','2016-04-19 04:38:02'),(2,459,1230,'REGISTERED','2016-04-19 04:52:35'),(1,381,1296,'REGISTERED','2016-04-19 06:46:47'),(2,464,1281,'REGISTERED','2016-04-19 07:40:13'),(1,381,1047,'UNREGISTERED','2016-04-19 07:56:20'),(1,383,1047,'REGISTERED','2016-04-19 07:56:31'),(1,382,1638,'REGISTERED','2016-04-19 09:28:19'),(1,385,1638,'REGISTERED','2016-04-19 09:28:57'),(1,383,1120,'REGISTERED','2016-04-19 10:00:35'),(1,381,1066,'UNREGISTERED','2016-04-19 10:57:40'),(1,381,1066,'UNREGISTERED','2016-04-19 10:57:41'),(2,474,1602,'REGISTERED','2016-04-19 11:03:26'),(1,381,1193,'UNREGISTERED','2016-04-19 11:07:39'),(2,464,1477,'REGISTERED','2016-04-19 11:59:09'),(2,472,1084,'UNREGISTERED','2016-04-19 12:14:53'),(2,474,1084,'REGISTERED','2016-04-19 12:15:14'),(2,476,1248,'REGISTERED','2016-04-19 12:50:03'),(2,464,1343,'REGISTERED','2016-04-19 13:12:16'),(1,381,1031,'UNREGISTERED','2016-04-19 13:14:26'),(2,469,1301,'STANDBY','2016-04-19 13:21:15'),(2,468,1301,'REGISTERED','2016-04-19 13:21:30'),(2,471,1301,'REGISTERED','2016-04-19 13:21:51'),(2,473,1301,'REGISTERED','2016-04-19 13:22:07'),(2,470,1544,'REGISTERED','2016-04-19 13:28:18'),(1,381,1074,'UNREGISTERED','2016-04-19 13:37:54'),(2,459,1235,'REGISTERED','2016-04-19 14:17:19'),(2,463,1230,'UNREGISTERED','2016-04-19 14:38:22'),(2,461,1251,'REGISTERED','2016-04-19 14:43:12'),(2,466,1230,'STANDBY','2016-04-19 15:19:27'),(1,381,1044,'UNREGISTERED','2016-04-19 15:21:57'),(1,381,1313,'REGISTERED','2016-04-19 15:23:49'),(1,381,1313,'UNREGISTERED','2016-04-19 15:23:50'),(1,381,1313,'REGISTERED','2016-04-19 15:24:10'),(1,382,1313,'UNREGISTERED','2016-04-19 15:24:52'),(1,381,1013,'UNREGISTERED','2016-04-19 15:25:27'),(1,381,1113,'UNREGISTERED','2016-04-19 15:57:08'),(2,463,1235,'UNREGISTERED','2016-04-19 16:58:42'),(2,461,1582,'REGISTERED','2016-04-19 19:25:21'),(1,385,1142,'UNREGISTERED','2016-04-19 19:55:10'),(2,464,1426,'REGISTERED','2016-04-19 20:52:54'),(1,382,1120,'REGISTERED','2016-04-19 21:22:47'),(1,383,1120,'UNREGISTERED','2016-04-19 21:22:54'),(2,464,1205,'REGISTERED','2016-04-19 22:08:59'),(1,382,1120,'UNREGISTERED','2016-04-19 23:47:01'),(1,382,1022,'UNREGISTERED','2016-04-20 04:28:20'),(2,465,1251,'REGISTERED','2016-04-20 04:52:21'),(2,463,1304,'UNREGISTERED','2016-04-20 05:28:28'),(2,463,1579,'REGISTERED','2016-04-20 08:44:56'),(1,383,1049,'UNREGISTERED','2016-04-20 08:55:22'),(2,474,1299,'REGISTERED','2016-04-20 11:36:01'),(1,383,1062,'UNREGISTERED','2016-04-20 15:06:56'),(1,383,1107,'UNREGISTERED','2016-04-20 15:32:48'),(2,464,1307,'REGISTERED','2016-04-20 15:34:40'),(1,383,1134,'UNREGISTERED','2016-04-20 16:06:14'),(1,383,1026,'UNREGISTERED','2016-04-20 16:27:39'),(1,383,1026,'REGISTERED','2016-04-20 16:27:40'),(1,383,1026,'UNREGISTERED','2016-04-20 16:27:44'),(2,463,1477,'REGISTERED','2016-04-20 16:41:01'),(2,463,1477,'UNREGISTERED','2016-04-20 16:41:02'),(2,465,1276,'UNREGISTERED','2016-04-20 16:45:45'),(2,465,1463,'REGISTERED','2016-04-20 19:52:58'),(2,476,1209,'REGISTERED','2016-04-21 04:04:11'),(2,476,1209,'UNREGISTERED','2016-04-21 04:04:30'),(2,466,1240,'UNREGISTERED','2016-04-21 06:45:00'),(2,466,1230,'CANCEL_STANDBY','2016-04-21 06:45:16'),(2,466,1230,'REGISTERED','2016-04-21 06:45:18'),(2,470,1241,'REGISTERED','2016-04-21 10:59:15'),(2,473,1241,'REGISTERED','2016-04-21 10:59:24'),(2,476,1241,'REGISTERED','2016-04-21 10:59:35'),(2,466,1233,'UNREGISTERED','2016-04-21 12:48:11'),(2,470,1233,'REGISTERED','2016-04-21 12:51:07'),(2,477,1233,'REGISTERED','2016-04-21 12:51:31'),(2,466,1209,'CANCEL_STANDBY','2016-04-21 13:07:02'),(2,466,1209,'REGISTERED','2016-04-21 13:07:03'),(2,465,1309,'UNREGISTERED','2016-04-21 13:12:33'),(1,388,1084,'REGISTERED','2016-04-21 14:01:27'),(1,481,1041,'REGISTERED','2016-04-21 14:01:29'),(1,387,1052,'REGISTERED','2016-04-21 14:01:30'),(1,388,1052,'REGISTERED','2016-04-21 14:01:36'),(1,387,1031,'REGISTERED','2016-04-21 14:01:41'),(1,387,1031,'UNREGISTERED','2016-04-21 14:01:41'),(1,387,1031,'REGISTERED','2016-04-21 14:01:41'),(1,387,1037,'REGISTERED','2016-04-21 14:01:45'),(1,388,1041,'REGISTERED','2016-04-21 14:01:50'),(1,391,1037,'REGISTERED','2016-04-21 14:01:57'),(1,389,1031,'REGISTERED','2016-04-21 14:01:57'),(1,389,1031,'UNREGISTERED','2016-04-21 14:01:57'),(1,389,1031,'REGISTERED','2016-04-21 14:01:57'),(1,481,1037,'REGISTERED','2016-04-21 14:02:05'),(1,388,1067,'REGISTERED','2016-04-21 14:05:41'),(1,387,1081,'REGISTERED','2016-04-21 14:05:54'),(1,389,1081,'REGISTERED','2016-04-21 14:06:05'),(1,386,1012,'REGISTERED','2016-04-21 14:06:12'),(1,481,1012,'REGISTERED','2016-04-21 14:06:26'),(1,481,1067,'REGISTERED','2016-04-21 14:06:31'),(1,481,1087,'REGISTERED','2016-04-21 14:26:31'),(2,471,1574,'REGISTERED','2016-04-21 14:29:42'),(1,386,1313,'REGISTERED','2016-04-21 14:36:30'),(1,387,1049,'REGISTERED','2016-04-21 14:37:16'),(1,388,1049,'REGISTERED','2016-04-21 14:37:23'),(1,389,1049,'REGISTERED','2016-04-21 14:37:28'),(1,389,1313,'REGISTERED','2016-04-21 14:37:29'),(1,481,1049,'REGISTERED','2016-04-21 14:38:17'),(1,481,1313,'REGISTERED','2016-04-21 14:38:24'),(1,388,1051,'REGISTERED','2016-04-21 14:38:52'),(1,391,1051,'REGISTERED','2016-04-21 14:39:01'),(1,481,1051,'REGISTERED','2016-04-21 14:39:08'),(1,387,1047,'REGISTERED','2016-04-21 14:52:40'),(1,389,1047,'REGISTERED','2016-04-21 14:52:59'),(1,481,1047,'REGISTERED','2016-04-21 14:53:20'),(2,466,1287,'UNREGISTERED','2016-04-21 15:10:36'),(2,466,1304,'CANCEL_STANDBY','2016-04-21 15:16:10'),(2,466,1304,'REGISTERED','2016-04-21 15:16:11'),(1,386,1019,'REGISTERED','2016-04-21 15:21:49'),(1,481,1019,'REGISTERED','2016-04-21 15:22:18'),(1,387,1107,'REGISTERED','2016-04-21 16:03:08'),(1,387,1127,'REGISTERED','2016-04-21 16:03:17'),(1,389,1107,'REGISTERED','2016-04-21 16:03:21'),(1,387,1062,'REGISTERED','2016-04-21 16:03:32'),(1,391,1107,'REGISTERED','2016-04-21 16:03:34'),(1,388,1062,'REGISTERED','2016-04-21 16:03:41'),(1,389,1066,'REGISTERED','2016-04-21 16:03:45'),(1,389,1062,'REGISTERED','2016-04-21 16:03:52'),(1,391,1062,'REGISTERED','2016-04-21 16:04:02'),(1,387,1066,'REGISTERED','2016-04-21 16:04:11'),(1,388,1127,'REGISTERED','2016-04-21 16:04:24'),(1,481,1062,'REGISTERED','2016-04-21 16:04:29'),(1,388,1022,'REGISTERED','2016-04-21 16:05:47'),(1,391,1022,'REGISTERED','2016-04-21 16:06:03'),(1,386,1638,'REGISTERED','2016-04-21 16:06:15'),(1,481,1022,'REGISTERED','2016-04-21 16:06:22'),(1,388,1638,'REGISTERED','2016-04-21 16:06:54'),(1,391,1638,'REGISTERED','2016-04-21 16:07:11'),(1,481,1638,'REGISTERED','2016-04-21 16:07:37'),(1,391,1638,'UNREGISTERED','2016-04-21 16:07:45'),(1,386,1627,'REGISTERED','2016-04-21 16:12:21'),(1,387,1016,'REGISTERED','2016-04-21 16:19:27'),(1,389,1016,'REGISTERED','2016-04-21 16:19:47'),(1,388,1134,'REGISTERED','2016-04-21 16:35:30'),(1,391,1134,'REGISTERED','2016-04-21 16:35:41'),(1,387,1117,'REGISTERED','2016-04-21 16:43:12'),(1,388,1117,'REGISTERED','2016-04-21 16:43:19'),(1,481,1117,'REGISTERED','2016-04-21 16:43:33'),(2,468,1240,'UNREGISTERED','2016-04-21 16:47:11'),(2,468,1240,'UNREGISTERED','2016-04-21 16:47:11'),(2,476,1240,'UNREGISTERED','2016-04-21 16:47:25'),(2,476,1240,'UNREGISTERED','2016-04-21 16:47:25'),(1,387,1071,'REGISTERED','2016-04-21 17:00:22'),(1,385,1071,'REGISTERED','2016-04-21 17:01:02'),(1,388,1042,'REGISTERED','2016-04-21 17:18:50'),(1,391,1042,'REGISTERED','2016-04-21 17:18:58'),(1,388,1026,'REGISTERED','2016-04-21 17:27:39'),(1,391,1026,'REGISTERED','2016-04-21 17:27:51'),(1,388,1054,'REGISTERED','2016-04-21 17:27:57'),(1,391,1054,'REGISTERED','2016-04-21 17:28:10'),(1,481,1026,'REGISTERED','2016-04-21 17:28:26'),(1,386,1029,'REGISTERED','2016-04-21 17:33:43'),(1,481,1029,'REGISTERED','2016-04-21 17:34:18'),(1,386,1044,'REGISTERED','2016-04-21 17:52:47'),(1,481,1142,'REGISTERED','2016-04-21 17:58:15'),(2,473,1210,'REGISTERED','2016-04-21 19:25:41'),(1,384,1087,'UNREGISTERED','2016-04-21 20:23:21'),(2,468,1278,'REGISTERED','2016-04-21 21:44:28'),(1,385,1638,'UNREGISTERED','2016-04-22 03:00:22'),(1,387,1124,'REGISTERED','2016-04-22 06:27:24'),(2,472,1230,'REGISTERED','2016-04-22 06:59:11'),(2,476,1230,'REGISTERED','2016-04-22 06:59:26'),(1,391,1087,'REGISTERED','2016-04-22 11:10:00'),(2,471,1549,'REGISTERED','2016-04-23 07:16:45'),(2,470,1205,'REGISTERED','2016-04-23 08:20:25'),(2,470,1233,'UNREGISTERED','2016-04-23 08:25:07'),(2,470,1307,'REGISTERED','2016-04-23 09:13:43'),(2,470,1343,'REGISTERED','2016-04-23 09:43:49'),(2,467,1221,'REGISTERED','2016-04-23 09:58:11'),(2,470,1544,'UNREGISTERED','2016-04-23 11:35:02'),(2,471,1544,'REGISTERED','2016-04-23 11:35:27'),(2,476,1583,'REGISTERED','2016-04-23 16:11:41');
/*!40000 ALTER TABLE `registration` ENABLE KEYS */;
UNLOCK TABLES;
/*!40103 SET TIME_ZONE=@OLD_TIME_ZONE */;

/*!40101 SET SQL_MODE=@OLD_SQL_MODE */;
/*!40014 SET FOREIGN_KEY_CHECKS=@OLD_FOREIGN_KEY_CHECKS */;
/*!40014 SET UNIQUE_CHECKS=@OLD_UNIQUE_CHECKS */;
/*!40101 SET CHARACTER_SET_CLIENT=@OLD_CHARACTER_SET_CLIENT */;
/*!40101 SET CHARACTER_SET_RESULTS=@OLD_CHARACTER_SET_RESULTS */;
/*!40101 SET COLLATION_CONNECTION=@OLD_COLLATION_CONNECTION */;
/*!40111 SET SQL_NOTES=@OLD_SQL_NOTES */;

-- Dump completed on 2016-04-23 19:48:34
